[0.333s] DEBUG:colcon:Command line arguments: ['/usr/bin/colcon', 'build', '--packages-select', 'recording_scene_cpp', '--event-handlers', 'console_direct+']
[0.333s] DEBUG:colcon:Parsed command line arguments: Namespace(log_base=None, log_level=None, verb_name='build', build_base='build', install_base='install', merge_install=False, symlink_install=False, test_result_base=None, continue_on_error=False, executor='parallel', parallel_workers=16, event_handlers=['console_direct+'], ignore_user_meta=False, metas=['./colcon.meta'], base_paths=['.'], packages_ignore=None, packages_ignore_regex=None, paths=None, packages_up_to=None, packages_up_to_regex=None, packages_above=None, packages_above_and_dependencies=None, packages_above_depth=None, packages_select_by_dep=None, packages_skip_by_dep=None, packages_skip_up_to=None, packages_select_build_failed=False, packages_skip_build_finished=False, packages_select_test_failures=False, packages_skip_test_passed=False, packages_select=['recording_scene_cpp'], packages_skip=None, packages_select_regex=None, packages_skip_regex=None, packages_start=None, packages_end=None, allow_overriding=[], cmake_args=None, cmake_target=None, cmake_target_skip_unavailable=False, cmake_clean_cache=False, cmake_clean_first=False, cmake_force_configure=False, ament_cmake_args=None, catkin_cmake_args=None, catkin_skip_building_tests=False, verb_parser=<colcon_defaults.argument_parser.defaults.DefaultArgumentsDecorator object at 0x72668ecda090>, verb_extension=<colcon_core.verb.build.BuildVerb object at 0x72668ecd9df0>, main=<bound method BuildVerb.main of <colcon_core.verb.build.BuildVerb object at 0x72668ecd9df0>>)
[0.408s] Level 1:colcon.colcon_core.package_discovery:discover_packages(colcon_meta) check parameters
[0.408s] Level 1:colcon.colcon_core.package_discovery:discover_packages(recursive) check parameters
[0.408s] Level 1:colcon.colcon_core.package_discovery:discover_packages(ignore) check parameters
[0.408s] Level 1:colcon.colcon_core.package_discovery:discover_packages(path) check parameters
[0.408s] Level 1:colcon.colcon_core.package_discovery:discover_packages(colcon_meta) discover
[0.408s] Level 1:colcon.colcon_core.package_discovery:discover_packages(recursive) discover
[0.408s] INFO:colcon.colcon_core.package_discovery:Crawling recursively for packages in '/home/olhamelnyk/colcon_venv/src'
[0.408s] Level 1:colcon.colcon_core.package_identification:_identify(.) by extensions ['ignore', 'ignore_ament_install']
[0.409s] Level 1:colcon.colcon_core.package_identification:_identify(.) by extension 'ignore'
[0.409s] Level 1:colcon.colcon_core.package_identification:_identify(.) by extension 'ignore_ament_install'
[0.409s] Level 1:colcon.colcon_core.package_identification:_identify(.) by extensions ['colcon_pkg']
[0.409s] Level 1:colcon.colcon_core.package_identification:_identify(.) by extension 'colcon_pkg'
[0.409s] Level 1:colcon.colcon_core.package_identification:_identify(.) by extensions ['colcon_meta']
[0.409s] Level 1:colcon.colcon_core.package_identification:_identify(.) by extension 'colcon_meta'
[0.409s] Level 1:colcon.colcon_core.package_identification:_identify(.) by extensions ['ros']
[0.409s] Level 1:colcon.colcon_core.package_identification:_identify(.) by extension 'ros'
[0.496s] Level 1:colcon.colcon_core.package_identification:_identify(.) by extensions ['cmake', 'python']
[0.496s] Level 1:colcon.colcon_core.package_identification:_identify(.) by extension 'cmake'
[0.496s] Level 1:colcon.colcon_core.package_identification:_identify(.) by extension 'python'
[0.496s] Level 1:colcon.colcon_core.package_identification:_identify(.) by extensions ['python_setup_py']
[0.496s] Level 1:colcon.colcon_core.package_identification:_identify(.) by extension 'python_setup_py'
[0.496s] Level 1:colcon.colcon_core.package_identification:_identify(__pycache__) by extensions ['ignore', 'ignore_ament_install']
[0.497s] Level 1:colcon.colcon_core.package_identification:_identify(__pycache__) by extension 'ignore'
[0.497s] Level 1:colcon.colcon_core.package_identification:_identify(__pycache__) by extension 'ignore_ament_install'
[0.497s] Level 1:colcon.colcon_core.package_identification:_identify(__pycache__) by extensions ['colcon_pkg']
[0.497s] Level 1:colcon.colcon_core.package_identification:_identify(__pycache__) by extension 'colcon_pkg'
[0.497s] Level 1:colcon.colcon_core.package_identification:_identify(__pycache__) by extensions ['colcon_meta']
[0.497s] Level 1:colcon.colcon_core.package_identification:_identify(__pycache__) by extension 'colcon_meta'
[0.497s] Level 1:colcon.colcon_core.package_identification:_identify(__pycache__) by extensions ['ros']
[0.497s] Level 1:colcon.colcon_core.package_identification:_identify(__pycache__) by extension 'ros'
[0.497s] Level 1:colcon.colcon_core.package_identification:_identify(__pycache__) by extensions ['cmake', 'python']
[0.497s] Level 1:colcon.colcon_core.package_identification:_identify(__pycache__) by extension 'cmake'
[0.497s] Level 1:colcon.colcon_core.package_identification:_identify(__pycache__) by extension 'python'
[0.497s] Level 1:colcon.colcon_core.package_identification:_identify(__pycache__) by extensions ['python_setup_py']
[0.497s] Level 1:colcon.colcon_core.package_identification:_identify(__pycache__) by extension 'python_setup_py'
[0.497s] Level 1:colcon.colcon_core.package_identification:_identify(apriltagdetection) by extensions ['ignore', 'ignore_ament_install']
[0.498s] Level 1:colcon.colcon_core.package_identification:_identify(apriltagdetection) by extension 'ignore'
[0.498s] Level 1:colcon.colcon_core.package_identification:_identify(apriltagdetection) by extension 'ignore_ament_install'
[0.498s] Level 1:colcon.colcon_core.package_identification:_identify(apriltagdetection) by extensions ['colcon_pkg']
[0.498s] Level 1:colcon.colcon_core.package_identification:_identify(apriltagdetection) by extension 'colcon_pkg'
[0.498s] Level 1:colcon.colcon_core.package_identification:_identify(apriltagdetection) by extensions ['colcon_meta']
[0.498s] Level 1:colcon.colcon_core.package_identification:_identify(apriltagdetection) by extension 'colcon_meta'
[0.498s] Level 1:colcon.colcon_core.package_identification:_identify(apriltagdetection) by extensions ['ros']
[0.498s] Level 1:colcon.colcon_core.package_identification:_identify(apriltagdetection) by extension 'ros'
[0.502s] DEBUG:colcon.colcon_core.package_identification:Package 'apriltagdetection' with type 'ros.ament_cmake' and name 'apriltagdetection'
[0.503s] Level 1:colcon.colcon_core.package_identification:_identify(async_pupil_wrapper) by extensions ['ignore', 'ignore_ament_install']
[0.503s] Level 1:colcon.colcon_core.package_identification:_identify(async_pupil_wrapper) by extension 'ignore'
[0.503s] Level 1:colcon.colcon_core.package_identification:_identify(async_pupil_wrapper) by extension 'ignore_ament_install'
[0.503s] Level 1:colcon.colcon_core.package_identification:_identify(async_pupil_wrapper) by extensions ['colcon_pkg']
[0.503s] Level 1:colcon.colcon_core.package_identification:_identify(async_pupil_wrapper) by extension 'colcon_pkg'
[0.503s] Level 1:colcon.colcon_core.package_identification:_identify(async_pupil_wrapper) by extensions ['colcon_meta']
[0.503s] Level 1:colcon.colcon_core.package_identification:_identify(async_pupil_wrapper) by extension 'colcon_meta'
[0.503s] Level 1:colcon.colcon_core.package_identification:_identify(async_pupil_wrapper) by extensions ['ros']
[0.503s] Level 1:colcon.colcon_core.package_identification:_identify(async_pupil_wrapper) by extension 'ros'
[0.504s] DEBUG:colcon.colcon_core.package_identification:Package 'async_pupil_wrapper' with type 'ros.ament_python' and name 'async_pupil_wrapper'
[0.504s] Level 1:colcon.colcon_core.package_identification:_identify(blink_interface ) by extensions ['ignore', 'ignore_ament_install']
[0.505s] Level 1:colcon.colcon_core.package_identification:_identify(blink_interface ) by extension 'ignore'
[0.505s] Level 1:colcon.colcon_core.package_identification:_identify(blink_interface ) by extension 'ignore_ament_install'
[0.505s] Level 1:colcon.colcon_core.package_identification:_identify(blink_interface ) by extensions ['colcon_pkg']
[0.505s] Level 1:colcon.colcon_core.package_identification:_identify(blink_interface ) by extension 'colcon_pkg'
[0.505s] Level 1:colcon.colcon_core.package_identification:_identify(blink_interface ) by extensions ['colcon_meta']
[0.505s] Level 1:colcon.colcon_core.package_identification:_identify(blink_interface ) by extension 'colcon_meta'
[0.505s] Level 1:colcon.colcon_core.package_identification:_identify(blink_interface ) by extensions ['ros']
[0.505s] Level 1:colcon.colcon_core.package_identification:_identify(blink_interface ) by extension 'ros'
[0.505s] Level 1:colcon.colcon_core.package_identification:_identify(blink_interface ) by extensions ['cmake', 'python']
[0.505s] Level 1:colcon.colcon_core.package_identification:_identify(blink_interface ) by extension 'cmake'
[0.505s] Level 1:colcon.colcon_core.package_identification:_identify(blink_interface ) by extension 'python'
[0.506s] Level 1:colcon.colcon_core.package_identification:_identify(blink_interface ) by extensions ['python_setup_py']
[0.506s] Level 1:colcon.colcon_core.package_identification:_identify(blink_interface ) by extension 'python_setup_py'
[0.506s] Level 1:colcon.colcon_core.package_identification:_identify(blink_interface /blink_interface ) by extensions ['ignore', 'ignore_ament_install']
[0.506s] Level 1:colcon.colcon_core.package_identification:_identify(blink_interface /blink_interface ) by extension 'ignore'
[0.506s] Level 1:colcon.colcon_core.package_identification:_identify(blink_interface /blink_interface ) by extension 'ignore_ament_install'
[0.506s] Level 1:colcon.colcon_core.package_identification:_identify(blink_interface /blink_interface ) by extensions ['colcon_pkg']
[0.506s] Level 1:colcon.colcon_core.package_identification:_identify(blink_interface /blink_interface ) by extension 'colcon_pkg'
[0.506s] Level 1:colcon.colcon_core.package_identification:_identify(blink_interface /blink_interface ) by extensions ['colcon_meta']
[0.506s] Level 1:colcon.colcon_core.package_identification:_identify(blink_interface /blink_interface ) by extension 'colcon_meta'
[0.506s] Level 1:colcon.colcon_core.package_identification:_identify(blink_interface /blink_interface ) by extensions ['ros']
[0.506s] Level 1:colcon.colcon_core.package_identification:_identify(blink_interface /blink_interface ) by extension 'ros'
[0.508s] DEBUG:colcon.colcon_core.package_identification:Package 'blink_interface /blink_interface ' with type 'ros.ament_cmake' and name 'blink_interface'
[0.508s] Level 1:colcon.colcon_core.package_identification:_identify(build) by extensions ['ignore', 'ignore_ament_install']
[0.508s] Level 1:colcon.colcon_core.package_identification:_identify(build) by extension 'ignore'
[0.508s] Level 1:colcon.colcon_core.package_identification:_identify(build) ignored
[0.508s] Level 1:colcon.colcon_core.package_identification:_identify(egocentric_msg) by extensions ['ignore', 'ignore_ament_install']
[0.509s] Level 1:colcon.colcon_core.package_identification:_identify(egocentric_msg) by extension 'ignore'
[0.509s] Level 1:colcon.colcon_core.package_identification:_identify(egocentric_msg) by extension 'ignore_ament_install'
[0.509s] Level 1:colcon.colcon_core.package_identification:_identify(egocentric_msg) by extensions ['colcon_pkg']
[0.509s] Level 1:colcon.colcon_core.package_identification:_identify(egocentric_msg) by extension 'colcon_pkg'
[0.509s] Level 1:colcon.colcon_core.package_identification:_identify(egocentric_msg) by extensions ['colcon_meta']
[0.509s] Level 1:colcon.colcon_core.package_identification:_identify(egocentric_msg) by extension 'colcon_meta'
[0.509s] Level 1:colcon.colcon_core.package_identification:_identify(egocentric_msg) by extensions ['ros']
[0.509s] Level 1:colcon.colcon_core.package_identification:_identify(egocentric_msg) by extension 'ros'
[0.511s] DEBUG:colcon.colcon_core.package_identification:Package 'egocentric_msg' with type 'ros.ament_cmake' and name 'egocentric_msg'
[0.513s] Level 1:colcon.colcon_core.package_identification:_identify(gaze_interface) by extensions ['ignore', 'ignore_ament_install']
[0.515s] Level 1:colcon.colcon_core.package_identification:_identify(gaze_interface) by extension 'ignore'
[0.515s] Level 1:colcon.colcon_core.package_identification:_identify(gaze_interface) by extension 'ignore_ament_install'
[0.515s] Level 1:colcon.colcon_core.package_identification:_identify(gaze_interface) by extensions ['colcon_pkg']
[0.515s] Level 1:colcon.colcon_core.package_identification:_identify(gaze_interface) by extension 'colcon_pkg'
[0.515s] Level 1:colcon.colcon_core.package_identification:_identify(gaze_interface) by extensions ['colcon_meta']
[0.515s] Level 1:colcon.colcon_core.package_identification:_identify(gaze_interface) by extension 'colcon_meta'
[0.515s] Level 1:colcon.colcon_core.package_identification:_identify(gaze_interface) by extensions ['ros']
[0.515s] Level 1:colcon.colcon_core.package_identification:_identify(gaze_interface) by extension 'ros'
[0.518s] DEBUG:colcon.colcon_core.package_identification:Package 'gaze_interface' with type 'ros.ament_cmake' and name 'gaze_interface'
[0.519s] Level 1:colcon.colcon_core.package_identification:_identify(imu_interface) by extensions ['ignore', 'ignore_ament_install']
[0.519s] Level 1:colcon.colcon_core.package_identification:_identify(imu_interface) by extension 'ignore'
[0.519s] Level 1:colcon.colcon_core.package_identification:_identify(imu_interface) by extension 'ignore_ament_install'
[0.519s] Level 1:colcon.colcon_core.package_identification:_identify(imu_interface) by extensions ['colcon_pkg']
[0.520s] Level 1:colcon.colcon_core.package_identification:_identify(imu_interface) by extension 'colcon_pkg'
[0.520s] Level 1:colcon.colcon_core.package_identification:_identify(imu_interface) by extensions ['colcon_meta']
[0.520s] Level 1:colcon.colcon_core.package_identification:_identify(imu_interface) by extension 'colcon_meta'
[0.520s] Level 1:colcon.colcon_core.package_identification:_identify(imu_interface) by extensions ['ros']
[0.520s] Level 1:colcon.colcon_core.package_identification:_identify(imu_interface) by extension 'ros'
[0.522s] DEBUG:colcon.colcon_core.package_identification:Package 'imu_interface' with type 'ros.ament_cmake' and name 'imu_interface'
[0.523s] Level 1:colcon.colcon_core.package_identification:_identify(install) by extensions ['ignore', 'ignore_ament_install']
[0.523s] Level 1:colcon.colcon_core.package_identification:_identify(install) by extension 'ignore'
[0.523s] Level 1:colcon.colcon_core.package_identification:_identify(install) ignored
[0.523s] Level 1:colcon.colcon_core.package_identification:_identify(latency_tools) by extensions ['ignore', 'ignore_ament_install']
[0.523s] Level 1:colcon.colcon_core.package_identification:_identify(latency_tools) by extension 'ignore'
[0.524s] Level 1:colcon.colcon_core.package_identification:_identify(latency_tools) by extension 'ignore_ament_install'
[0.524s] Level 1:colcon.colcon_core.package_identification:_identify(latency_tools) by extensions ['colcon_pkg']
[0.524s] Level 1:colcon.colcon_core.package_identification:_identify(latency_tools) by extension 'colcon_pkg'
[0.524s] Level 1:colcon.colcon_core.package_identification:_identify(latency_tools) by extensions ['colcon_meta']
[0.524s] Level 1:colcon.colcon_core.package_identification:_identify(latency_tools) by extension 'colcon_meta'
[0.524s] Level 1:colcon.colcon_core.package_identification:_identify(latency_tools) by extensions ['ros']
[0.524s] Level 1:colcon.colcon_core.package_identification:_identify(latency_tools) by extension 'ros'
[0.526s] DEBUG:colcon.colcon_core.package_identification:Package 'latency_tools' with type 'ros.ament_python' and name 'latency_tools'
[0.526s] Level 1:colcon.colcon_core.package_identification:_identify(log) by extensions ['ignore', 'ignore_ament_install']
[0.526s] Level 1:colcon.colcon_core.package_identification:_identify(log) by extension 'ignore'
[0.526s] Level 1:colcon.colcon_core.package_identification:_identify(log) ignored
[0.526s] Level 1:colcon.colcon_core.package_identification:_identify(pupil_labs_wrapper) by extensions ['ignore', 'ignore_ament_install']
[0.526s] Level 1:colcon.colcon_core.package_identification:_identify(pupil_labs_wrapper) by extension 'ignore'
[0.527s] Level 1:colcon.colcon_core.package_identification:_identify(pupil_labs_wrapper) by extension 'ignore_ament_install'
[0.527s] Level 1:colcon.colcon_core.package_identification:_identify(pupil_labs_wrapper) by extensions ['colcon_pkg']
[0.527s] Level 1:colcon.colcon_core.package_identification:_identify(pupil_labs_wrapper) by extension 'colcon_pkg'
[0.527s] Level 1:colcon.colcon_core.package_identification:_identify(pupil_labs_wrapper) by extensions ['colcon_meta']
[0.527s] Level 1:colcon.colcon_core.package_identification:_identify(pupil_labs_wrapper) by extension 'colcon_meta'
[0.527s] Level 1:colcon.colcon_core.package_identification:_identify(pupil_labs_wrapper) by extensions ['ros']
[0.527s] Level 1:colcon.colcon_core.package_identification:_identify(pupil_labs_wrapper) by extension 'ros'
[0.529s] DEBUG:colcon.colcon_core.package_identification:Package 'pupil_labs_wrapper' with type 'ros.ament_python' and name 'pupil_labs_wrapper'
[0.529s] Level 1:colcon.colcon_core.package_identification:_identify(recording_blink) by extensions ['ignore', 'ignore_ament_install']
[0.529s] Level 1:colcon.colcon_core.package_identification:_identify(recording_blink) by extension 'ignore'
[0.529s] Level 1:colcon.colcon_core.package_identification:_identify(recording_blink) by extension 'ignore_ament_install'
[0.529s] Level 1:colcon.colcon_core.package_identification:_identify(recording_blink) by extensions ['colcon_pkg']
[0.530s] Level 1:colcon.colcon_core.package_identification:_identify(recording_blink) by extension 'colcon_pkg'
[0.530s] Level 1:colcon.colcon_core.package_identification:_identify(recording_blink) by extensions ['colcon_meta']
[0.530s] Level 1:colcon.colcon_core.package_identification:_identify(recording_blink) by extension 'colcon_meta'
[0.530s] Level 1:colcon.colcon_core.package_identification:_identify(recording_blink) by extensions ['ros']
[0.530s] Level 1:colcon.colcon_core.package_identification:_identify(recording_blink) by extension 'ros'
[0.532s] DEBUG:colcon.colcon_core.package_identification:Package 'recording_blink' with type 'ros.ament_python' and name 'recording_blink'
[0.533s] Level 1:colcon.colcon_core.package_identification:_identify(recording_controller_pkg) by extensions ['ignore', 'ignore_ament_install']
[0.533s] Level 1:colcon.colcon_core.package_identification:_identify(recording_controller_pkg) by extension 'ignore'
[0.533s] Level 1:colcon.colcon_core.package_identification:_identify(recording_controller_pkg) by extension 'ignore_ament_install'
[0.533s] Level 1:colcon.colcon_core.package_identification:_identify(recording_controller_pkg) by extensions ['colcon_pkg']
[0.533s] Level 1:colcon.colcon_core.package_identification:_identify(recording_controller_pkg) by extension 'colcon_pkg'
[0.533s] Level 1:colcon.colcon_core.package_identification:_identify(recording_controller_pkg) by extensions ['colcon_meta']
[0.533s] Level 1:colcon.colcon_core.package_identification:_identify(recording_controller_pkg) by extension 'colcon_meta'
[0.533s] Level 1:colcon.colcon_core.package_identification:_identify(recording_controller_pkg) by extensions ['ros']
[0.533s] Level 1:colcon.colcon_core.package_identification:_identify(recording_controller_pkg) by extension 'ros'
[0.536s] DEBUG:colcon.colcon_core.package_identification:Package 'recording_controller_pkg' with type 'ros.ament_python' and name 'recording_controller_pkg'
[0.538s] Level 1:colcon.colcon_core.package_identification:_identify(recording_gaze) by extensions ['ignore', 'ignore_ament_install']
[0.538s] Level 1:colcon.colcon_core.package_identification:_identify(recording_gaze) by extension 'ignore'
[0.538s] Level 1:colcon.colcon_core.package_identification:_identify(recording_gaze) by extension 'ignore_ament_install'
[0.538s] Level 1:colcon.colcon_core.package_identification:_identify(recording_gaze) by extensions ['colcon_pkg']
[0.538s] Level 1:colcon.colcon_core.package_identification:_identify(recording_gaze) by extension 'colcon_pkg'
[0.538s] Level 1:colcon.colcon_core.package_identification:_identify(recording_gaze) by extensions ['colcon_meta']
[0.538s] Level 1:colcon.colcon_core.package_identification:_identify(recording_gaze) by extension 'colcon_meta'
[0.539s] Level 1:colcon.colcon_core.package_identification:_identify(recording_gaze) by extensions ['ros']
[0.539s] Level 1:colcon.colcon_core.package_identification:_identify(recording_gaze) by extension 'ros'
[0.540s] DEBUG:colcon.colcon_core.package_identification:Package 'recording_gaze' with type 'ros.ament_python' and name 'recording_gaze'
[0.541s] Level 1:colcon.colcon_core.package_identification:_identify(recording_imu) by extensions ['ignore', 'ignore_ament_install']
[0.541s] Level 1:colcon.colcon_core.package_identification:_identify(recording_imu) by extension 'ignore'
[0.541s] Level 1:colcon.colcon_core.package_identification:_identify(recording_imu) by extension 'ignore_ament_install'
[0.541s] Level 1:colcon.colcon_core.package_identification:_identify(recording_imu) by extensions ['colcon_pkg']
[0.541s] Level 1:colcon.colcon_core.package_identification:_identify(recording_imu) by extension 'colcon_pkg'
[0.541s] Level 1:colcon.colcon_core.package_identification:_identify(recording_imu) by extensions ['colcon_meta']
[0.541s] Level 1:colcon.colcon_core.package_identification:_identify(recording_imu) by extension 'colcon_meta'
[0.541s] Level 1:colcon.colcon_core.package_identification:_identify(recording_imu) by extensions ['ros']
[0.541s] Level 1:colcon.colcon_core.package_identification:_identify(recording_imu) by extension 'ros'
[0.543s] DEBUG:colcon.colcon_core.package_identification:Package 'recording_imu' with type 'ros.ament_python' and name 'recording_imu'
[0.544s] Level 1:colcon.colcon_core.package_identification:_identify(recording_scene) by extensions ['ignore', 'ignore_ament_install']
[0.544s] Level 1:colcon.colcon_core.package_identification:_identify(recording_scene) by extension 'ignore'
[0.544s] Level 1:colcon.colcon_core.package_identification:_identify(recording_scene) by extension 'ignore_ament_install'
[0.544s] Level 1:colcon.colcon_core.package_identification:_identify(recording_scene) by extensions ['colcon_pkg']
[0.544s] Level 1:colcon.colcon_core.package_identification:_identify(recording_scene) by extension 'colcon_pkg'
[0.544s] Level 1:colcon.colcon_core.package_identification:_identify(recording_scene) by extensions ['colcon_meta']
[0.545s] Level 1:colcon.colcon_core.package_identification:_identify(recording_scene) by extension 'colcon_meta'
[0.545s] Level 1:colcon.colcon_core.package_identification:_identify(recording_scene) by extensions ['ros']
[0.545s] Level 1:colcon.colcon_core.package_identification:_identify(recording_scene) by extension 'ros'
[0.549s] DEBUG:colcon.colcon_core.package_identification:Package 'recording_scene' with type 'ros.ament_python' and name 'recording_scene'
[0.550s] Level 1:colcon.colcon_core.package_identification:_identify(recording_scene_cpp) by extensions ['ignore', 'ignore_ament_install']
[0.550s] Level 1:colcon.colcon_core.package_identification:_identify(recording_scene_cpp) by extension 'ignore'
[0.550s] Level 1:colcon.colcon_core.package_identification:_identify(recording_scene_cpp) by extension 'ignore_ament_install'
[0.550s] Level 1:colcon.colcon_core.package_identification:_identify(recording_scene_cpp) by extensions ['colcon_pkg']
[0.550s] Level 1:colcon.colcon_core.package_identification:_identify(recording_scene_cpp) by extension 'colcon_pkg'
[0.550s] Level 1:colcon.colcon_core.package_identification:_identify(recording_scene_cpp) by extensions ['colcon_meta']
[0.550s] Level 1:colcon.colcon_core.package_identification:_identify(recording_scene_cpp) by extension 'colcon_meta'
[0.550s] Level 1:colcon.colcon_core.package_identification:_identify(recording_scene_cpp) by extensions ['ros']
[0.550s] Level 1:colcon.colcon_core.package_identification:_identify(recording_scene_cpp) by extension 'ros'
[0.553s] DEBUG:colcon.colcon_core.package_identification:Package 'recording_scene_cpp' with type 'ros.ament_cmake' and name 'recording_scene_cpp'
[0.554s] Level 1:colcon.colcon_core.package_identification:_identify(recording_scene_python) by extensions ['ignore', 'ignore_ament_install']
[0.554s] Level 1:colcon.colcon_core.package_identification:_identify(recording_scene_python) by extension 'ignore'
[0.555s] Level 1:colcon.colcon_core.package_identification:_identify(recording_scene_python) by extension 'ignore_ament_install'
[0.555s] Level 1:colcon.colcon_core.package_identification:_identify(recording_scene_python) by extensions ['colcon_pkg']
[0.555s] Level 1:colcon.colcon_core.package_identification:_identify(recording_scene_python) by extension 'colcon_pkg'
[0.556s] Level 1:colcon.colcon_core.package_identification:_identify(recording_scene_python) by extensions ['colcon_meta']
[0.556s] Level 1:colcon.colcon_core.package_identification:_identify(recording_scene_python) by extension 'colcon_meta'
[0.556s] Level 1:colcon.colcon_core.package_identification:_identify(recording_scene_python) by extensions ['ros']
[0.556s] Level 1:colcon.colcon_core.package_identification:_identify(recording_scene_python) by extension 'ros'
[0.558s] DEBUG:colcon.colcon_core.package_identification:Package 'recording_scene_python' with type 'ros.ament_python' and name 'recording_scene_python'
[0.559s] Level 1:colcon.colcon_core.package_identification:_identify(recording_zed_depth) by extensions ['ignore', 'ignore_ament_install']
[0.559s] Level 1:colcon.colcon_core.package_identification:_identify(recording_zed_depth) by extension 'ignore'
[0.559s] Level 1:colcon.colcon_core.package_identification:_identify(recording_zed_depth) by extension 'ignore_ament_install'
[0.559s] Level 1:colcon.colcon_core.package_identification:_identify(recording_zed_depth) by extensions ['colcon_pkg']
[0.559s] Level 1:colcon.colcon_core.package_identification:_identify(recording_zed_depth) by extension 'colcon_pkg'
[0.560s] Level 1:colcon.colcon_core.package_identification:_identify(recording_zed_depth) by extensions ['colcon_meta']
[0.560s] Level 1:colcon.colcon_core.package_identification:_identify(recording_zed_depth) by extension 'colcon_meta'
[0.560s] Level 1:colcon.colcon_core.package_identification:_identify(recording_zed_depth) by extensions ['ros']
[0.560s] Level 1:colcon.colcon_core.package_identification:_identify(recording_zed_depth) by extension 'ros'
[0.563s] DEBUG:colcon.colcon_core.package_identification:Package 'recording_zed_depth' with type 'ros.ament_python' and name 'recording_zed_depth'
[0.564s] Level 1:colcon.colcon_core.package_identification:_identify(recording_zed_depth_rgb) by extensions ['ignore', 'ignore_ament_install']
[0.564s] Level 1:colcon.colcon_core.package_identification:_identify(recording_zed_depth_rgb) by extension 'ignore'
[0.565s] Level 1:colcon.colcon_core.package_identification:_identify(recording_zed_depth_rgb) by extension 'ignore_ament_install'
[0.565s] Level 1:colcon.colcon_core.package_identification:_identify(recording_zed_depth_rgb) by extensions ['colcon_pkg']
[0.565s] Level 1:colcon.colcon_core.package_identification:_identify(recording_zed_depth_rgb) by extension 'colcon_pkg'
[0.565s] Level 1:colcon.colcon_core.package_identification:_identify(recording_zed_depth_rgb) by extensions ['colcon_meta']
[0.565s] Level 1:colcon.colcon_core.package_identification:_identify(recording_zed_depth_rgb) by extension 'colcon_meta'
[0.565s] Level 1:colcon.colcon_core.package_identification:_identify(recording_zed_depth_rgb) by extensions ['ros']
[0.565s] Level 1:colcon.colcon_core.package_identification:_identify(recording_zed_depth_rgb) by extension 'ros'
[0.566s] DEBUG:colcon.colcon_core.package_identification:Package 'recording_zed_depth_rgb' with type 'ros.ament_python' and name 'recording_zed_depth_rgb'
[0.567s] Level 1:colcon.colcon_core.package_identification:_identify(recording_zed_rgb) by extensions ['ignore', 'ignore_ament_install']
[0.567s] Level 1:colcon.colcon_core.package_identification:_identify(recording_zed_rgb) by extension 'ignore'
[0.567s] Level 1:colcon.colcon_core.package_identification:_identify(recording_zed_rgb) by extension 'ignore_ament_install'
[0.567s] Level 1:colcon.colcon_core.package_identification:_identify(recording_zed_rgb) by extensions ['colcon_pkg']
[0.567s] Level 1:colcon.colcon_core.package_identification:_identify(recording_zed_rgb) by extension 'colcon_pkg'
[0.567s] Level 1:colcon.colcon_core.package_identification:_identify(recording_zed_rgb) by extensions ['colcon_meta']
[0.568s] Level 1:colcon.colcon_core.package_identification:_identify(recording_zed_rgb) by extension 'colcon_meta'
[0.568s] Level 1:colcon.colcon_core.package_identification:_identify(recording_zed_rgb) by extensions ['ros']
[0.568s] Level 1:colcon.colcon_core.package_identification:_identify(recording_zed_rgb) by extension 'ros'
[0.569s] DEBUG:colcon.colcon_core.package_identification:Package 'recording_zed_rgb' with type 'ros.ament_python' and name 'recording_zed_rgb'
[0.569s] Level 1:colcon.colcon_core.package_identification:_identify(testing_realtime_api) by extensions ['ignore', 'ignore_ament_install']
[0.569s] Level 1:colcon.colcon_core.package_identification:_identify(testing_realtime_api) by extension 'ignore'
[0.569s] Level 1:colcon.colcon_core.package_identification:_identify(testing_realtime_api) by extension 'ignore_ament_install'
[0.570s] Level 1:colcon.colcon_core.package_identification:_identify(testing_realtime_api) by extensions ['colcon_pkg']
[0.570s] Level 1:colcon.colcon_core.package_identification:_identify(testing_realtime_api) by extension 'colcon_pkg'
[0.570s] Level 1:colcon.colcon_core.package_identification:_identify(testing_realtime_api) by extensions ['colcon_meta']
[0.570s] Level 1:colcon.colcon_core.package_identification:_identify(testing_realtime_api) by extension 'colcon_meta'
[0.570s] Level 1:colcon.colcon_core.package_identification:_identify(testing_realtime_api) by extensions ['ros']
[0.570s] Level 1:colcon.colcon_core.package_identification:_identify(testing_realtime_api) by extension 'ros'
[0.570s] Level 1:colcon.colcon_core.package_identification:_identify(testing_realtime_api) by extensions ['cmake', 'python']
[0.570s] Level 1:colcon.colcon_core.package_identification:_identify(testing_realtime_api) by extension 'cmake'
[0.570s] Level 1:colcon.colcon_core.package_identification:_identify(testing_realtime_api) by extension 'python'
[0.571s] Level 1:colcon.colcon_core.package_identification:_identify(testing_realtime_api) by extensions ['python_setup_py']
[0.571s] Level 1:colcon.colcon_core.package_identification:_identify(testing_realtime_api) by extension 'python_setup_py'
[0.571s] Level 1:colcon.colcon_core.package_identification:_identify(testing_realtime_api/ ) by extensions ['ignore', 'ignore_ament_install']
[0.571s] Level 1:colcon.colcon_core.package_identification:_identify(testing_realtime_api/ ) by extension 'ignore'
[0.571s] Level 1:colcon.colcon_core.package_identification:_identify(testing_realtime_api/ ) by extension 'ignore_ament_install'
[0.571s] Level 1:colcon.colcon_core.package_identification:_identify(testing_realtime_api/ ) by extensions ['colcon_pkg']
[0.572s] Level 1:colcon.colcon_core.package_identification:_identify(testing_realtime_api/ ) by extension 'colcon_pkg'
[0.572s] Level 1:colcon.colcon_core.package_identification:_identify(testing_realtime_api/ ) by extensions ['colcon_meta']
[0.572s] Level 1:colcon.colcon_core.package_identification:_identify(testing_realtime_api/ ) by extension 'colcon_meta'
[0.572s] Level 1:colcon.colcon_core.package_identification:_identify(testing_realtime_api/ ) by extensions ['ros']
[0.572s] Level 1:colcon.colcon_core.package_identification:_identify(testing_realtime_api/ ) by extension 'ros'
[0.572s] Level 1:colcon.colcon_core.package_identification:_identify(testing_realtime_api/ ) by extensions ['cmake', 'python']
[0.572s] Level 1:colcon.colcon_core.package_identification:_identify(testing_realtime_api/ ) by extension 'cmake'
[0.572s] Level 1:colcon.colcon_core.package_identification:_identify(testing_realtime_api/ ) by extension 'python'
[0.572s] Level 1:colcon.colcon_core.package_identification:_identify(testing_realtime_api/ ) by extensions ['python_setup_py']
[0.572s] Level 1:colcon.colcon_core.package_identification:_identify(testing_realtime_api/ ) by extension 'python_setup_py'
[0.572s] Level 1:colcon.colcon_core.package_identification:_identify(testing_realtime_api/ /home) by extensions ['ignore', 'ignore_ament_install']
[0.573s] Level 1:colcon.colcon_core.package_identification:_identify(testing_realtime_api/ /home) by extension 'ignore'
[0.573s] Level 1:colcon.colcon_core.package_identification:_identify(testing_realtime_api/ /home) by extension 'ignore_ament_install'
[0.573s] Level 1:colcon.colcon_core.package_identification:_identify(testing_realtime_api/ /home) by extensions ['colcon_pkg']
[0.573s] Level 1:colcon.colcon_core.package_identification:_identify(testing_realtime_api/ /home) by extension 'colcon_pkg'
[0.573s] Level 1:colcon.colcon_core.package_identification:_identify(testing_realtime_api/ /home) by extensions ['colcon_meta']
[0.573s] Level 1:colcon.colcon_core.package_identification:_identify(testing_realtime_api/ /home) by extension 'colcon_meta'
[0.573s] Level 1:colcon.colcon_core.package_identification:_identify(testing_realtime_api/ /home) by extensions ['ros']
[0.573s] Level 1:colcon.colcon_core.package_identification:_identify(testing_realtime_api/ /home) by extension 'ros'
[0.573s] Level 1:colcon.colcon_core.package_identification:_identify(testing_realtime_api/ /home) by extensions ['cmake', 'python']
[0.573s] Level 1:colcon.colcon_core.package_identification:_identify(testing_realtime_api/ /home) by extension 'cmake'
[0.573s] Level 1:colcon.colcon_core.package_identification:_identify(testing_realtime_api/ /home) by extension 'python'
[0.573s] Level 1:colcon.colcon_core.package_identification:_identify(testing_realtime_api/ /home) by extensions ['python_setup_py']
[0.573s] Level 1:colcon.colcon_core.package_identification:_identify(testing_realtime_api/ /home) by extension 'python_setup_py'
[0.574s] Level 1:colcon.colcon_core.package_identification:_identify(testing_realtime_api/ /home/olhamelnyk) by extensions ['ignore', 'ignore_ament_install']
[0.574s] Level 1:colcon.colcon_core.package_identification:_identify(testing_realtime_api/ /home/olhamelnyk) by extension 'ignore'
[0.574s] Level 1:colcon.colcon_core.package_identification:_identify(testing_realtime_api/ /home/olhamelnyk) by extension 'ignore_ament_install'
[0.574s] Level 1:colcon.colcon_core.package_identification:_identify(testing_realtime_api/ /home/olhamelnyk) by extensions ['colcon_pkg']
[0.574s] Level 1:colcon.colcon_core.package_identification:_identify(testing_realtime_api/ /home/olhamelnyk) by extension 'colcon_pkg'
[0.574s] Level 1:colcon.colcon_core.package_identification:_identify(testing_realtime_api/ /home/olhamelnyk) by extensions ['colcon_meta']
[0.574s] Level 1:colcon.colcon_core.package_identification:_identify(testing_realtime_api/ /home/olhamelnyk) by extension 'colcon_meta'
[0.574s] Level 1:colcon.colcon_core.package_identification:_identify(testing_realtime_api/ /home/olhamelnyk) by extensions ['ros']
[0.574s] Level 1:colcon.colcon_core.package_identification:_identify(testing_realtime_api/ /home/olhamelnyk) by extension 'ros'
[0.574s] Level 1:colcon.colcon_core.package_identification:_identify(testing_realtime_api/ /home/olhamelnyk) by extensions ['cmake', 'python']
[0.575s] Level 1:colcon.colcon_core.package_identification:_identify(testing_realtime_api/ /home/olhamelnyk) by extension 'cmake'
[0.575s] Level 1:colcon.colcon_core.package_identification:_identify(testing_realtime_api/ /home/olhamelnyk) by extension 'python'
[0.575s] Level 1:colcon.colcon_core.package_identification:_identify(testing_realtime_api/ /home/olhamelnyk) by extensions ['python_setup_py']
[0.575s] Level 1:colcon.colcon_core.package_identification:_identify(testing_realtime_api/ /home/olhamelnyk) by extension 'python_setup_py'
[0.575s] Level 1:colcon.colcon_core.package_identification:_identify(testing_realtime_api/ /home/olhamelnyk/colcon_venv) by extensions ['ignore', 'ignore_ament_install']
[0.575s] Level 1:colcon.colcon_core.package_identification:_identify(testing_realtime_api/ /home/olhamelnyk/colcon_venv) by extension 'ignore'
[0.576s] Level 1:colcon.colcon_core.package_identification:_identify(testing_realtime_api/ /home/olhamelnyk/colcon_venv) by extension 'ignore_ament_install'
[0.576s] Level 1:colcon.colcon_core.package_identification:_identify(testing_realtime_api/ /home/olhamelnyk/colcon_venv) by extensions ['colcon_pkg']
[0.576s] Level 1:colcon.colcon_core.package_identification:_identify(testing_realtime_api/ /home/olhamelnyk/colcon_venv) by extension 'colcon_pkg'
[0.576s] Level 1:colcon.colcon_core.package_identification:_identify(testing_realtime_api/ /home/olhamelnyk/colcon_venv) by extensions ['colcon_meta']
[0.576s] Level 1:colcon.colcon_core.package_identification:_identify(testing_realtime_api/ /home/olhamelnyk/colcon_venv) by extension 'colcon_meta'
[0.576s] Level 1:colcon.colcon_core.package_identification:_identify(testing_realtime_api/ /home/olhamelnyk/colcon_venv) by extensions ['ros']
[0.576s] Level 1:colcon.colcon_core.package_identification:_identify(testing_realtime_api/ /home/olhamelnyk/colcon_venv) by extension 'ros'
[0.576s] Level 1:colcon.colcon_core.package_identification:_identify(testing_realtime_api/ /home/olhamelnyk/colcon_venv) by extensions ['cmake', 'python']
[0.576s] Level 1:colcon.colcon_core.package_identification:_identify(testing_realtime_api/ /home/olhamelnyk/colcon_venv) by extension 'cmake'
[0.576s] Level 1:colcon.colcon_core.package_identification:_identify(testing_realtime_api/ /home/olhamelnyk/colcon_venv) by extension 'python'
[0.576s] Level 1:colcon.colcon_core.package_identification:_identify(testing_realtime_api/ /home/olhamelnyk/colcon_venv) by extensions ['python_setup_py']
[0.576s] Level 1:colcon.colcon_core.package_identification:_identify(testing_realtime_api/ /home/olhamelnyk/colcon_venv) by extension 'python_setup_py'
[0.577s] Level 1:colcon.colcon_core.package_identification:_identify(testing_realtime_api/ /home/olhamelnyk/colcon_venv/recordings) by extensions ['ignore', 'ignore_ament_install']
[0.577s] Level 1:colcon.colcon_core.package_identification:_identify(testing_realtime_api/ /home/olhamelnyk/colcon_venv/recordings) by extension 'ignore'
[0.577s] Level 1:colcon.colcon_core.package_identification:_identify(testing_realtime_api/ /home/olhamelnyk/colcon_venv/recordings) by extension 'ignore_ament_install'
[0.577s] Level 1:colcon.colcon_core.package_identification:_identify(testing_realtime_api/ /home/olhamelnyk/colcon_venv/recordings) by extensions ['colcon_pkg']
[0.577s] Level 1:colcon.colcon_core.package_identification:_identify(testing_realtime_api/ /home/olhamelnyk/colcon_venv/recordings) by extension 'colcon_pkg'
[0.577s] Level 1:colcon.colcon_core.package_identification:_identify(testing_realtime_api/ /home/olhamelnyk/colcon_venv/recordings) by extensions ['colcon_meta']
[0.577s] Level 1:colcon.colcon_core.package_identification:_identify(testing_realtime_api/ /home/olhamelnyk/colcon_venv/recordings) by extension 'colcon_meta'
[0.577s] Level 1:colcon.colcon_core.package_identification:_identify(testing_realtime_api/ /home/olhamelnyk/colcon_venv/recordings) by extensions ['ros']
[0.577s] Level 1:colcon.colcon_core.package_identification:_identify(testing_realtime_api/ /home/olhamelnyk/colcon_venv/recordings) by extension 'ros'
[0.578s] Level 1:colcon.colcon_core.package_identification:_identify(testing_realtime_api/ /home/olhamelnyk/colcon_venv/recordings) by extensions ['cmake', 'python']
[0.578s] Level 1:colcon.colcon_core.package_identification:_identify(testing_realtime_api/ /home/olhamelnyk/colcon_venv/recordings) by extension 'cmake'
[0.578s] Level 1:colcon.colcon_core.package_identification:_identify(testing_realtime_api/ /home/olhamelnyk/colcon_venv/recordings) by extension 'python'
[0.578s] Level 1:colcon.colcon_core.package_identification:_identify(testing_realtime_api/ /home/olhamelnyk/colcon_venv/recordings) by extensions ['python_setup_py']
[0.578s] Level 1:colcon.colcon_core.package_identification:_identify(testing_realtime_api/ /home/olhamelnyk/colcon_venv/recordings) by extension 'python_setup_py'
[0.578s] Level 1:colcon.colcon_core.package_identification:_identify(testing_realtime_api/ /home/olhamelnyk/colcon_venv/recordings/recording_BEFR07_comp) by extensions ['ignore', 'ignore_ament_install']
[0.579s] Level 1:colcon.colcon_core.package_identification:_identify(testing_realtime_api/ /home/olhamelnyk/colcon_venv/recordings/recording_BEFR07_comp) by extension 'ignore'
[0.579s] Level 1:colcon.colcon_core.package_identification:_identify(testing_realtime_api/ /home/olhamelnyk/colcon_venv/recordings/recording_BEFR07_comp) by extension 'ignore_ament_install'
[0.579s] Level 1:colcon.colcon_core.package_identification:_identify(testing_realtime_api/ /home/olhamelnyk/colcon_venv/recordings/recording_BEFR07_comp) by extensions ['colcon_pkg']
[0.579s] Level 1:colcon.colcon_core.package_identification:_identify(testing_realtime_api/ /home/olhamelnyk/colcon_venv/recordings/recording_BEFR07_comp) by extension 'colcon_pkg'
[0.579s] Level 1:colcon.colcon_core.package_identification:_identify(testing_realtime_api/ /home/olhamelnyk/colcon_venv/recordings/recording_BEFR07_comp) by extensions ['colcon_meta']
[0.579s] Level 1:colcon.colcon_core.package_identification:_identify(testing_realtime_api/ /home/olhamelnyk/colcon_venv/recordings/recording_BEFR07_comp) by extension 'colcon_meta'
[0.579s] Level 1:colcon.colcon_core.package_identification:_identify(testing_realtime_api/ /home/olhamelnyk/colcon_venv/recordings/recording_BEFR07_comp) by extensions ['ros']
[0.579s] Level 1:colcon.colcon_core.package_identification:_identify(testing_realtime_api/ /home/olhamelnyk/colcon_venv/recordings/recording_BEFR07_comp) by extension 'ros'
[0.580s] Level 1:colcon.colcon_core.package_identification:_identify(testing_realtime_api/ /home/olhamelnyk/colcon_venv/recordings/recording_BEFR07_comp) by extensions ['cmake', 'python']
[0.580s] Level 1:colcon.colcon_core.package_identification:_identify(testing_realtime_api/ /home/olhamelnyk/colcon_venv/recordings/recording_BEFR07_comp) by extension 'cmake'
[0.580s] Level 1:colcon.colcon_core.package_identification:_identify(testing_realtime_api/ /home/olhamelnyk/colcon_venv/recordings/recording_BEFR07_comp) by extension 'python'
[0.580s] Level 1:colcon.colcon_core.package_identification:_identify(testing_realtime_api/ /home/olhamelnyk/colcon_venv/recordings/recording_BEFR07_comp) by extensions ['python_setup_py']
[0.580s] Level 1:colcon.colcon_core.package_identification:_identify(testing_realtime_api/ /home/olhamelnyk/colcon_venv/recordings/recording_BEFR07_comp) by extension 'python_setup_py'
[0.580s] Level 1:colcon.colcon_core.package_identification:_identify(testing_realtime_api/ /home/olhamelnyk/colcon_venv/recordings/recording_MALU09_comp) by extensions ['ignore', 'ignore_ament_install']
[0.581s] Level 1:colcon.colcon_core.package_identification:_identify(testing_realtime_api/ /home/olhamelnyk/colcon_venv/recordings/recording_MALU09_comp) by extension 'ignore'
[0.581s] Level 1:colcon.colcon_core.package_identification:_identify(testing_realtime_api/ /home/olhamelnyk/colcon_venv/recordings/recording_MALU09_comp) by extension 'ignore_ament_install'
[0.581s] Level 1:colcon.colcon_core.package_identification:_identify(testing_realtime_api/ /home/olhamelnyk/colcon_venv/recordings/recording_MALU09_comp) by extensions ['colcon_pkg']
[0.581s] Level 1:colcon.colcon_core.package_identification:_identify(testing_realtime_api/ /home/olhamelnyk/colcon_venv/recordings/recording_MALU09_comp) by extension 'colcon_pkg'
[0.581s] Level 1:colcon.colcon_core.package_identification:_identify(testing_realtime_api/ /home/olhamelnyk/colcon_venv/recordings/recording_MALU09_comp) by extensions ['colcon_meta']
[0.581s] Level 1:colcon.colcon_core.package_identification:_identify(testing_realtime_api/ /home/olhamelnyk/colcon_venv/recordings/recording_MALU09_comp) by extension 'colcon_meta'
[0.581s] Level 1:colcon.colcon_core.package_identification:_identify(testing_realtime_api/ /home/olhamelnyk/colcon_venv/recordings/recording_MALU09_comp) by extensions ['ros']
[0.581s] Level 1:colcon.colcon_core.package_identification:_identify(testing_realtime_api/ /home/olhamelnyk/colcon_venv/recordings/recording_MALU09_comp) by extension 'ros'
[0.581s] Level 1:colcon.colcon_core.package_identification:_identify(testing_realtime_api/ /home/olhamelnyk/colcon_venv/recordings/recording_MALU09_comp) by extensions ['cmake', 'python']
[0.582s] Level 1:colcon.colcon_core.package_identification:_identify(testing_realtime_api/ /home/olhamelnyk/colcon_venv/recordings/recording_MALU09_comp) by extension 'cmake'
[0.582s] Level 1:colcon.colcon_core.package_identification:_identify(testing_realtime_api/ /home/olhamelnyk/colcon_venv/recordings/recording_MALU09_comp) by extension 'python'
[0.582s] Level 1:colcon.colcon_core.package_identification:_identify(testing_realtime_api/ /home/olhamelnyk/colcon_venv/recordings/recording_MALU09_comp) by extensions ['python_setup_py']
[0.582s] Level 1:colcon.colcon_core.package_identification:_identify(testing_realtime_api/ /home/olhamelnyk/colcon_venv/recordings/recording_MALU09_comp) by extension 'python_setup_py'
[0.582s] Level 1:colcon.colcon_core.package_identification:_identify(testing_realtime_api/ /home/olhamelnyk/colcon_venv/recordings/recording_RAHO11_comp) by extensions ['ignore', 'ignore_ament_install']
[0.582s] Level 1:colcon.colcon_core.package_identification:_identify(testing_realtime_api/ /home/olhamelnyk/colcon_venv/recordings/recording_RAHO11_comp) by extension 'ignore'
[0.582s] Level 1:colcon.colcon_core.package_identification:_identify(testing_realtime_api/ /home/olhamelnyk/colcon_venv/recordings/recording_RAHO11_comp) by extension 'ignore_ament_install'
[0.582s] Level 1:colcon.colcon_core.package_identification:_identify(testing_realtime_api/ /home/olhamelnyk/colcon_venv/recordings/recording_RAHO11_comp) by extensions ['colcon_pkg']
[0.582s] Level 1:colcon.colcon_core.package_identification:_identify(testing_realtime_api/ /home/olhamelnyk/colcon_venv/recordings/recording_RAHO11_comp) by extension 'colcon_pkg'
[0.582s] Level 1:colcon.colcon_core.package_identification:_identify(testing_realtime_api/ /home/olhamelnyk/colcon_venv/recordings/recording_RAHO11_comp) by extensions ['colcon_meta']
[0.582s] Level 1:colcon.colcon_core.package_identification:_identify(testing_realtime_api/ /home/olhamelnyk/colcon_venv/recordings/recording_RAHO11_comp) by extension 'colcon_meta'
[0.583s] Level 1:colcon.colcon_core.package_identification:_identify(testing_realtime_api/ /home/olhamelnyk/colcon_venv/recordings/recording_RAHO11_comp) by extensions ['ros']
[0.583s] Level 1:colcon.colcon_core.package_identification:_identify(testing_realtime_api/ /home/olhamelnyk/colcon_venv/recordings/recording_RAHO11_comp) by extension 'ros'
[0.583s] Level 1:colcon.colcon_core.package_identification:_identify(testing_realtime_api/ /home/olhamelnyk/colcon_venv/recordings/recording_RAHO11_comp) by extensions ['cmake', 'python']
[0.583s] Level 1:colcon.colcon_core.package_identification:_identify(testing_realtime_api/ /home/olhamelnyk/colcon_venv/recordings/recording_RAHO11_comp) by extension 'cmake'
[0.583s] Level 1:colcon.colcon_core.package_identification:_identify(testing_realtime_api/ /home/olhamelnyk/colcon_venv/recordings/recording_RAHO11_comp) by extension 'python'
[0.583s] Level 1:colcon.colcon_core.package_identification:_identify(testing_realtime_api/ /home/olhamelnyk/colcon_venv/recordings/recording_RAHO11_comp) by extensions ['python_setup_py']
[0.583s] Level 1:colcon.colcon_core.package_identification:_identify(testing_realtime_api/ /home/olhamelnyk/colcon_venv/recordings/recording_RAHO11_comp) by extension 'python_setup_py'
[0.583s] Level 1:colcon.colcon_core.package_identification:_identify(testing_realtime_api/ /home/olhamelnyk/colcon_venv/recordings/recording_TETO07_comp) by extensions ['ignore', 'ignore_ament_install']
[0.583s] Level 1:colcon.colcon_core.package_identification:_identify(testing_realtime_api/ /home/olhamelnyk/colcon_venv/recordings/recording_TETO07_comp) by extension 'ignore'
[0.583s] Level 1:colcon.colcon_core.package_identification:_identify(testing_realtime_api/ /home/olhamelnyk/colcon_venv/recordings/recording_TETO07_comp) by extension 'ignore_ament_install'
[0.584s] Level 1:colcon.colcon_core.package_identification:_identify(testing_realtime_api/ /home/olhamelnyk/colcon_venv/recordings/recording_TETO07_comp) by extensions ['colcon_pkg']
[0.584s] Level 1:colcon.colcon_core.package_identification:_identify(testing_realtime_api/ /home/olhamelnyk/colcon_venv/recordings/recording_TETO07_comp) by extension 'colcon_pkg'
[0.584s] Level 1:colcon.colcon_core.package_identification:_identify(testing_realtime_api/ /home/olhamelnyk/colcon_venv/recordings/recording_TETO07_comp) by extensions ['colcon_meta']
[0.584s] Level 1:colcon.colcon_core.package_identification:_identify(testing_realtime_api/ /home/olhamelnyk/colcon_venv/recordings/recording_TETO07_comp) by extension 'colcon_meta'
[0.584s] Level 1:colcon.colcon_core.package_identification:_identify(testing_realtime_api/ /home/olhamelnyk/colcon_venv/recordings/recording_TETO07_comp) by extensions ['ros']
[0.584s] Level 1:colcon.colcon_core.package_identification:_identify(testing_realtime_api/ /home/olhamelnyk/colcon_venv/recordings/recording_TETO07_comp) by extension 'ros'
[0.584s] Level 1:colcon.colcon_core.package_identification:_identify(testing_realtime_api/ /home/olhamelnyk/colcon_venv/recordings/recording_TETO07_comp) by extensions ['cmake', 'python']
[0.584s] Level 1:colcon.colcon_core.package_identification:_identify(testing_realtime_api/ /home/olhamelnyk/colcon_venv/recordings/recording_TETO07_comp) by extension 'cmake'
[0.584s] Level 1:colcon.colcon_core.package_identification:_identify(testing_realtime_api/ /home/olhamelnyk/colcon_venv/recordings/recording_TETO07_comp) by extension 'python'
[0.584s] Level 1:colcon.colcon_core.package_identification:_identify(testing_realtime_api/ /home/olhamelnyk/colcon_venv/recordings/recording_TETO07_comp) by extensions ['python_setup_py']
[0.584s] Level 1:colcon.colcon_core.package_identification:_identify(testing_realtime_api/ /home/olhamelnyk/colcon_venv/recordings/recording_TETO07_comp) by extension 'python_setup_py'
[0.584s] Level 1:colcon.colcon_core.package_identification:_identify(tf_recording) by extensions ['ignore', 'ignore_ament_install']
[0.585s] Level 1:colcon.colcon_core.package_identification:_identify(tf_recording) by extension 'ignore'
[0.585s] Level 1:colcon.colcon_core.package_identification:_identify(tf_recording) by extension 'ignore_ament_install'
[0.585s] Level 1:colcon.colcon_core.package_identification:_identify(tf_recording) by extensions ['colcon_pkg']
[0.585s] Level 1:colcon.colcon_core.package_identification:_identify(tf_recording) by extension 'colcon_pkg'
[0.585s] Level 1:colcon.colcon_core.package_identification:_identify(tf_recording) by extensions ['colcon_meta']
[0.585s] Level 1:colcon.colcon_core.package_identification:_identify(tf_recording) by extension 'colcon_meta'
[0.585s] Level 1:colcon.colcon_core.package_identification:_identify(tf_recording) by extensions ['ros']
[0.585s] Level 1:colcon.colcon_core.package_identification:_identify(tf_recording) by extension 'ros'
[0.587s] DEBUG:colcon.colcon_core.package_identification:Package 'tf_recording' with type 'ros.ament_python' and name 'tf_recording'
[0.587s] Level 1:colcon.colcon_core.package_identification:_identify(zed-ros2-examples) by extensions ['ignore', 'ignore_ament_install']
[0.588s] Level 1:colcon.colcon_core.package_identification:_identify(zed-ros2-examples) by extension 'ignore'
[0.588s] Level 1:colcon.colcon_core.package_identification:_identify(zed-ros2-examples) by extension 'ignore_ament_install'
[0.589s] Level 1:colcon.colcon_core.package_identification:_identify(zed-ros2-examples) by extensions ['colcon_pkg']
[0.589s] Level 1:colcon.colcon_core.package_identification:_identify(zed-ros2-examples) by extension 'colcon_pkg'
[0.589s] Level 1:colcon.colcon_core.package_identification:_identify(zed-ros2-examples) by extensions ['colcon_meta']
[0.589s] Level 1:colcon.colcon_core.package_identification:_identify(zed-ros2-examples) by extension 'colcon_meta'
[0.589s] Level 1:colcon.colcon_core.package_identification:_identify(zed-ros2-examples) by extensions ['ros']
[0.589s] Level 1:colcon.colcon_core.package_identification:_identify(zed-ros2-examples) by extension 'ros'
[0.589s] Level 1:colcon.colcon_core.package_identification:_identify(zed-ros2-examples) by extensions ['cmake', 'python']
[0.589s] Level 1:colcon.colcon_core.package_identification:_identify(zed-ros2-examples) by extension 'cmake'
[0.589s] Level 1:colcon.colcon_core.package_identification:_identify(zed-ros2-examples) by extension 'python'
[0.589s] Level 1:colcon.colcon_core.package_identification:_identify(zed-ros2-examples) by extensions ['python_setup_py']
[0.589s] Level 1:colcon.colcon_core.package_identification:_identify(zed-ros2-examples) by extension 'python_setup_py'
[0.590s] Level 1:colcon.colcon_core.package_identification:_identify(zed-ros2-examples/examples) by extensions ['ignore', 'ignore_ament_install']
[0.590s] Level 1:colcon.colcon_core.package_identification:_identify(zed-ros2-examples/examples) by extension 'ignore'
[0.590s] Level 1:colcon.colcon_core.package_identification:_identify(zed-ros2-examples/examples) by extension 'ignore_ament_install'
[0.590s] Level 1:colcon.colcon_core.package_identification:_identify(zed-ros2-examples/examples) by extensions ['colcon_pkg']
[0.590s] Level 1:colcon.colcon_core.package_identification:_identify(zed-ros2-examples/examples) by extension 'colcon_pkg'
[0.590s] Level 1:colcon.colcon_core.package_identification:_identify(zed-ros2-examples/examples) by extensions ['colcon_meta']
[0.590s] Level 1:colcon.colcon_core.package_identification:_identify(zed-ros2-examples/examples) by extension 'colcon_meta'
[0.590s] Level 1:colcon.colcon_core.package_identification:_identify(zed-ros2-examples/examples) by extensions ['ros']
[0.591s] Level 1:colcon.colcon_core.package_identification:_identify(zed-ros2-examples/examples) by extension 'ros'
[0.591s] Level 1:colcon.colcon_core.package_identification:_identify(zed-ros2-examples/examples) by extensions ['cmake', 'python']
[0.591s] Level 1:colcon.colcon_core.package_identification:_identify(zed-ros2-examples/examples) by extension 'cmake'
[0.591s] Level 1:colcon.colcon_core.package_identification:_identify(zed-ros2-examples/examples) by extension 'python'
[0.591s] Level 1:colcon.colcon_core.package_identification:_identify(zed-ros2-examples/examples) by extensions ['python_setup_py']
[0.591s] Level 1:colcon.colcon_core.package_identification:_identify(zed-ros2-examples/examples) by extension 'python_setup_py'
[0.591s] Level 1:colcon.colcon_core.package_identification:_identify(zed-ros2-examples/examples/zed_aruco_localization) by extensions ['ignore', 'ignore_ament_install']
[0.592s] Level 1:colcon.colcon_core.package_identification:_identify(zed-ros2-examples/examples/zed_aruco_localization) by extension 'ignore'
[0.592s] Level 1:colcon.colcon_core.package_identification:_identify(zed-ros2-examples/examples/zed_aruco_localization) by extension 'ignore_ament_install'
[0.592s] Level 1:colcon.colcon_core.package_identification:_identify(zed-ros2-examples/examples/zed_aruco_localization) by extensions ['colcon_pkg']
[0.592s] Level 1:colcon.colcon_core.package_identification:_identify(zed-ros2-examples/examples/zed_aruco_localization) by extension 'colcon_pkg'
[0.592s] Level 1:colcon.colcon_core.package_identification:_identify(zed-ros2-examples/examples/zed_aruco_localization) by extensions ['colcon_meta']
[0.592s] Level 1:colcon.colcon_core.package_identification:_identify(zed-ros2-examples/examples/zed_aruco_localization) by extension 'colcon_meta'
[0.592s] Level 1:colcon.colcon_core.package_identification:_identify(zed-ros2-examples/examples/zed_aruco_localization) by extensions ['ros']
[0.592s] Level 1:colcon.colcon_core.package_identification:_identify(zed-ros2-examples/examples/zed_aruco_localization) by extension 'ros'
[0.595s] DEBUG:colcon.colcon_core.package_identification:Package 'zed-ros2-examples/examples/zed_aruco_localization' with type 'ros.ament_cmake' and name 'zed_aruco_localization'
[0.596s] Level 1:colcon.colcon_core.package_identification:_identify(zed-ros2-examples/examples/zed_depth_to_laserscan) by extensions ['ignore', 'ignore_ament_install']
[0.597s] Level 1:colcon.colcon_core.package_identification:_identify(zed-ros2-examples/examples/zed_depth_to_laserscan) by extension 'ignore'
[0.597s] Level 1:colcon.colcon_core.package_identification:_identify(zed-ros2-examples/examples/zed_depth_to_laserscan) by extension 'ignore_ament_install'
[0.597s] Level 1:colcon.colcon_core.package_identification:_identify(zed-ros2-examples/examples/zed_depth_to_laserscan) by extensions ['colcon_pkg']
[0.597s] Level 1:colcon.colcon_core.package_identification:_identify(zed-ros2-examples/examples/zed_depth_to_laserscan) by extension 'colcon_pkg'
[0.597s] Level 1:colcon.colcon_core.package_identification:_identify(zed-ros2-examples/examples/zed_depth_to_laserscan) by extensions ['colcon_meta']
[0.597s] Level 1:colcon.colcon_core.package_identification:_identify(zed-ros2-examples/examples/zed_depth_to_laserscan) by extension 'colcon_meta'
[0.597s] Level 1:colcon.colcon_core.package_identification:_identify(zed-ros2-examples/examples/zed_depth_to_laserscan) by extensions ['ros']
[0.598s] Level 1:colcon.colcon_core.package_identification:_identify(zed-ros2-examples/examples/zed_depth_to_laserscan) by extension 'ros'
[0.599s] DEBUG:colcon.colcon_core.package_identification:Package 'zed-ros2-examples/examples/zed_depth_to_laserscan' with type 'ros.ament_cmake' and name 'zed_depth_to_laserscan'
[0.600s] Level 1:colcon.colcon_core.package_identification:_identify(zed-ros2-examples/images) by extensions ['ignore', 'ignore_ament_install']
[0.600s] Level 1:colcon.colcon_core.package_identification:_identify(zed-ros2-examples/images) by extension 'ignore'
[0.600s] Level 1:colcon.colcon_core.package_identification:_identify(zed-ros2-examples/images) by extension 'ignore_ament_install'
[0.600s] Level 1:colcon.colcon_core.package_identification:_identify(zed-ros2-examples/images) by extensions ['colcon_pkg']
[0.600s] Level 1:colcon.colcon_core.package_identification:_identify(zed-ros2-examples/images) by extension 'colcon_pkg'
[0.600s] Level 1:colcon.colcon_core.package_identification:_identify(zed-ros2-examples/images) by extensions ['colcon_meta']
[0.600s] Level 1:colcon.colcon_core.package_identification:_identify(zed-ros2-examples/images) by extension 'colcon_meta'
[0.600s] Level 1:colcon.colcon_core.package_identification:_identify(zed-ros2-examples/images) by extensions ['ros']
[0.600s] Level 1:colcon.colcon_core.package_identification:_identify(zed-ros2-examples/images) by extension 'ros'
[0.600s] Level 1:colcon.colcon_core.package_identification:_identify(zed-ros2-examples/images) by extensions ['cmake', 'python']
[0.600s] Level 1:colcon.colcon_core.package_identification:_identify(zed-ros2-examples/images) by extension 'cmake'
[0.601s] Level 1:colcon.colcon_core.package_identification:_identify(zed-ros2-examples/images) by extension 'python'
[0.601s] Level 1:colcon.colcon_core.package_identification:_identify(zed-ros2-examples/images) by extensions ['python_setup_py']
[0.601s] Level 1:colcon.colcon_core.package_identification:_identify(zed-ros2-examples/images) by extension 'python_setup_py'
[0.601s] Level 1:colcon.colcon_core.package_identification:_identify(zed-ros2-examples/rviz-plugin-zed-od) by extensions ['ignore', 'ignore_ament_install']
[0.601s] Level 1:colcon.colcon_core.package_identification:_identify(zed-ros2-examples/rviz-plugin-zed-od) by extension 'ignore'
[0.601s] Level 1:colcon.colcon_core.package_identification:_identify(zed-ros2-examples/rviz-plugin-zed-od) by extension 'ignore_ament_install'
[0.601s] Level 1:colcon.colcon_core.package_identification:_identify(zed-ros2-examples/rviz-plugin-zed-od) by extensions ['colcon_pkg']
[0.601s] Level 1:colcon.colcon_core.package_identification:_identify(zed-ros2-examples/rviz-plugin-zed-od) by extension 'colcon_pkg'
[0.601s] Level 1:colcon.colcon_core.package_identification:_identify(zed-ros2-examples/rviz-plugin-zed-od) by extensions ['colcon_meta']
[0.601s] Level 1:colcon.colcon_core.package_identification:_identify(zed-ros2-examples/rviz-plugin-zed-od) by extension 'colcon_meta'
[0.601s] Level 1:colcon.colcon_core.package_identification:_identify(zed-ros2-examples/rviz-plugin-zed-od) by extensions ['ros']
[0.602s] Level 1:colcon.colcon_core.package_identification:_identify(zed-ros2-examples/rviz-plugin-zed-od) by extension 'ros'
[0.604s] DEBUG:colcon.colcon_core.package_identification:Package 'zed-ros2-examples/rviz-plugin-zed-od' with type 'ros.ament_cmake' and name 'rviz_plugin_zed_od'
[0.604s] Level 1:colcon.colcon_core.package_identification:_identify(zed-ros2-examples/tools) by extensions ['ignore', 'ignore_ament_install']
[0.604s] Level 1:colcon.colcon_core.package_identification:_identify(zed-ros2-examples/tools) by extension 'ignore'
[0.605s] Level 1:colcon.colcon_core.package_identification:_identify(zed-ros2-examples/tools) by extension 'ignore_ament_install'
[0.605s] Level 1:colcon.colcon_core.package_identification:_identify(zed-ros2-examples/tools) by extensions ['colcon_pkg']
[0.605s] Level 1:colcon.colcon_core.package_identification:_identify(zed-ros2-examples/tools) by extension 'colcon_pkg'
[0.605s] Level 1:colcon.colcon_core.package_identification:_identify(zed-ros2-examples/tools) by extensions ['colcon_meta']
[0.605s] Level 1:colcon.colcon_core.package_identification:_identify(zed-ros2-examples/tools) by extension 'colcon_meta'
[0.605s] Level 1:colcon.colcon_core.package_identification:_identify(zed-ros2-examples/tools) by extensions ['ros']
[0.605s] Level 1:colcon.colcon_core.package_identification:_identify(zed-ros2-examples/tools) by extension 'ros'
[0.606s] Level 1:colcon.colcon_core.package_identification:_identify(zed-ros2-examples/tools) by extensions ['cmake', 'python']
[0.606s] Level 1:colcon.colcon_core.package_identification:_identify(zed-ros2-examples/tools) by extension 'cmake'
[0.606s] Level 1:colcon.colcon_core.package_identification:_identify(zed-ros2-examples/tools) by extension 'python'
[0.607s] Level 1:colcon.colcon_core.package_identification:_identify(zed-ros2-examples/tools) by extensions ['python_setup_py']
[0.607s] Level 1:colcon.colcon_core.package_identification:_identify(zed-ros2-examples/tools) by extension 'python_setup_py'
[0.608s] Level 1:colcon.colcon_core.package_identification:_identify(zed-ros2-examples/tools/zed_benchmark) by extensions ['ignore', 'ignore_ament_install']
[0.608s] Level 1:colcon.colcon_core.package_identification:_identify(zed-ros2-examples/tools/zed_benchmark) by extension 'ignore'
[0.609s] Level 1:colcon.colcon_core.package_identification:_identify(zed-ros2-examples/tools/zed_benchmark) by extension 'ignore_ament_install'
[0.609s] Level 1:colcon.colcon_core.package_identification:_identify(zed-ros2-examples/tools/zed_benchmark) by extensions ['colcon_pkg']
[0.609s] Level 1:colcon.colcon_core.package_identification:_identify(zed-ros2-examples/tools/zed_benchmark) by extension 'colcon_pkg'
[0.609s] Level 1:colcon.colcon_core.package_identification:_identify(zed-ros2-examples/tools/zed_benchmark) by extensions ['colcon_meta']
[0.609s] Level 1:colcon.colcon_core.package_identification:_identify(zed-ros2-examples/tools/zed_benchmark) by extension 'colcon_meta'
[0.609s] Level 1:colcon.colcon_core.package_identification:_identify(zed-ros2-examples/tools/zed_benchmark) by extensions ['ros']
[0.609s] Level 1:colcon.colcon_core.package_identification:_identify(zed-ros2-examples/tools/zed_benchmark) by extension 'ros'
[0.613s] DEBUG:colcon.colcon_core.package_identification:Package 'zed-ros2-examples/tools/zed_benchmark' with type 'ros.ament_cmake' and name 'zed_topic_benchmark'
[0.615s] Level 1:colcon.colcon_core.package_identification:_identify(zed-ros2-examples/tools/zed_benchmark_component) by extensions ['ignore', 'ignore_ament_install']
[0.615s] Level 1:colcon.colcon_core.package_identification:_identify(zed-ros2-examples/tools/zed_benchmark_component) by extension 'ignore'
[0.616s] Level 1:colcon.colcon_core.package_identification:_identify(zed-ros2-examples/tools/zed_benchmark_component) by extension 'ignore_ament_install'
[0.616s] Level 1:colcon.colcon_core.package_identification:_identify(zed-ros2-examples/tools/zed_benchmark_component) by extensions ['colcon_pkg']
[0.616s] Level 1:colcon.colcon_core.package_identification:_identify(zed-ros2-examples/tools/zed_benchmark_component) by extension 'colcon_pkg'
[0.616s] Level 1:colcon.colcon_core.package_identification:_identify(zed-ros2-examples/tools/zed_benchmark_component) by extensions ['colcon_meta']
[0.617s] Level 1:colcon.colcon_core.package_identification:_identify(zed-ros2-examples/tools/zed_benchmark_component) by extension 'colcon_meta'
[0.617s] Level 1:colcon.colcon_core.package_identification:_identify(zed-ros2-examples/tools/zed_benchmark_component) by extensions ['ros']
[0.617s] Level 1:colcon.colcon_core.package_identification:_identify(zed-ros2-examples/tools/zed_benchmark_component) by extension 'ros'
[0.618s] DEBUG:colcon.colcon_core.package_identification:Package 'zed-ros2-examples/tools/zed_benchmark_component' with type 'ros.ament_cmake' and name 'zed_topic_benchmark_component'
[0.619s] Level 1:colcon.colcon_core.package_identification:_identify(zed-ros2-examples/tools/zed_benchmark_interfaces) by extensions ['ignore', 'ignore_ament_install']
[0.619s] Level 1:colcon.colcon_core.package_identification:_identify(zed-ros2-examples/tools/zed_benchmark_interfaces) by extension 'ignore'
[0.619s] Level 1:colcon.colcon_core.package_identification:_identify(zed-ros2-examples/tools/zed_benchmark_interfaces) by extension 'ignore_ament_install'
[0.619s] Level 1:colcon.colcon_core.package_identification:_identify(zed-ros2-examples/tools/zed_benchmark_interfaces) by extensions ['colcon_pkg']
[0.619s] Level 1:colcon.colcon_core.package_identification:_identify(zed-ros2-examples/tools/zed_benchmark_interfaces) by extension 'colcon_pkg'
[0.619s] Level 1:colcon.colcon_core.package_identification:_identify(zed-ros2-examples/tools/zed_benchmark_interfaces) by extensions ['colcon_meta']
[0.619s] Level 1:colcon.colcon_core.package_identification:_identify(zed-ros2-examples/tools/zed_benchmark_interfaces) by extension 'colcon_meta'
[0.619s] Level 1:colcon.colcon_core.package_identification:_identify(zed-ros2-examples/tools/zed_benchmark_interfaces) by extensions ['ros']
[0.619s] Level 1:colcon.colcon_core.package_identification:_identify(zed-ros2-examples/tools/zed_benchmark_interfaces) by extension 'ros'
[0.620s] DEBUG:colcon.colcon_core.package_identification:Package 'zed-ros2-examples/tools/zed_benchmark_interfaces' with type 'ros.ament_cmake' and name 'zed_topic_benchmark_interfaces'
[0.620s] Level 1:colcon.colcon_core.package_identification:_identify(zed-ros2-examples/tutorials) by extensions ['ignore', 'ignore_ament_install']
[0.620s] Level 1:colcon.colcon_core.package_identification:_identify(zed-ros2-examples/tutorials) by extension 'ignore'
[0.620s] Level 1:colcon.colcon_core.package_identification:_identify(zed-ros2-examples/tutorials) by extension 'ignore_ament_install'
[0.620s] Level 1:colcon.colcon_core.package_identification:_identify(zed-ros2-examples/tutorials) by extensions ['colcon_pkg']
[0.621s] Level 1:colcon.colcon_core.package_identification:_identify(zed-ros2-examples/tutorials) by extension 'colcon_pkg'
[0.621s] Level 1:colcon.colcon_core.package_identification:_identify(zed-ros2-examples/tutorials) by extensions ['colcon_meta']
[0.621s] Level 1:colcon.colcon_core.package_identification:_identify(zed-ros2-examples/tutorials) by extension 'colcon_meta'
[0.621s] Level 1:colcon.colcon_core.package_identification:_identify(zed-ros2-examples/tutorials) by extensions ['ros']
[0.621s] Level 1:colcon.colcon_core.package_identification:_identify(zed-ros2-examples/tutorials) by extension 'ros'
[0.621s] Level 1:colcon.colcon_core.package_identification:_identify(zed-ros2-examples/tutorials) by extensions ['cmake', 'python']
[0.621s] Level 1:colcon.colcon_core.package_identification:_identify(zed-ros2-examples/tutorials) by extension 'cmake'
[0.621s] Level 1:colcon.colcon_core.package_identification:_identify(zed-ros2-examples/tutorials) by extension 'python'
[0.621s] Level 1:colcon.colcon_core.package_identification:_identify(zed-ros2-examples/tutorials) by extensions ['python_setup_py']
[0.621s] Level 1:colcon.colcon_core.package_identification:_identify(zed-ros2-examples/tutorials) by extension 'python_setup_py'
[0.621s] Level 1:colcon.colcon_core.package_identification:_identify(zed-ros2-examples/tutorials/zed_depth_tutorial) by extensions ['ignore', 'ignore_ament_install']
[0.621s] Level 1:colcon.colcon_core.package_identification:_identify(zed-ros2-examples/tutorials/zed_depth_tutorial) by extension 'ignore'
[0.621s] Level 1:colcon.colcon_core.package_identification:_identify(zed-ros2-examples/tutorials/zed_depth_tutorial) by extension 'ignore_ament_install'
[0.622s] Level 1:colcon.colcon_core.package_identification:_identify(zed-ros2-examples/tutorials/zed_depth_tutorial) by extensions ['colcon_pkg']
[0.622s] Level 1:colcon.colcon_core.package_identification:_identify(zed-ros2-examples/tutorials/zed_depth_tutorial) by extension 'colcon_pkg'
[0.622s] Level 1:colcon.colcon_core.package_identification:_identify(zed-ros2-examples/tutorials/zed_depth_tutorial) by extensions ['colcon_meta']
[0.622s] Level 1:colcon.colcon_core.package_identification:_identify(zed-ros2-examples/tutorials/zed_depth_tutorial) by extension 'colcon_meta'
[0.622s] Level 1:colcon.colcon_core.package_identification:_identify(zed-ros2-examples/tutorials/zed_depth_tutorial) by extensions ['ros']
[0.622s] Level 1:colcon.colcon_core.package_identification:_identify(zed-ros2-examples/tutorials/zed_depth_tutorial) by extension 'ros'
[0.624s] DEBUG:colcon.colcon_core.package_identification:Package 'zed-ros2-examples/tutorials/zed_depth_tutorial' with type 'ros.ament_cmake' and name 'zed_tutorial_depth'
[0.625s] Level 1:colcon.colcon_core.package_identification:_identify(zed-ros2-examples/tutorials/zed_ipc) by extensions ['ignore', 'ignore_ament_install']
[0.625s] Level 1:colcon.colcon_core.package_identification:_identify(zed-ros2-examples/tutorials/zed_ipc) by extension 'ignore'
[0.625s] Level 1:colcon.colcon_core.package_identification:_identify(zed-ros2-examples/tutorials/zed_ipc) by extension 'ignore_ament_install'
[0.625s] Level 1:colcon.colcon_core.package_identification:_identify(zed-ros2-examples/tutorials/zed_ipc) by extensions ['colcon_pkg']
[0.625s] Level 1:colcon.colcon_core.package_identification:_identify(zed-ros2-examples/tutorials/zed_ipc) by extension 'colcon_pkg'
[0.626s] Level 1:colcon.colcon_core.package_identification:_identify(zed-ros2-examples/tutorials/zed_ipc) by extensions ['colcon_meta']
[0.626s] Level 1:colcon.colcon_core.package_identification:_identify(zed-ros2-examples/tutorials/zed_ipc) by extension 'colcon_meta'
[0.626s] Level 1:colcon.colcon_core.package_identification:_identify(zed-ros2-examples/tutorials/zed_ipc) by extensions ['ros']
[0.626s] Level 1:colcon.colcon_core.package_identification:_identify(zed-ros2-examples/tutorials/zed_ipc) by extension 'ros'
[0.628s] DEBUG:colcon.colcon_core.package_identification:Package 'zed-ros2-examples/tutorials/zed_ipc' with type 'ros.ament_cmake' and name 'zed_ipc'
[0.629s] Level 1:colcon.colcon_core.package_identification:_identify(zed-ros2-examples/tutorials/zed_multi_camera) by extensions ['ignore', 'ignore_ament_install']
[0.630s] Level 1:colcon.colcon_core.package_identification:_identify(zed-ros2-examples/tutorials/zed_multi_camera) by extension 'ignore'
[0.630s] Level 1:colcon.colcon_core.package_identification:_identify(zed-ros2-examples/tutorials/zed_multi_camera) by extension 'ignore_ament_install'
[0.631s] Level 1:colcon.colcon_core.package_identification:_identify(zed-ros2-examples/tutorials/zed_multi_camera) by extensions ['colcon_pkg']
[0.631s] Level 1:colcon.colcon_core.package_identification:_identify(zed-ros2-examples/tutorials/zed_multi_camera) by extension 'colcon_pkg'
[0.631s] Level 1:colcon.colcon_core.package_identification:_identify(zed-ros2-examples/tutorials/zed_multi_camera) by extensions ['colcon_meta']
[0.631s] Level 1:colcon.colcon_core.package_identification:_identify(zed-ros2-examples/tutorials/zed_multi_camera) by extension 'colcon_meta'
[0.631s] Level 1:colcon.colcon_core.package_identification:_identify(zed-ros2-examples/tutorials/zed_multi_camera) by extensions ['ros']
[0.631s] Level 1:colcon.colcon_core.package_identification:_identify(zed-ros2-examples/tutorials/zed_multi_camera) by extension 'ros'
[0.633s] DEBUG:colcon.colcon_core.package_identification:Package 'zed-ros2-examples/tutorials/zed_multi_camera' with type 'ros.ament_cmake' and name 'zed_multi_camera'
[0.634s] Level 1:colcon.colcon_core.package_identification:_identify(zed-ros2-examples/tutorials/zed_pose_tutorial) by extensions ['ignore', 'ignore_ament_install']
[0.634s] Level 1:colcon.colcon_core.package_identification:_identify(zed-ros2-examples/tutorials/zed_pose_tutorial) by extension 'ignore'
[0.634s] Level 1:colcon.colcon_core.package_identification:_identify(zed-ros2-examples/tutorials/zed_pose_tutorial) by extension 'ignore_ament_install'
[0.634s] Level 1:colcon.colcon_core.package_identification:_identify(zed-ros2-examples/tutorials/zed_pose_tutorial) by extensions ['colcon_pkg']
[0.634s] Level 1:colcon.colcon_core.package_identification:_identify(zed-ros2-examples/tutorials/zed_pose_tutorial) by extension 'colcon_pkg'
[0.634s] Level 1:colcon.colcon_core.package_identification:_identify(zed-ros2-examples/tutorials/zed_pose_tutorial) by extensions ['colcon_meta']
[0.634s] Level 1:colcon.colcon_core.package_identification:_identify(zed-ros2-examples/tutorials/zed_pose_tutorial) by extension 'colcon_meta'
[0.635s] Level 1:colcon.colcon_core.package_identification:_identify(zed-ros2-examples/tutorials/zed_pose_tutorial) by extensions ['ros']
[0.635s] Level 1:colcon.colcon_core.package_identification:_identify(zed-ros2-examples/tutorials/zed_pose_tutorial) by extension 'ros'
[0.637s] DEBUG:colcon.colcon_core.package_identification:Package 'zed-ros2-examples/tutorials/zed_pose_tutorial' with type 'ros.ament_cmake' and name 'zed_tutorial_pos_tracking'
[0.637s] Level 1:colcon.colcon_core.package_identification:_identify(zed-ros2-examples/tutorials/zed_rgb_convert) by extensions ['ignore', 'ignore_ament_install']
[0.638s] Level 1:colcon.colcon_core.package_identification:_identify(zed-ros2-examples/tutorials/zed_rgb_convert) by extension 'ignore'
[0.638s] Level 1:colcon.colcon_core.package_identification:_identify(zed-ros2-examples/tutorials/zed_rgb_convert) by extension 'ignore_ament_install'
[0.638s] Level 1:colcon.colcon_core.package_identification:_identify(zed-ros2-examples/tutorials/zed_rgb_convert) by extensions ['colcon_pkg']
[0.638s] Level 1:colcon.colcon_core.package_identification:_identify(zed-ros2-examples/tutorials/zed_rgb_convert) by extension 'colcon_pkg'
[0.638s] Level 1:colcon.colcon_core.package_identification:_identify(zed-ros2-examples/tutorials/zed_rgb_convert) by extensions ['colcon_meta']
[0.638s] Level 1:colcon.colcon_core.package_identification:_identify(zed-ros2-examples/tutorials/zed_rgb_convert) by extension 'colcon_meta'
[0.638s] Level 1:colcon.colcon_core.package_identification:_identify(zed-ros2-examples/tutorials/zed_rgb_convert) by extensions ['ros']
[0.638s] Level 1:colcon.colcon_core.package_identification:_identify(zed-ros2-examples/tutorials/zed_rgb_convert) by extension 'ros'
[0.640s] DEBUG:colcon.colcon_core.package_identification:Package 'zed-ros2-examples/tutorials/zed_rgb_convert' with type 'ros.ament_cmake' and name 'zed_rgb_convert'
[0.641s] Level 1:colcon.colcon_core.package_identification:_identify(zed-ros2-examples/tutorials/zed_robot_integration) by extensions ['ignore', 'ignore_ament_install']
[0.641s] Level 1:colcon.colcon_core.package_identification:_identify(zed-ros2-examples/tutorials/zed_robot_integration) by extension 'ignore'
[0.641s] Level 1:colcon.colcon_core.package_identification:_identify(zed-ros2-examples/tutorials/zed_robot_integration) by extension 'ignore_ament_install'
[0.641s] Level 1:colcon.colcon_core.package_identification:_identify(zed-ros2-examples/tutorials/zed_robot_integration) by extensions ['colcon_pkg']
[0.641s] Level 1:colcon.colcon_core.package_identification:_identify(zed-ros2-examples/tutorials/zed_robot_integration) by extension 'colcon_pkg'
[0.641s] Level 1:colcon.colcon_core.package_identification:_identify(zed-ros2-examples/tutorials/zed_robot_integration) by extensions ['colcon_meta']
[0.642s] Level 1:colcon.colcon_core.package_identification:_identify(zed-ros2-examples/tutorials/zed_robot_integration) by extension 'colcon_meta'
[0.642s] Level 1:colcon.colcon_core.package_identification:_identify(zed-ros2-examples/tutorials/zed_robot_integration) by extensions ['ros']
[0.642s] Level 1:colcon.colcon_core.package_identification:_identify(zed-ros2-examples/tutorials/zed_robot_integration) by extension 'ros'
[0.644s] DEBUG:colcon.colcon_core.package_identification:Package 'zed-ros2-examples/tutorials/zed_robot_integration' with type 'ros.ament_cmake' and name 'zed_robot_integration'
[0.644s] Level 1:colcon.colcon_core.package_identification:_identify(zed-ros2-examples/tutorials/zed_video_tutorial) by extensions ['ignore', 'ignore_ament_install']
[0.645s] Level 1:colcon.colcon_core.package_identification:_identify(zed-ros2-examples/tutorials/zed_video_tutorial) by extension 'ignore'
[0.645s] Level 1:colcon.colcon_core.package_identification:_identify(zed-ros2-examples/tutorials/zed_video_tutorial) by extension 'ignore_ament_install'
[0.645s] Level 1:colcon.colcon_core.package_identification:_identify(zed-ros2-examples/tutorials/zed_video_tutorial) by extensions ['colcon_pkg']
[0.645s] Level 1:colcon.colcon_core.package_identification:_identify(zed-ros2-examples/tutorials/zed_video_tutorial) by extension 'colcon_pkg'
[0.645s] Level 1:colcon.colcon_core.package_identification:_identify(zed-ros2-examples/tutorials/zed_video_tutorial) by extensions ['colcon_meta']
[0.645s] Level 1:colcon.colcon_core.package_identification:_identify(zed-ros2-examples/tutorials/zed_video_tutorial) by extension 'colcon_meta'
[0.645s] Level 1:colcon.colcon_core.package_identification:_identify(zed-ros2-examples/tutorials/zed_video_tutorial) by extensions ['ros']
[0.645s] Level 1:colcon.colcon_core.package_identification:_identify(zed-ros2-examples/tutorials/zed_video_tutorial) by extension 'ros'
[0.647s] DEBUG:colcon.colcon_core.package_identification:Package 'zed-ros2-examples/tutorials/zed_video_tutorial' with type 'ros.ament_cmake' and name 'zed_tutorial_video'
[0.648s] Level 1:colcon.colcon_core.package_identification:_identify(zed-ros2-examples/zed_display_foxglove) by extensions ['ignore', 'ignore_ament_install']
[0.649s] Level 1:colcon.colcon_core.package_identification:_identify(zed-ros2-examples/zed_display_foxglove) by extension 'ignore'
[0.649s] Level 1:colcon.colcon_core.package_identification:_identify(zed-ros2-examples/zed_display_foxglove) by extension 'ignore_ament_install'
[0.650s] Level 1:colcon.colcon_core.package_identification:_identify(zed-ros2-examples/zed_display_foxglove) by extensions ['colcon_pkg']
[0.650s] Level 1:colcon.colcon_core.package_identification:_identify(zed-ros2-examples/zed_display_foxglove) by extension 'colcon_pkg'
[0.650s] Level 1:colcon.colcon_core.package_identification:_identify(zed-ros2-examples/zed_display_foxglove) by extensions ['colcon_meta']
[0.650s] Level 1:colcon.colcon_core.package_identification:_identify(zed-ros2-examples/zed_display_foxglove) by extension 'colcon_meta'
[0.650s] Level 1:colcon.colcon_core.package_identification:_identify(zed-ros2-examples/zed_display_foxglove) by extensions ['ros']
[0.650s] Level 1:colcon.colcon_core.package_identification:_identify(zed-ros2-examples/zed_display_foxglove) by extension 'ros'
[0.650s] Level 1:colcon.colcon_core.package_identification:_identify(zed-ros2-examples/zed_display_foxglove) by extensions ['cmake', 'python']
[0.650s] Level 1:colcon.colcon_core.package_identification:_identify(zed-ros2-examples/zed_display_foxglove) by extension 'cmake'
[0.651s] Level 1:colcon.colcon_core.package_identification:_identify(zed-ros2-examples/zed_display_foxglove) by extension 'python'
[0.651s] Level 1:colcon.colcon_core.package_identification:_identify(zed-ros2-examples/zed_display_foxglove) by extensions ['python_setup_py']
[0.651s] Level 1:colcon.colcon_core.package_identification:_identify(zed-ros2-examples/zed_display_foxglove) by extension 'python_setup_py'
[0.651s] Level 1:colcon.colcon_core.package_identification:_identify(zed-ros2-examples/zed_display_foxglove/images) by extensions ['ignore', 'ignore_ament_install']
[0.651s] Level 1:colcon.colcon_core.package_identification:_identify(zed-ros2-examples/zed_display_foxglove/images) by extension 'ignore'
[0.651s] Level 1:colcon.colcon_core.package_identification:_identify(zed-ros2-examples/zed_display_foxglove/images) by extension 'ignore_ament_install'
[0.652s] Level 1:colcon.colcon_core.package_identification:_identify(zed-ros2-examples/zed_display_foxglove/images) by extensions ['colcon_pkg']
[0.652s] Level 1:colcon.colcon_core.package_identification:_identify(zed-ros2-examples/zed_display_foxglove/images) by extension 'colcon_pkg'
[0.652s] Level 1:colcon.colcon_core.package_identification:_identify(zed-ros2-examples/zed_display_foxglove/images) by extensions ['colcon_meta']
[0.652s] Level 1:colcon.colcon_core.package_identification:_identify(zed-ros2-examples/zed_display_foxglove/images) by extension 'colcon_meta'
[0.652s] Level 1:colcon.colcon_core.package_identification:_identify(zed-ros2-examples/zed_display_foxglove/images) by extensions ['ros']
[0.652s] Level 1:colcon.colcon_core.package_identification:_identify(zed-ros2-examples/zed_display_foxglove/images) by extension 'ros'
[0.652s] Level 1:colcon.colcon_core.package_identification:_identify(zed-ros2-examples/zed_display_foxglove/images) by extensions ['cmake', 'python']
[0.652s] Level 1:colcon.colcon_core.package_identification:_identify(zed-ros2-examples/zed_display_foxglove/images) by extension 'cmake'
[0.652s] Level 1:colcon.colcon_core.package_identification:_identify(zed-ros2-examples/zed_display_foxglove/images) by extension 'python'
[0.652s] Level 1:colcon.colcon_core.package_identification:_identify(zed-ros2-examples/zed_display_foxglove/images) by extensions ['python_setup_py']
[0.652s] Level 1:colcon.colcon_core.package_identification:_identify(zed-ros2-examples/zed_display_foxglove/images) by extension 'python_setup_py'
[0.652s] Level 1:colcon.colcon_core.package_identification:_identify(zed-ros2-examples/zed_display_foxglove/layouts) by extensions ['ignore', 'ignore_ament_install']
[0.653s] Level 1:colcon.colcon_core.package_identification:_identify(zed-ros2-examples/zed_display_foxglove/layouts) by extension 'ignore'
[0.653s] Level 1:colcon.colcon_core.package_identification:_identify(zed-ros2-examples/zed_display_foxglove/layouts) by extension 'ignore_ament_install'
[0.653s] Level 1:colcon.colcon_core.package_identification:_identify(zed-ros2-examples/zed_display_foxglove/layouts) by extensions ['colcon_pkg']
[0.653s] Level 1:colcon.colcon_core.package_identification:_identify(zed-ros2-examples/zed_display_foxglove/layouts) by extension 'colcon_pkg'
[0.653s] Level 1:colcon.colcon_core.package_identification:_identify(zed-ros2-examples/zed_display_foxglove/layouts) by extensions ['colcon_meta']
[0.653s] Level 1:colcon.colcon_core.package_identification:_identify(zed-ros2-examples/zed_display_foxglove/layouts) by extension 'colcon_meta'
[0.653s] Level 1:colcon.colcon_core.package_identification:_identify(zed-ros2-examples/zed_display_foxglove/layouts) by extensions ['ros']
[0.653s] Level 1:colcon.colcon_core.package_identification:_identify(zed-ros2-examples/zed_display_foxglove/layouts) by extension 'ros'
[0.653s] Level 1:colcon.colcon_core.package_identification:_identify(zed-ros2-examples/zed_display_foxglove/layouts) by extensions ['cmake', 'python']
[0.653s] Level 1:colcon.colcon_core.package_identification:_identify(zed-ros2-examples/zed_display_foxglove/layouts) by extension 'cmake'
[0.653s] Level 1:colcon.colcon_core.package_identification:_identify(zed-ros2-examples/zed_display_foxglove/layouts) by extension 'python'
[0.654s] Level 1:colcon.colcon_core.package_identification:_identify(zed-ros2-examples/zed_display_foxglove/layouts) by extensions ['python_setup_py']
[0.654s] Level 1:colcon.colcon_core.package_identification:_identify(zed-ros2-examples/zed_display_foxglove/layouts) by extension 'python_setup_py'
[0.654s] Level 1:colcon.colcon_core.package_identification:_identify(zed-ros2-examples/zed_display_rviz2) by extensions ['ignore', 'ignore_ament_install']
[0.654s] Level 1:colcon.colcon_core.package_identification:_identify(zed-ros2-examples/zed_display_rviz2) by extension 'ignore'
[0.654s] Level 1:colcon.colcon_core.package_identification:_identify(zed-ros2-examples/zed_display_rviz2) by extension 'ignore_ament_install'
[0.654s] Level 1:colcon.colcon_core.package_identification:_identify(zed-ros2-examples/zed_display_rviz2) by extensions ['colcon_pkg']
[0.655s] Level 1:colcon.colcon_core.package_identification:_identify(zed-ros2-examples/zed_display_rviz2) by extension 'colcon_pkg'
[0.655s] Level 1:colcon.colcon_core.package_identification:_identify(zed-ros2-examples/zed_display_rviz2) by extensions ['colcon_meta']
[0.655s] Level 1:colcon.colcon_core.package_identification:_identify(zed-ros2-examples/zed_display_rviz2) by extension 'colcon_meta'
[0.655s] Level 1:colcon.colcon_core.package_identification:_identify(zed-ros2-examples/zed_display_rviz2) by extensions ['ros']
[0.655s] Level 1:colcon.colcon_core.package_identification:_identify(zed-ros2-examples/zed_display_rviz2) by extension 'ros'
[0.656s] DEBUG:colcon.colcon_core.package_identification:Package 'zed-ros2-examples/zed_display_rviz2' with type 'ros.ament_cmake' and name 'zed_display_rviz2'
[0.656s] Level 1:colcon.colcon_core.package_identification:_identify(zed-ros2-interfaces) by extensions ['ignore', 'ignore_ament_install']
[0.656s] Level 1:colcon.colcon_core.package_identification:_identify(zed-ros2-interfaces) by extension 'ignore'
[0.657s] Level 1:colcon.colcon_core.package_identification:_identify(zed-ros2-interfaces) by extension 'ignore_ament_install'
[0.657s] Level 1:colcon.colcon_core.package_identification:_identify(zed-ros2-interfaces) by extensions ['colcon_pkg']
[0.657s] Level 1:colcon.colcon_core.package_identification:_identify(zed-ros2-interfaces) by extension 'colcon_pkg'
[0.657s] Level 1:colcon.colcon_core.package_identification:_identify(zed-ros2-interfaces) by extensions ['colcon_meta']
[0.657s] Level 1:colcon.colcon_core.package_identification:_identify(zed-ros2-interfaces) by extension 'colcon_meta'
[0.657s] Level 1:colcon.colcon_core.package_identification:_identify(zed-ros2-interfaces) by extensions ['ros']
[0.657s] Level 1:colcon.colcon_core.package_identification:_identify(zed-ros2-interfaces) by extension 'ros'
[0.658s] DEBUG:colcon.colcon_core.package_identification:Package 'zed-ros2-interfaces' with type 'ros.ament_cmake' and name 'zed_msgs'
[0.659s] Level 1:colcon.colcon_core.package_identification:_identify(zed-ros2-wrapper) by extensions ['ignore', 'ignore_ament_install']
[0.660s] Level 1:colcon.colcon_core.package_identification:_identify(zed-ros2-wrapper) by extension 'ignore'
[0.660s] Level 1:colcon.colcon_core.package_identification:_identify(zed-ros2-wrapper) by extension 'ignore_ament_install'
[0.660s] Level 1:colcon.colcon_core.package_identification:_identify(zed-ros2-wrapper) by extensions ['colcon_pkg']
[0.660s] Level 1:colcon.colcon_core.package_identification:_identify(zed-ros2-wrapper) by extension 'colcon_pkg'
[0.660s] Level 1:colcon.colcon_core.package_identification:_identify(zed-ros2-wrapper) by extensions ['colcon_meta']
[0.660s] Level 1:colcon.colcon_core.package_identification:_identify(zed-ros2-wrapper) by extension 'colcon_meta'
[0.661s] Level 1:colcon.colcon_core.package_identification:_identify(zed-ros2-wrapper) by extensions ['ros']
[0.661s] Level 1:colcon.colcon_core.package_identification:_identify(zed-ros2-wrapper) by extension 'ros'
[0.661s] Level 1:colcon.colcon_core.package_identification:_identify(zed-ros2-wrapper) by extensions ['cmake', 'python']
[0.661s] Level 1:colcon.colcon_core.package_identification:_identify(zed-ros2-wrapper) by extension 'cmake'
[0.661s] Level 1:colcon.colcon_core.package_identification:_identify(zed-ros2-wrapper) by extension 'python'
[0.661s] Level 1:colcon.colcon_core.package_identification:_identify(zed-ros2-wrapper) by extensions ['python_setup_py']
[0.662s] Level 1:colcon.colcon_core.package_identification:_identify(zed-ros2-wrapper) by extension 'python_setup_py'
[0.662s] Level 1:colcon.colcon_core.package_identification:_identify(zed-ros2-wrapper/docker) by extensions ['ignore', 'ignore_ament_install']
[0.662s] Level 1:colcon.colcon_core.package_identification:_identify(zed-ros2-wrapper/docker) by extension 'ignore'
[0.663s] Level 1:colcon.colcon_core.package_identification:_identify(zed-ros2-wrapper/docker) by extension 'ignore_ament_install'
[0.663s] Level 1:colcon.colcon_core.package_identification:_identify(zed-ros2-wrapper/docker) by extensions ['colcon_pkg']
[0.663s] Level 1:colcon.colcon_core.package_identification:_identify(zed-ros2-wrapper/docker) by extension 'colcon_pkg'
[0.663s] Level 1:colcon.colcon_core.package_identification:_identify(zed-ros2-wrapper/docker) by extensions ['colcon_meta']
[0.663s] Level 1:colcon.colcon_core.package_identification:_identify(zed-ros2-wrapper/docker) by extension 'colcon_meta'
[0.663s] Level 1:colcon.colcon_core.package_identification:_identify(zed-ros2-wrapper/docker) by extensions ['ros']
[0.663s] Level 1:colcon.colcon_core.package_identification:_identify(zed-ros2-wrapper/docker) by extension 'ros'
[0.664s] Level 1:colcon.colcon_core.package_identification:_identify(zed-ros2-wrapper/docker) by extensions ['cmake', 'python']
[0.664s] Level 1:colcon.colcon_core.package_identification:_identify(zed-ros2-wrapper/docker) by extension 'cmake'
[0.664s] Level 1:colcon.colcon_core.package_identification:_identify(zed-ros2-wrapper/docker) by extension 'python'
[0.664s] Level 1:colcon.colcon_core.package_identification:_identify(zed-ros2-wrapper/docker) by extensions ['python_setup_py']
[0.664s] Level 1:colcon.colcon_core.package_identification:_identify(zed-ros2-wrapper/docker) by extension 'python_setup_py'
[0.665s] Level 1:colcon.colcon_core.package_identification:_identify(zed-ros2-wrapper/images) by extensions ['ignore', 'ignore_ament_install']
[0.666s] Level 1:colcon.colcon_core.package_identification:_identify(zed-ros2-wrapper/images) by extension 'ignore'
[0.666s] Level 1:colcon.colcon_core.package_identification:_identify(zed-ros2-wrapper/images) by extension 'ignore_ament_install'
[0.667s] Level 1:colcon.colcon_core.package_identification:_identify(zed-ros2-wrapper/images) by extensions ['colcon_pkg']
[0.667s] Level 1:colcon.colcon_core.package_identification:_identify(zed-ros2-wrapper/images) by extension 'colcon_pkg'
[0.667s] Level 1:colcon.colcon_core.package_identification:_identify(zed-ros2-wrapper/images) by extensions ['colcon_meta']
[0.667s] Level 1:colcon.colcon_core.package_identification:_identify(zed-ros2-wrapper/images) by extension 'colcon_meta'
[0.667s] Level 1:colcon.colcon_core.package_identification:_identify(zed-ros2-wrapper/images) by extensions ['ros']
[0.667s] Level 1:colcon.colcon_core.package_identification:_identify(zed-ros2-wrapper/images) by extension 'ros'
[0.668s] Level 1:colcon.colcon_core.package_identification:_identify(zed-ros2-wrapper/images) by extensions ['cmake', 'python']
[0.668s] Level 1:colcon.colcon_core.package_identification:_identify(zed-ros2-wrapper/images) by extension 'cmake'
[0.668s] Level 1:colcon.colcon_core.package_identification:_identify(zed-ros2-wrapper/images) by extension 'python'
[0.668s] Level 1:colcon.colcon_core.package_identification:_identify(zed-ros2-wrapper/images) by extensions ['python_setup_py']
[0.668s] Level 1:colcon.colcon_core.package_identification:_identify(zed-ros2-wrapper/images) by extension 'python_setup_py'
[0.668s] Level 1:colcon.colcon_core.package_identification:_identify(zed-ros2-wrapper/zed_components) by extensions ['ignore', 'ignore_ament_install']
[0.669s] Level 1:colcon.colcon_core.package_identification:_identify(zed-ros2-wrapper/zed_components) by extension 'ignore'
[0.669s] Level 1:colcon.colcon_core.package_identification:_identify(zed-ros2-wrapper/zed_components) by extension 'ignore_ament_install'
[0.669s] Level 1:colcon.colcon_core.package_identification:_identify(zed-ros2-wrapper/zed_components) by extensions ['colcon_pkg']
[0.669s] Level 1:colcon.colcon_core.package_identification:_identify(zed-ros2-wrapper/zed_components) by extension 'colcon_pkg'
[0.670s] Level 1:colcon.colcon_core.package_identification:_identify(zed-ros2-wrapper/zed_components) by extensions ['colcon_meta']
[0.670s] Level 1:colcon.colcon_core.package_identification:_identify(zed-ros2-wrapper/zed_components) by extension 'colcon_meta'
[0.670s] Level 1:colcon.colcon_core.package_identification:_identify(zed-ros2-wrapper/zed_components) by extensions ['ros']
[0.670s] Level 1:colcon.colcon_core.package_identification:_identify(zed-ros2-wrapper/zed_components) by extension 'ros'
[0.673s] DEBUG:colcon.colcon_core.package_identification:Package 'zed-ros2-wrapper/zed_components' with type 'ros.ament_cmake' and name 'zed_components'
[0.674s] Level 1:colcon.colcon_core.package_identification:_identify(zed-ros2-wrapper/zed_ros2) by extensions ['ignore', 'ignore_ament_install']
[0.675s] Level 1:colcon.colcon_core.package_identification:_identify(zed-ros2-wrapper/zed_ros2) by extension 'ignore'
[0.675s] Level 1:colcon.colcon_core.package_identification:_identify(zed-ros2-wrapper/zed_ros2) by extension 'ignore_ament_install'
[0.675s] Level 1:colcon.colcon_core.package_identification:_identify(zed-ros2-wrapper/zed_ros2) by extensions ['colcon_pkg']
[0.675s] Level 1:colcon.colcon_core.package_identification:_identify(zed-ros2-wrapper/zed_ros2) by extension 'colcon_pkg'
[0.675s] Level 1:colcon.colcon_core.package_identification:_identify(zed-ros2-wrapper/zed_ros2) by extensions ['colcon_meta']
[0.675s] Level 1:colcon.colcon_core.package_identification:_identify(zed-ros2-wrapper/zed_ros2) by extension 'colcon_meta'
[0.675s] Level 1:colcon.colcon_core.package_identification:_identify(zed-ros2-wrapper/zed_ros2) by extensions ['ros']
[0.675s] Level 1:colcon.colcon_core.package_identification:_identify(zed-ros2-wrapper/zed_ros2) by extension 'ros'
[0.677s] DEBUG:colcon.colcon_core.package_identification:Package 'zed-ros2-wrapper/zed_ros2' with type 'ros.ament_cmake' and name 'zed_ros2'
[0.678s] Level 1:colcon.colcon_core.package_identification:_identify(zed-ros2-wrapper/zed_wrapper) by extensions ['ignore', 'ignore_ament_install']
[0.679s] Level 1:colcon.colcon_core.package_identification:_identify(zed-ros2-wrapper/zed_wrapper) by extension 'ignore'
[0.679s] Level 1:colcon.colcon_core.package_identification:_identify(zed-ros2-wrapper/zed_wrapper) by extension 'ignore_ament_install'
[0.679s] Level 1:colcon.colcon_core.package_identification:_identify(zed-ros2-wrapper/zed_wrapper) by extensions ['colcon_pkg']
[0.679s] Level 1:colcon.colcon_core.package_identification:_identify(zed-ros2-wrapper/zed_wrapper) by extension 'colcon_pkg'
[0.679s] Level 1:colcon.colcon_core.package_identification:_identify(zed-ros2-wrapper/zed_wrapper) by extensions ['colcon_meta']
[0.679s] Level 1:colcon.colcon_core.package_identification:_identify(zed-ros2-wrapper/zed_wrapper) by extension 'colcon_meta'
[0.679s] Level 1:colcon.colcon_core.package_identification:_identify(zed-ros2-wrapper/zed_wrapper) by extensions ['ros']
[0.679s] Level 1:colcon.colcon_core.package_identification:_identify(zed-ros2-wrapper/zed_wrapper) by extension 'ros'
[0.686s] DEBUG:colcon.colcon_core.package_identification:Package 'zed-ros2-wrapper/zed_wrapper' with type 'ros.ament_cmake' and name 'zed_wrapper'
[0.687s] Level 1:colcon.colcon_core.package_identification:_identify(zed_mini) by extensions ['ignore', 'ignore_ament_install']
[0.687s] Level 1:colcon.colcon_core.package_identification:_identify(zed_mini) by extension 'ignore'
[0.687s] Level 1:colcon.colcon_core.package_identification:_identify(zed_mini) by extension 'ignore_ament_install'
[0.687s] Level 1:colcon.colcon_core.package_identification:_identify(zed_mini) by extensions ['colcon_pkg']
[0.687s] Level 1:colcon.colcon_core.package_identification:_identify(zed_mini) by extension 'colcon_pkg'
[0.687s] Level 1:colcon.colcon_core.package_identification:_identify(zed_mini) by extensions ['colcon_meta']
[0.687s] Level 1:colcon.colcon_core.package_identification:_identify(zed_mini) by extension 'colcon_meta'
[0.687s] Level 1:colcon.colcon_core.package_identification:_identify(zed_mini) by extensions ['ros']
[0.687s] Level 1:colcon.colcon_core.package_identification:_identify(zed_mini) by extension 'ros'
[0.688s] DEBUG:colcon.colcon_core.package_identification:Package 'zed_mini' with type 'ros.ament_python' and name 'zed_mini'
[0.689s] Level 1:colcon.colcon_core.package_identification:_identify(zed_recorder_cpp) by extensions ['ignore', 'ignore_ament_install']
[0.689s] Level 1:colcon.colcon_core.package_identification:_identify(zed_recorder_cpp) by extension 'ignore'
[0.689s] Level 1:colcon.colcon_core.package_identification:_identify(zed_recorder_cpp) by extension 'ignore_ament_install'
[0.689s] Level 1:colcon.colcon_core.package_identification:_identify(zed_recorder_cpp) by extensions ['colcon_pkg']
[0.689s] Level 1:colcon.colcon_core.package_identification:_identify(zed_recorder_cpp) by extension 'colcon_pkg'
[0.689s] Level 1:colcon.colcon_core.package_identification:_identify(zed_recorder_cpp) by extensions ['colcon_meta']
[0.689s] Level 1:colcon.colcon_core.package_identification:_identify(zed_recorder_cpp) by extension 'colcon_meta'
[0.689s] Level 1:colcon.colcon_core.package_identification:_identify(zed_recorder_cpp) by extensions ['ros']
[0.689s] Level 1:colcon.colcon_core.package_identification:_identify(zed_recorder_cpp) by extension 'ros'
[0.692s] DEBUG:colcon.colcon_core.package_identification:Package 'zed_recorder_cpp' with type 'ros.ament_cmake' and name 'zed_recorder_cpp'
[0.692s] Level 1:colcon.colcon_core.package_discovery:discover_packages(recursive) using defaults
[0.693s] Level 1:colcon.colcon_core.package_discovery:discover_packages(ignore) discover
[0.693s] Level 1:colcon.colcon_core.package_discovery:discover_packages(ignore) using defaults
[0.693s] Level 1:colcon.colcon_core.package_discovery:discover_packages(path) discover
[0.693s] Level 1:colcon.colcon_core.package_discovery:discover_packages(path) using defaults
[0.777s] INFO:colcon.colcon_core.package_selection:Skipping not selected package 'apriltagdetection' in 'apriltagdetection'
[0.778s] INFO:colcon.colcon_core.package_selection:Skipping not selected package 'blink_interface' in 'blink_interface /blink_interface '
[0.778s] INFO:colcon.colcon_core.package_selection:Skipping not selected package 'egocentric_msg' in 'egocentric_msg'
[0.778s] INFO:colcon.colcon_core.package_selection:Skipping not selected package 'gaze_interface' in 'gaze_interface'
[0.778s] INFO:colcon.colcon_core.package_selection:Skipping not selected package 'imu_interface' in 'imu_interface'
[0.778s] INFO:colcon.colcon_core.package_selection:Skipping not selected package 'latency_tools' in 'latency_tools'
[0.778s] INFO:colcon.colcon_core.package_selection:Skipping not selected package 'recording_gaze' in 'recording_gaze'
[0.778s] INFO:colcon.colcon_core.package_selection:Skipping not selected package 'recording_scene' in 'recording_scene'
[0.778s] INFO:colcon.colcon_core.package_selection:Skipping not selected package 'recording_scene_python' in 'recording_scene_python'
[0.778s] INFO:colcon.colcon_core.package_selection:Skipping not selected package 'recording_zed_depth' in 'recording_zed_depth'
[0.778s] INFO:colcon.colcon_core.package_selection:Skipping not selected package 'recording_zed_depth_rgb' in 'recording_zed_depth_rgb'
[0.778s] INFO:colcon.colcon_core.package_selection:Skipping not selected package 'recording_zed_rgb' in 'recording_zed_rgb'
[0.778s] INFO:colcon.colcon_core.package_selection:Skipping not selected package 'tf_recording' in 'tf_recording'
[0.778s] INFO:colcon.colcon_core.package_selection:Skipping not selected package 'zed_mini' in 'zed_mini'
[0.779s] INFO:colcon.colcon_core.package_selection:Skipping not selected package 'zed_msgs' in 'zed-ros2-interfaces'
[0.779s] INFO:colcon.colcon_core.package_selection:Skipping not selected package 'zed_recorder_cpp' in 'zed_recorder_cpp'
[0.779s] INFO:colcon.colcon_core.package_selection:Skipping not selected package 'zed_topic_benchmark_interfaces' in 'zed-ros2-examples/tools/zed_benchmark_interfaces'
[0.779s] INFO:colcon.colcon_core.package_selection:Skipping not selected package 'zed_tutorial_depth' in 'zed-ros2-examples/tutorials/zed_depth_tutorial'
[0.779s] INFO:colcon.colcon_core.package_selection:Skipping not selected package 'zed_tutorial_pos_tracking' in 'zed-ros2-examples/tutorials/zed_pose_tutorial'
[0.779s] INFO:colcon.colcon_core.package_selection:Skipping not selected package 'zed_tutorial_video' in 'zed-ros2-examples/tutorials/zed_video_tutorial'
[0.779s] INFO:colcon.colcon_core.package_selection:Skipping not selected package 'async_pupil_wrapper' in 'async_pupil_wrapper'
[0.779s] INFO:colcon.colcon_core.package_selection:Skipping not selected package 'pupil_labs_wrapper' in 'pupil_labs_wrapper'
[0.779s] INFO:colcon.colcon_core.package_selection:Skipping not selected package 'recording_blink' in 'recording_blink'
[0.779s] INFO:colcon.colcon_core.package_selection:Skipping not selected package 'recording_controller_pkg' in 'recording_controller_pkg'
[0.780s] INFO:colcon.colcon_core.package_selection:Skipping not selected package 'recording_imu' in 'recording_imu'
[0.780s] INFO:colcon.colcon_core.package_selection:Skipping not selected package 'rviz_plugin_zed_od' in 'zed-ros2-examples/rviz-plugin-zed-od'
[0.780s] INFO:colcon.colcon_core.package_selection:Skipping not selected package 'zed_components' in 'zed-ros2-wrapper/zed_components'
[0.780s] INFO:colcon.colcon_core.package_selection:Skipping not selected package 'zed_topic_benchmark_component' in 'zed-ros2-examples/tools/zed_benchmark_component'
[0.780s] INFO:colcon.colcon_core.package_selection:Skipping not selected package 'zed_aruco_localization' in 'zed-ros2-examples/examples/zed_aruco_localization'
[0.780s] INFO:colcon.colcon_core.package_selection:Skipping not selected package 'zed_rgb_convert' in 'zed-ros2-examples/tutorials/zed_rgb_convert'
[0.780s] INFO:colcon.colcon_core.package_selection:Skipping not selected package 'zed_topic_benchmark' in 'zed-ros2-examples/tools/zed_benchmark'
[0.780s] INFO:colcon.colcon_core.package_selection:Skipping not selected package 'zed_wrapper' in 'zed-ros2-wrapper/zed_wrapper'
[0.780s] INFO:colcon.colcon_core.package_selection:Skipping not selected package 'zed_depth_to_laserscan' in 'zed-ros2-examples/examples/zed_depth_to_laserscan'
[0.780s] INFO:colcon.colcon_core.package_selection:Skipping not selected package 'zed_display_rviz2' in 'zed-ros2-examples/zed_display_rviz2'
[0.781s] INFO:colcon.colcon_core.package_selection:Skipping not selected package 'zed_multi_camera' in 'zed-ros2-examples/tutorials/zed_multi_camera'
[0.781s] INFO:colcon.colcon_core.package_selection:Skipping not selected package 'zed_robot_integration' in 'zed-ros2-examples/tutorials/zed_robot_integration'
[0.781s] INFO:colcon.colcon_core.package_selection:Skipping not selected package 'zed_ros2' in 'zed-ros2-wrapper/zed_ros2'
[0.781s] INFO:colcon.colcon_core.package_selection:Skipping not selected package 'zed_ipc' in 'zed-ros2-examples/tutorials/zed_ipc'
[0.784s] Level 1:colcon.colcon_core.package_discovery:discover_packages(prefix_path) check parameters
[0.784s] Level 1:colcon.colcon_core.package_discovery:discover_packages(prefix_path) discover
[0.795s] DEBUG:colcon.colcon_installed_package_information.package_discovery:Found 39 installed packages in /home/olhamelnyk/colcon_venv/install
[0.805s] DEBUG:colcon.colcon_installed_package_information.package_discovery:Found 419 installed packages in /opt/ros/jazzy
[0.809s] Level 1:colcon.colcon_core.package_discovery:discover_packages(prefix_path) using defaults
[0.990s] Level 5:colcon.colcon_core.verb:set package 'recording_scene_cpp' build argument 'cmake_args' from command line to 'None'
[0.991s] Level 5:colcon.colcon_core.verb:set package 'recording_scene_cpp' build argument 'cmake_target' from command line to 'None'
[0.991s] Level 5:colcon.colcon_core.verb:set package 'recording_scene_cpp' build argument 'cmake_target_skip_unavailable' from command line to 'False'
[0.991s] Level 5:colcon.colcon_core.verb:set package 'recording_scene_cpp' build argument 'cmake_clean_cache' from command line to 'False'
[0.991s] Level 5:colcon.colcon_core.verb:set package 'recording_scene_cpp' build argument 'cmake_clean_first' from command line to 'False'
[0.991s] Level 5:colcon.colcon_core.verb:set package 'recording_scene_cpp' build argument 'cmake_force_configure' from command line to 'False'
[0.991s] Level 5:colcon.colcon_core.verb:set package 'recording_scene_cpp' build argument 'ament_cmake_args' from command line to 'None'
[0.991s] Level 5:colcon.colcon_core.verb:set package 'recording_scene_cpp' build argument 'catkin_cmake_args' from command line to 'None'
[0.991s] Level 5:colcon.colcon_core.verb:set package 'recording_scene_cpp' build argument 'catkin_skip_building_tests' from command line to 'False'
[0.991s] DEBUG:colcon.colcon_core.verb:Building package 'recording_scene_cpp' with the following arguments: {'ament_cmake_args': None, 'build_base': '/home/olhamelnyk/colcon_venv/src/build/recording_scene_cpp', 'catkin_cmake_args': None, 'catkin_skip_building_tests': False, 'cmake_args': None, 'cmake_clean_cache': False, 'cmake_clean_first': False, 'cmake_force_configure': False, 'cmake_target': None, 'cmake_target_skip_unavailable': False, 'install_base': '/home/olhamelnyk/colcon_venv/src/install/recording_scene_cpp', 'merge_install': False, 'path': '/home/olhamelnyk/colcon_venv/src/recording_scene_cpp', 'symlink_install': False, 'test_result_base': None}
[0.992s] INFO:colcon.colcon_core.executor:Executing jobs using 'parallel' executor
[0.998s] DEBUG:colcon.colcon_parallel_executor.executor.parallel:run_until_complete
[0.999s] INFO:colcon.colcon_ros.task.ament_cmake.build:Building ROS package in '/home/olhamelnyk/colcon_venv/src/recording_scene_cpp' with build type 'ament_cmake'
[0.999s] INFO:colcon.colcon_cmake.task.cmake.build:Building CMake package in '/home/olhamelnyk/colcon_venv/src/recording_scene_cpp'
[1.004s] INFO:colcon.colcon_core.plugin_system:Skipping extension 'colcon_core.shell.bat': Not used on non-Windows systems
[1.004s] INFO:colcon.colcon_core.shell:Skip shell extension 'powershell' for command environment: Not usable outside of PowerShell
[1.005s] DEBUG:colcon.colcon_core.shell:Skip shell extension 'dsv' for command environment
[1.033s] DEBUG:colcon.colcon_core.event_handler.log_command:Invoking command in '/home/olhamelnyk/colcon_venv/src/build/recording_scene_cpp': CMAKE_PREFIX_PATH=${CMAKE_PREFIX_PATH}:/home/olhamelnyk/colcon_venv/install/recording_controller_pkg:/home/olhamelnyk/colcon_venv/install/zed_mini:/home/olhamelnyk/colcon_venv/install/tf_recording:/home/olhamelnyk/colcon_venv/install/recording_zed_rgb:/home/olhamelnyk/colcon_venv/install/recording_zed_depth_rgb:/home/olhamelnyk/colcon_venv/install/recording_zed_depth:/home/olhamelnyk/colcon_venv/install/recording_scene_python:/home/olhamelnyk/colcon_venv/install/recording_scene:/home/olhamelnyk/colcon_venv/install/recording_imu:/home/olhamelnyk/colcon_venv/install/recording_gaze:/home/olhamelnyk/colcon_venv/install/recording_blink:/home/olhamelnyk/colcon_venv/install/pupil_labs_wrapper:/home/olhamelnyk/colcon_venv/install/latency_tools:/home/olhamelnyk/colcon_venv/install/async_pupil_wrapper:/opt/ros/jazzy DEBUGINFOD_URLS=https://debuginfod.ubuntu.com /usr/bin/cmake --build /home/olhamelnyk/colcon_venv/src/build/recording_scene_cpp -- -j16 -l16
[28.343s] DEBUG:colcon.colcon_core.event_handler.log_command:Invoked command in '/home/olhamelnyk/colcon_venv/src/build/recording_scene_cpp' returned '0': CMAKE_PREFIX_PATH=${CMAKE_PREFIX_PATH}:/home/olhamelnyk/colcon_venv/install/recording_controller_pkg:/home/olhamelnyk/colcon_venv/install/zed_mini:/home/olhamelnyk/colcon_venv/install/tf_recording:/home/olhamelnyk/colcon_venv/install/recording_zed_rgb:/home/olhamelnyk/colcon_venv/install/recording_zed_depth_rgb:/home/olhamelnyk/colcon_venv/install/recording_zed_depth:/home/olhamelnyk/colcon_venv/install/recording_scene_python:/home/olhamelnyk/colcon_venv/install/recording_scene:/home/olhamelnyk/colcon_venv/install/recording_imu:/home/olhamelnyk/colcon_venv/install/recording_gaze:/home/olhamelnyk/colcon_venv/install/recording_blink:/home/olhamelnyk/colcon_venv/install/pupil_labs_wrapper:/home/olhamelnyk/colcon_venv/install/latency_tools:/home/olhamelnyk/colcon_venv/install/async_pupil_wrapper:/opt/ros/jazzy DEBUGINFOD_URLS=https://debuginfod.ubuntu.com /usr/bin/cmake --build /home/olhamelnyk/colcon_venv/src/build/recording_scene_cpp -- -j16 -l16
[28.376s] DEBUG:colcon.colcon_core.event_handler.log_command:Invoking command in '/home/olhamelnyk/colcon_venv/src/build/recording_scene_cpp': CMAKE_PREFIX_PATH=${CMAKE_PREFIX_PATH}:/home/olhamelnyk/colcon_venv/install/recording_controller_pkg:/home/olhamelnyk/colcon_venv/install/zed_mini:/home/olhamelnyk/colcon_venv/install/tf_recording:/home/olhamelnyk/colcon_venv/install/recording_zed_rgb:/home/olhamelnyk/colcon_venv/install/recording_zed_depth_rgb:/home/olhamelnyk/colcon_venv/install/recording_zed_depth:/home/olhamelnyk/colcon_venv/install/recording_scene_python:/home/olhamelnyk/colcon_venv/install/recording_scene:/home/olhamelnyk/colcon_venv/install/recording_imu:/home/olhamelnyk/colcon_venv/install/recording_gaze:/home/olhamelnyk/colcon_venv/install/recording_blink:/home/olhamelnyk/colcon_venv/install/pupil_labs_wrapper:/home/olhamelnyk/colcon_venv/install/latency_tools:/home/olhamelnyk/colcon_venv/install/async_pupil_wrapper:/opt/ros/jazzy DEBUGINFOD_URLS=https://debuginfod.ubuntu.com /usr/bin/cmake --install /home/olhamelnyk/colcon_venv/src/build/recording_scene_cpp
[28.429s] Level 1:colcon.colcon_core.environment:create_environment_scripts_only(recording_scene_cpp)
[28.434s] DEBUG:colcon.colcon_core.event_handler.log_command:Invoked command in '/home/olhamelnyk/colcon_venv/src/build/recording_scene_cpp' returned '0': CMAKE_PREFIX_PATH=${CMAKE_PREFIX_PATH}:/home/olhamelnyk/colcon_venv/install/recording_controller_pkg:/home/olhamelnyk/colcon_venv/install/zed_mini:/home/olhamelnyk/colcon_venv/install/tf_recording:/home/olhamelnyk/colcon_venv/install/recording_zed_rgb:/home/olhamelnyk/colcon_venv/install/recording_zed_depth_rgb:/home/olhamelnyk/colcon_venv/install/recording_zed_depth:/home/olhamelnyk/colcon_venv/install/recording_scene_python:/home/olhamelnyk/colcon_venv/install/recording_scene:/home/olhamelnyk/colcon_venv/install/recording_imu:/home/olhamelnyk/colcon_venv/install/recording_gaze:/home/olhamelnyk/colcon_venv/install/recording_blink:/home/olhamelnyk/colcon_venv/install/pupil_labs_wrapper:/home/olhamelnyk/colcon_venv/install/latency_tools:/home/olhamelnyk/colcon_venv/install/async_pupil_wrapper:/opt/ros/jazzy DEBUGINFOD_URLS=https://debuginfod.ubuntu.com /usr/bin/cmake --install /home/olhamelnyk/colcon_venv/src/build/recording_scene_cpp
[28.443s] Level 1:colcon.colcon_core.environment:checking '/home/olhamelnyk/colcon_venv/src/install/recording_scene_cpp' for CMake module files
[28.444s] Level 1:colcon.colcon_core.environment:checking '/home/olhamelnyk/colcon_venv/src/install/recording_scene_cpp' for CMake config files
[28.446s] Level 1:colcon.colcon_core.shell:create_environment_hook('recording_scene_cpp', 'cmake_prefix_path')
[28.447s] INFO:colcon.colcon_core.shell:Creating environment hook '/home/olhamelnyk/colcon_venv/src/install/recording_scene_cpp/share/recording_scene_cpp/hook/cmake_prefix_path.ps1'
[28.450s] INFO:colcon.colcon_core.shell:Creating environment descriptor '/home/olhamelnyk/colcon_venv/src/install/recording_scene_cpp/share/recording_scene_cpp/hook/cmake_prefix_path.dsv'
[28.453s] INFO:colcon.colcon_core.shell:Creating environment hook '/home/olhamelnyk/colcon_venv/src/install/recording_scene_cpp/share/recording_scene_cpp/hook/cmake_prefix_path.sh'
[28.456s] Level 1:colcon.colcon_core.environment:checking '/home/olhamelnyk/colcon_venv/src/install/recording_scene_cpp/lib'
[28.457s] Level 1:colcon.colcon_core.environment:checking '/home/olhamelnyk/colcon_venv/src/install/recording_scene_cpp/bin'
[28.457s] Level 1:colcon.colcon_core.environment:checking '/home/olhamelnyk/colcon_venv/src/install/recording_scene_cpp/lib/pkgconfig/recording_scene_cpp.pc'
[28.457s] Level 1:colcon.colcon_core.environment:checking '/home/olhamelnyk/colcon_venv/src/install/recording_scene_cpp/lib/python3.12/site-packages'
[28.458s] Level 1:colcon.colcon_core.environment:checking '/home/olhamelnyk/colcon_venv/src/install/recording_scene_cpp/bin'
[28.458s] INFO:colcon.colcon_core.shell:Creating package script '/home/olhamelnyk/colcon_venv/src/install/recording_scene_cpp/share/recording_scene_cpp/package.ps1'
[28.460s] INFO:colcon.colcon_core.shell:Creating package descriptor '/home/olhamelnyk/colcon_venv/src/install/recording_scene_cpp/share/recording_scene_cpp/package.dsv'
[28.461s] INFO:colcon.colcon_core.shell:Creating package script '/home/olhamelnyk/colcon_venv/src/install/recording_scene_cpp/share/recording_scene_cpp/package.sh'
[28.463s] INFO:colcon.colcon_core.shell:Creating package script '/home/olhamelnyk/colcon_venv/src/install/recording_scene_cpp/share/recording_scene_cpp/package.bash'
[28.465s] INFO:colcon.colcon_core.shell:Creating package script '/home/olhamelnyk/colcon_venv/src/install/recording_scene_cpp/share/recording_scene_cpp/package.zsh'
[28.466s] Level 1:colcon.colcon_core.environment:create_file_with_runtime_dependencies(/home/olhamelnyk/colcon_venv/src/install/recording_scene_cpp/share/colcon-core/packages/recording_scene_cpp)
[28.470s] Level 1:colcon.colcon_core.environment:create_environment_scripts_only(recording_scene_cpp)
[28.471s] Level 1:colcon.colcon_core.environment:checking '/home/olhamelnyk/colcon_venv/src/install/recording_scene_cpp' for CMake module files
[28.472s] Level 1:colcon.colcon_core.environment:checking '/home/olhamelnyk/colcon_venv/src/install/recording_scene_cpp' for CMake config files
[28.472s] Level 1:colcon.colcon_core.shell:create_environment_hook('recording_scene_cpp', 'cmake_prefix_path')
[28.473s] INFO:colcon.colcon_core.shell:Creating environment hook '/home/olhamelnyk/colcon_venv/src/install/recording_scene_cpp/share/recording_scene_cpp/hook/cmake_prefix_path.ps1'
[28.474s] INFO:colcon.colcon_core.shell:Creating environment descriptor '/home/olhamelnyk/colcon_venv/src/install/recording_scene_cpp/share/recording_scene_cpp/hook/cmake_prefix_path.dsv'
[28.475s] INFO:colcon.colcon_core.shell:Creating environment hook '/home/olhamelnyk/colcon_venv/src/install/recording_scene_cpp/share/recording_scene_cpp/hook/cmake_prefix_path.sh'
[28.476s] Level 1:colcon.colcon_core.environment:checking '/home/olhamelnyk/colcon_venv/src/install/recording_scene_cpp/lib'
[28.476s] Level 1:colcon.colcon_core.environment:checking '/home/olhamelnyk/colcon_venv/src/install/recording_scene_cpp/bin'
[28.476s] Level 1:colcon.colcon_core.environment:checking '/home/olhamelnyk/colcon_venv/src/install/recording_scene_cpp/lib/pkgconfig/recording_scene_cpp.pc'
[28.477s] Level 1:colcon.colcon_core.environment:checking '/home/olhamelnyk/colcon_venv/src/install/recording_scene_cpp/lib/python3.12/site-packages'
[28.477s] Level 1:colcon.colcon_core.environment:checking '/home/olhamelnyk/colcon_venv/src/install/recording_scene_cpp/bin'
[28.478s] INFO:colcon.colcon_core.shell:Creating package script '/home/olhamelnyk/colcon_venv/src/install/recording_scene_cpp/share/recording_scene_cpp/package.ps1'
[28.479s] INFO:colcon.colcon_core.shell:Creating package descriptor '/home/olhamelnyk/colcon_venv/src/install/recording_scene_cpp/share/recording_scene_cpp/package.dsv'
[28.480s] INFO:colcon.colcon_core.shell:Creating package script '/home/olhamelnyk/colcon_venv/src/install/recording_scene_cpp/share/recording_scene_cpp/package.sh'
[28.481s] INFO:colcon.colcon_core.shell:Creating package script '/home/olhamelnyk/colcon_venv/src/install/recording_scene_cpp/share/recording_scene_cpp/package.bash'
[28.482s] INFO:colcon.colcon_core.shell:Creating package script '/home/olhamelnyk/colcon_venv/src/install/recording_scene_cpp/share/recording_scene_cpp/package.zsh'
[28.483s] Level 1:colcon.colcon_core.environment:create_file_with_runtime_dependencies(/home/olhamelnyk/colcon_venv/src/install/recording_scene_cpp/share/colcon-core/packages/recording_scene_cpp)
[28.483s] DEBUG:colcon.colcon_parallel_executor.executor.parallel:closing loop
[28.484s] DEBUG:colcon.colcon_parallel_executor.executor.parallel:loop closed
[28.484s] DEBUG:colcon.colcon_parallel_executor.executor.parallel:run_until_complete finished with '0'
[28.484s] DEBUG:colcon.colcon_core.event_reactor:joining thread
[28.504s] INFO:colcon.colcon_core.plugin_system:Skipping extension 'colcon_notification.desktop_notification.terminal_notifier': Not used on non-Darwin systems
[28.505s] INFO:colcon.colcon_core.plugin_system:Skipping extension 'colcon_notification.desktop_notification.win32': Not used on non-Windows systems
[28.505s] INFO:colcon.colcon_notification.desktop_notification:Sending desktop notification using 'notify2'
[28.505s] DEBUG:colcon.colcon_notification.desktop_notification.notify2:Failed to initialize notify2: org.freedesktop.DBus.Error.AccessDenied: Failed to connect to socket /run/user/1001/bus: Operation not permitted
[28.506s] DEBUG:colcon.colcon_core.event_reactor:joined thread
[28.507s] INFO:colcon.colcon_core.shell:Creating prefix script '/home/olhamelnyk/colcon_venv/src/install/local_setup.ps1'
[28.509s] INFO:colcon.colcon_core.shell:Creating prefix util module '/home/olhamelnyk/colcon_venv/src/install/_local_setup_util_ps1.py'
[28.511s] INFO:colcon.colcon_core.shell:Creating prefix chain script '/home/olhamelnyk/colcon_venv/src/install/setup.ps1'
[28.517s] INFO:colcon.colcon_core.shell:Creating prefix script '/home/olhamelnyk/colcon_venv/src/install/local_setup.sh'
[28.520s] INFO:colcon.colcon_core.shell:Creating prefix util module '/home/olhamelnyk/colcon_venv/src/install/_local_setup_util_sh.py'
[28.523s] INFO:colcon.colcon_core.shell:Creating prefix chain script '/home/olhamelnyk/colcon_venv/src/install/setup.sh'
[28.529s] INFO:colcon.colcon_core.shell:Creating prefix script '/home/olhamelnyk/colcon_venv/src/install/local_setup.bash'
[28.529s] INFO:colcon.colcon_core.shell:Creating prefix chain script '/home/olhamelnyk/colcon_venv/src/install/setup.bash'
[28.535s] INFO:colcon.colcon_core.shell:Creating prefix script '/home/olhamelnyk/colcon_venv/src/install/local_setup.zsh'
[28.538s] INFO:colcon.colcon_core.shell:Creating prefix chain script '/home/olhamelnyk/colcon_venv/src/install/setup.zsh'
