[0.266s] DEBUG:colcon:Command line arguments: ['/usr/bin/colcon', 'list']
[0.268s] DEBUG:colcon:Parsed command line arguments: Namespace(log_base=None, log_level=None, verb_name='list', build_base='build', ignore_user_meta=False, metas=['./colcon.meta'], base_paths=['.'], packages_ignore=None, packages_ignore_regex=None, paths=None, packages_up_to=None, packages_up_to_regex=None, packages_above=None, packages_above_and_dependencies=None, packages_above_depth=None, packages_select_by_dep=None, packages_skip_by_dep=None, packages_skip_up_to=None, packages_select_build_failed=False, packages_skip_build_finished=False, packages_select_test_failures=False, packages_skip_test_passed=False, packages_select=None, packages_skip=None, packages_select_regex=None, packages_skip_regex=None, packages_start=None, packages_end=None, allow_overriding=[], topological_order=False, names_only=False, paths_only=False, topological_graph=False, topological_graph_dot=False, topological_graph_density=False, topological_graph_legend=False, topological_graph_dot_cluster=False, topological_graph_dot_include_skipped=False, verb_parser=<colcon_defaults.argument_parser.defaults.DefaultArgumentsDecorator object at 0x7b03559621b0>, verb_extension=<colcon_package_information.verb.list.ListVerb object at 0x7b03559372f0>, main=<bound method ListVerb.main of <colcon_package_information.verb.list.ListVerb object at 0x7b03559372f0>>)
[0.387s] Level 1:colcon.colcon_core.package_discovery:discover_packages(colcon_meta) check parameters
[0.388s] Level 1:colcon.colcon_core.package_discovery:discover_packages(recursive) check parameters
[0.388s] Level 1:colcon.colcon_core.package_discovery:discover_packages(ignore) check parameters
[0.388s] Level 1:colcon.colcon_core.package_discovery:discover_packages(path) check parameters
[0.388s] Level 1:colcon.colcon_core.package_discovery:discover_packages(colcon_meta) discover
[0.388s] Level 1:colcon.colcon_core.package_discovery:discover_packages(recursive) discover
[0.388s] INFO:colcon.colcon_core.package_discovery:Crawling recursively for packages in '/home/olhamelnyk/colcon_venv/src'
[0.388s] Level 1:colcon.colcon_core.package_identification:_identify(.) by extensions ['ignore', 'ignore_ament_install']
[0.389s] Level 1:colcon.colcon_core.package_identification:_identify(.) by extension 'ignore'
[0.389s] Level 1:colcon.colcon_core.package_identification:_identify(.) by extension 'ignore_ament_install'
[0.389s] Level 1:colcon.colcon_core.package_identification:_identify(.) by extensions ['colcon_pkg']
[0.389s] Level 1:colcon.colcon_core.package_identification:_identify(.) by extension 'colcon_pkg'
[0.389s] Level 1:colcon.colcon_core.package_identification:_identify(.) by extensions ['colcon_meta']
[0.389s] Level 1:colcon.colcon_core.package_identification:_identify(.) by extension 'colcon_meta'
[0.389s] Level 1:colcon.colcon_core.package_identification:_identify(.) by extensions ['ros']
[0.389s] Level 1:colcon.colcon_core.package_identification:_identify(.) by extension 'ros'
[0.465s] Level 1:colcon.colcon_core.package_identification:_identify(.) by extensions ['cmake', 'python']
[0.466s] Level 1:colcon.colcon_core.package_identification:_identify(.) by extension 'cmake'
[0.466s] Level 1:colcon.colcon_core.package_identification:_identify(.) by extension 'python'
[0.466s] Level 1:colcon.colcon_core.package_identification:_identify(.) by extensions ['python_setup_py']
[0.466s] Level 1:colcon.colcon_core.package_identification:_identify(.) by extension 'python_setup_py'
[0.466s] Level 1:colcon.colcon_core.package_identification:_identify(__pycache__) by extensions ['ignore', 'ignore_ament_install']
[0.467s] Level 1:colcon.colcon_core.package_identification:_identify(__pycache__) by extension 'ignore'
[0.467s] Level 1:colcon.colcon_core.package_identification:_identify(__pycache__) by extension 'ignore_ament_install'
[0.467s] Level 1:colcon.colcon_core.package_identification:_identify(__pycache__) by extensions ['colcon_pkg']
[0.467s] Level 1:colcon.colcon_core.package_identification:_identify(__pycache__) by extension 'colcon_pkg'
[0.467s] Level 1:colcon.colcon_core.package_identification:_identify(__pycache__) by extensions ['colcon_meta']
[0.467s] Level 1:colcon.colcon_core.package_identification:_identify(__pycache__) by extension 'colcon_meta'
[0.467s] Level 1:colcon.colcon_core.package_identification:_identify(__pycache__) by extensions ['ros']
[0.467s] Level 1:colcon.colcon_core.package_identification:_identify(__pycache__) by extension 'ros'
[0.467s] Level 1:colcon.colcon_core.package_identification:_identify(__pycache__) by extensions ['cmake', 'python']
[0.467s] Level 1:colcon.colcon_core.package_identification:_identify(__pycache__) by extension 'cmake'
[0.467s] Level 1:colcon.colcon_core.package_identification:_identify(__pycache__) by extension 'python'
[0.467s] Level 1:colcon.colcon_core.package_identification:_identify(__pycache__) by extensions ['python_setup_py']
[0.467s] Level 1:colcon.colcon_core.package_identification:_identify(__pycache__) by extension 'python_setup_py'
[0.468s] Level 1:colcon.colcon_core.package_identification:_identify(apriltagdetection) by extensions ['ignore', 'ignore_ament_install']
[0.468s] Level 1:colcon.colcon_core.package_identification:_identify(apriltagdetection) by extension 'ignore'
[0.468s] Level 1:colcon.colcon_core.package_identification:_identify(apriltagdetection) by extension 'ignore_ament_install'
[0.468s] Level 1:colcon.colcon_core.package_identification:_identify(apriltagdetection) by extensions ['colcon_pkg']
[0.468s] Level 1:colcon.colcon_core.package_identification:_identify(apriltagdetection) by extension 'colcon_pkg'
[0.468s] Level 1:colcon.colcon_core.package_identification:_identify(apriltagdetection) by extensions ['colcon_meta']
[0.468s] Level 1:colcon.colcon_core.package_identification:_identify(apriltagdetection) by extension 'colcon_meta'
[0.468s] Level 1:colcon.colcon_core.package_identification:_identify(apriltagdetection) by extensions ['ros']
[0.468s] Level 1:colcon.colcon_core.package_identification:_identify(apriltagdetection) by extension 'ros'
[0.473s] DEBUG:colcon.colcon_core.package_identification:Package 'apriltagdetection' with type 'ros.ament_cmake' and name 'apriltagdetection'
[0.473s] Level 1:colcon.colcon_core.package_identification:_identify(async_pupil_wrapper) by extensions ['ignore', 'ignore_ament_install']
[0.473s] Level 1:colcon.colcon_core.package_identification:_identify(async_pupil_wrapper) by extension 'ignore'
[0.474s] Level 1:colcon.colcon_core.package_identification:_identify(async_pupil_wrapper) by extension 'ignore_ament_install'
[0.474s] Level 1:colcon.colcon_core.package_identification:_identify(async_pupil_wrapper) by extensions ['colcon_pkg']
[0.474s] Level 1:colcon.colcon_core.package_identification:_identify(async_pupil_wrapper) by extension 'colcon_pkg'
[0.474s] Level 1:colcon.colcon_core.package_identification:_identify(async_pupil_wrapper) by extensions ['colcon_meta']
[0.474s] Level 1:colcon.colcon_core.package_identification:_identify(async_pupil_wrapper) by extension 'colcon_meta'
[0.474s] Level 1:colcon.colcon_core.package_identification:_identify(async_pupil_wrapper) by extensions ['ros']
[0.474s] Level 1:colcon.colcon_core.package_identification:_identify(async_pupil_wrapper) by extension 'ros'
[0.475s] DEBUG:colcon.colcon_core.package_identification:Package 'async_pupil_wrapper' with type 'ros.ament_python' and name 'async_pupil_wrapper'
[0.475s] Level 1:colcon.colcon_core.package_identification:_identify(blink_interface ) by extensions ['ignore', 'ignore_ament_install']
[0.475s] Level 1:colcon.colcon_core.package_identification:_identify(blink_interface ) by extension 'ignore'
[0.475s] Level 1:colcon.colcon_core.package_identification:_identify(blink_interface ) by extension 'ignore_ament_install'
[0.475s] Level 1:colcon.colcon_core.package_identification:_identify(blink_interface ) by extensions ['colcon_pkg']
[0.475s] Level 1:colcon.colcon_core.package_identification:_identify(blink_interface ) by extension 'colcon_pkg'
[0.475s] Level 1:colcon.colcon_core.package_identification:_identify(blink_interface ) by extensions ['colcon_meta']
[0.475s] Level 1:colcon.colcon_core.package_identification:_identify(blink_interface ) by extension 'colcon_meta'
[0.475s] Level 1:colcon.colcon_core.package_identification:_identify(blink_interface ) by extensions ['ros']
[0.475s] Level 1:colcon.colcon_core.package_identification:_identify(blink_interface ) by extension 'ros'
[0.476s] Level 1:colcon.colcon_core.package_identification:_identify(blink_interface ) by extensions ['cmake', 'python']
[0.476s] Level 1:colcon.colcon_core.package_identification:_identify(blink_interface ) by extension 'cmake'
[0.476s] Level 1:colcon.colcon_core.package_identification:_identify(blink_interface ) by extension 'python'
[0.476s] Level 1:colcon.colcon_core.package_identification:_identify(blink_interface ) by extensions ['python_setup_py']
[0.476s] Level 1:colcon.colcon_core.package_identification:_identify(blink_interface ) by extension 'python_setup_py'
[0.476s] Level 1:colcon.colcon_core.package_identification:_identify(blink_interface /blink_interface ) by extensions ['ignore', 'ignore_ament_install']
[0.476s] Level 1:colcon.colcon_core.package_identification:_identify(blink_interface /blink_interface ) by extension 'ignore'
[0.476s] Level 1:colcon.colcon_core.package_identification:_identify(blink_interface /blink_interface ) by extension 'ignore_ament_install'
[0.476s] Level 1:colcon.colcon_core.package_identification:_identify(blink_interface /blink_interface ) by extensions ['colcon_pkg']
[0.476s] Level 1:colcon.colcon_core.package_identification:_identify(blink_interface /blink_interface ) by extension 'colcon_pkg'
[0.476s] Level 1:colcon.colcon_core.package_identification:_identify(blink_interface /blink_interface ) by extensions ['colcon_meta']
[0.476s] Level 1:colcon.colcon_core.package_identification:_identify(blink_interface /blink_interface ) by extension 'colcon_meta'
[0.476s] Level 1:colcon.colcon_core.package_identification:_identify(blink_interface /blink_interface ) by extensions ['ros']
[0.476s] Level 1:colcon.colcon_core.package_identification:_identify(blink_interface /blink_interface ) by extension 'ros'
[0.478s] DEBUG:colcon.colcon_core.package_identification:Package 'blink_interface /blink_interface ' with type 'ros.ament_cmake' and name 'blink_interface'
[0.478s] Level 1:colcon.colcon_core.package_identification:_identify(build) by extensions ['ignore', 'ignore_ament_install']
[0.478s] Level 1:colcon.colcon_core.package_identification:_identify(build) by extension 'ignore'
[0.478s] Level 1:colcon.colcon_core.package_identification:_identify(build) ignored
[0.478s] Level 1:colcon.colcon_core.package_identification:_identify(egocentric_msg) by extensions ['ignore', 'ignore_ament_install']
[0.478s] Level 1:colcon.colcon_core.package_identification:_identify(egocentric_msg) by extension 'ignore'
[0.478s] Level 1:colcon.colcon_core.package_identification:_identify(egocentric_msg) by extension 'ignore_ament_install'
[0.478s] Level 1:colcon.colcon_core.package_identification:_identify(egocentric_msg) by extensions ['colcon_pkg']
[0.479s] Level 1:colcon.colcon_core.package_identification:_identify(egocentric_msg) by extension 'colcon_pkg'
[0.479s] Level 1:colcon.colcon_core.package_identification:_identify(egocentric_msg) by extensions ['colcon_meta']
[0.479s] Level 1:colcon.colcon_core.package_identification:_identify(egocentric_msg) by extension 'colcon_meta'
[0.479s] Level 1:colcon.colcon_core.package_identification:_identify(egocentric_msg) by extensions ['ros']
[0.479s] Level 1:colcon.colcon_core.package_identification:_identify(egocentric_msg) by extension 'ros'
[0.480s] DEBUG:colcon.colcon_core.package_identification:Package 'egocentric_msg' with type 'ros.ament_cmake' and name 'egocentric_msg'
[0.480s] Level 1:colcon.colcon_core.package_identification:_identify(gaze_interface) by extensions ['ignore', 'ignore_ament_install']
[0.481s] Level 1:colcon.colcon_core.package_identification:_identify(gaze_interface) by extension 'ignore'
[0.481s] Level 1:colcon.colcon_core.package_identification:_identify(gaze_interface) by extension 'ignore_ament_install'
[0.481s] Level 1:colcon.colcon_core.package_identification:_identify(gaze_interface) by extensions ['colcon_pkg']
[0.481s] Level 1:colcon.colcon_core.package_identification:_identify(gaze_interface) by extension 'colcon_pkg'
[0.481s] Level 1:colcon.colcon_core.package_identification:_identify(gaze_interface) by extensions ['colcon_meta']
[0.481s] Level 1:colcon.colcon_core.package_identification:_identify(gaze_interface) by extension 'colcon_meta'
[0.481s] Level 1:colcon.colcon_core.package_identification:_identify(gaze_interface) by extensions ['ros']
[0.481s] Level 1:colcon.colcon_core.package_identification:_identify(gaze_interface) by extension 'ros'
[0.484s] DEBUG:colcon.colcon_core.package_identification:Package 'gaze_interface' with type 'ros.ament_cmake' and name 'gaze_interface'
[0.484s] Level 1:colcon.colcon_core.package_identification:_identify(imu_interface) by extensions ['ignore', 'ignore_ament_install']
[0.484s] Level 1:colcon.colcon_core.package_identification:_identify(imu_interface) by extension 'ignore'
[0.485s] Level 1:colcon.colcon_core.package_identification:_identify(imu_interface) by extension 'ignore_ament_install'
[0.485s] Level 1:colcon.colcon_core.package_identification:_identify(imu_interface) by extensions ['colcon_pkg']
[0.485s] Level 1:colcon.colcon_core.package_identification:_identify(imu_interface) by extension 'colcon_pkg'
[0.485s] Level 1:colcon.colcon_core.package_identification:_identify(imu_interface) by extensions ['colcon_meta']
[0.485s] Level 1:colcon.colcon_core.package_identification:_identify(imu_interface) by extension 'colcon_meta'
[0.485s] Level 1:colcon.colcon_core.package_identification:_identify(imu_interface) by extensions ['ros']
[0.485s] Level 1:colcon.colcon_core.package_identification:_identify(imu_interface) by extension 'ros'
[0.487s] DEBUG:colcon.colcon_core.package_identification:Package 'imu_interface' with type 'ros.ament_cmake' and name 'imu_interface'
[0.487s] Level 1:colcon.colcon_core.package_identification:_identify(install) by extensions ['ignore', 'ignore_ament_install']
[0.487s] Level 1:colcon.colcon_core.package_identification:_identify(install) by extension 'ignore'
[0.487s] Level 1:colcon.colcon_core.package_identification:_identify(install) ignored
[0.488s] Level 1:colcon.colcon_core.package_identification:_identify(latency_tools) by extensions ['ignore', 'ignore_ament_install']
[0.488s] Level 1:colcon.colcon_core.package_identification:_identify(latency_tools) by extension 'ignore'
[0.488s] Level 1:colcon.colcon_core.package_identification:_identify(latency_tools) by extension 'ignore_ament_install'
[0.488s] Level 1:colcon.colcon_core.package_identification:_identify(latency_tools) by extensions ['colcon_pkg']
[0.488s] Level 1:colcon.colcon_core.package_identification:_identify(latency_tools) by extension 'colcon_pkg'
[0.488s] Level 1:colcon.colcon_core.package_identification:_identify(latency_tools) by extensions ['colcon_meta']
[0.489s] Level 1:colcon.colcon_core.package_identification:_identify(latency_tools) by extension 'colcon_meta'
[0.489s] Level 1:colcon.colcon_core.package_identification:_identify(latency_tools) by extensions ['ros']
[0.489s] Level 1:colcon.colcon_core.package_identification:_identify(latency_tools) by extension 'ros'
[0.491s] DEBUG:colcon.colcon_core.package_identification:Package 'latency_tools' with type 'ros.ament_python' and name 'latency_tools'
[0.492s] Level 1:colcon.colcon_core.package_identification:_identify(log) by extensions ['ignore', 'ignore_ament_install']
[0.492s] Level 1:colcon.colcon_core.package_identification:_identify(log) by extension 'ignore'
[0.492s] Level 1:colcon.colcon_core.package_identification:_identify(log) ignored
[0.493s] Level 1:colcon.colcon_core.package_identification:_identify(pupil_labs_wrapper) by extensions ['ignore', 'ignore_ament_install']
[0.493s] Level 1:colcon.colcon_core.package_identification:_identify(pupil_labs_wrapper) by extension 'ignore'
[0.493s] Level 1:colcon.colcon_core.package_identification:_identify(pupil_labs_wrapper) by extension 'ignore_ament_install'
[0.493s] Level 1:colcon.colcon_core.package_identification:_identify(pupil_labs_wrapper) by extensions ['colcon_pkg']
[0.493s] Level 1:colcon.colcon_core.package_identification:_identify(pupil_labs_wrapper) by extension 'colcon_pkg'
[0.493s] Level 1:colcon.colcon_core.package_identification:_identify(pupil_labs_wrapper) by extensions ['colcon_meta']
[0.493s] Level 1:colcon.colcon_core.package_identification:_identify(pupil_labs_wrapper) by extension 'colcon_meta'
[0.494s] Level 1:colcon.colcon_core.package_identification:_identify(pupil_labs_wrapper) by extensions ['ros']
[0.494s] Level 1:colcon.colcon_core.package_identification:_identify(pupil_labs_wrapper) by extension 'ros'
[0.495s] DEBUG:colcon.colcon_core.package_identification:Package 'pupil_labs_wrapper' with type 'ros.ament_python' and name 'pupil_labs_wrapper'
[0.495s] Level 1:colcon.colcon_core.package_identification:_identify(recording_blink) by extensions ['ignore', 'ignore_ament_install']
[0.495s] Level 1:colcon.colcon_core.package_identification:_identify(recording_blink) by extension 'ignore'
[0.496s] Level 1:colcon.colcon_core.package_identification:_identify(recording_blink) by extension 'ignore_ament_install'
[0.496s] Level 1:colcon.colcon_core.package_identification:_identify(recording_blink) by extensions ['colcon_pkg']
[0.496s] Level 1:colcon.colcon_core.package_identification:_identify(recording_blink) by extension 'colcon_pkg'
[0.496s] Level 1:colcon.colcon_core.package_identification:_identify(recording_blink) by extensions ['colcon_meta']
[0.496s] Level 1:colcon.colcon_core.package_identification:_identify(recording_blink) by extension 'colcon_meta'
[0.496s] Level 1:colcon.colcon_core.package_identification:_identify(recording_blink) by extensions ['ros']
[0.496s] Level 1:colcon.colcon_core.package_identification:_identify(recording_blink) by extension 'ros'
[0.497s] DEBUG:colcon.colcon_core.package_identification:Package 'recording_blink' with type 'ros.ament_python' and name 'recording_blink'
[0.497s] Level 1:colcon.colcon_core.package_identification:_identify(recording_controller_pkg) by extensions ['ignore', 'ignore_ament_install']
[0.497s] Level 1:colcon.colcon_core.package_identification:_identify(recording_controller_pkg) by extension 'ignore'
[0.497s] Level 1:colcon.colcon_core.package_identification:_identify(recording_controller_pkg) by extension 'ignore_ament_install'
[0.497s] Level 1:colcon.colcon_core.package_identification:_identify(recording_controller_pkg) by extensions ['colcon_pkg']
[0.497s] Level 1:colcon.colcon_core.package_identification:_identify(recording_controller_pkg) by extension 'colcon_pkg'
[0.498s] Level 1:colcon.colcon_core.package_identification:_identify(recording_controller_pkg) by extensions ['colcon_meta']
[0.498s] Level 1:colcon.colcon_core.package_identification:_identify(recording_controller_pkg) by extension 'colcon_meta'
[0.498s] Level 1:colcon.colcon_core.package_identification:_identify(recording_controller_pkg) by extensions ['ros']
[0.498s] Level 1:colcon.colcon_core.package_identification:_identify(recording_controller_pkg) by extension 'ros'
[0.499s] DEBUG:colcon.colcon_core.package_identification:Package 'recording_controller_pkg' with type 'ros.ament_python' and name 'recording_controller_pkg'
[0.499s] Level 1:colcon.colcon_core.package_identification:_identify(recording_gaze) by extensions ['ignore', 'ignore_ament_install']
[0.499s] Level 1:colcon.colcon_core.package_identification:_identify(recording_gaze) by extension 'ignore'
[0.499s] Level 1:colcon.colcon_core.package_identification:_identify(recording_gaze) by extension 'ignore_ament_install'
[0.499s] Level 1:colcon.colcon_core.package_identification:_identify(recording_gaze) by extensions ['colcon_pkg']
[0.499s] Level 1:colcon.colcon_core.package_identification:_identify(recording_gaze) by extension 'colcon_pkg'
[0.499s] Level 1:colcon.colcon_core.package_identification:_identify(recording_gaze) by extensions ['colcon_meta']
[0.499s] Level 1:colcon.colcon_core.package_identification:_identify(recording_gaze) by extension 'colcon_meta'
[0.499s] Level 1:colcon.colcon_core.package_identification:_identify(recording_gaze) by extensions ['ros']
[0.500s] Level 1:colcon.colcon_core.package_identification:_identify(recording_gaze) by extension 'ros'
[0.501s] DEBUG:colcon.colcon_core.package_identification:Package 'recording_gaze' with type 'ros.ament_python' and name 'recording_gaze'
[0.501s] Level 1:colcon.colcon_core.package_identification:_identify(recording_imu) by extensions ['ignore', 'ignore_ament_install']
[0.501s] Level 1:colcon.colcon_core.package_identification:_identify(recording_imu) by extension 'ignore'
[0.501s] Level 1:colcon.colcon_core.package_identification:_identify(recording_imu) by extension 'ignore_ament_install'
[0.501s] Level 1:colcon.colcon_core.package_identification:_identify(recording_imu) by extensions ['colcon_pkg']
[0.501s] Level 1:colcon.colcon_core.package_identification:_identify(recording_imu) by extension 'colcon_pkg'
[0.501s] Level 1:colcon.colcon_core.package_identification:_identify(recording_imu) by extensions ['colcon_meta']
[0.501s] Level 1:colcon.colcon_core.package_identification:_identify(recording_imu) by extension 'colcon_meta'
[0.501s] Level 1:colcon.colcon_core.package_identification:_identify(recording_imu) by extensions ['ros']
[0.502s] Level 1:colcon.colcon_core.package_identification:_identify(recording_imu) by extension 'ros'
[0.503s] DEBUG:colcon.colcon_core.package_identification:Package 'recording_imu' with type 'ros.ament_python' and name 'recording_imu'
[0.503s] Level 1:colcon.colcon_core.package_identification:_identify(recording_scene) by extensions ['ignore', 'ignore_ament_install']
[0.503s] Level 1:colcon.colcon_core.package_identification:_identify(recording_scene) by extension 'ignore'
[0.503s] Level 1:colcon.colcon_core.package_identification:_identify(recording_scene) by extension 'ignore_ament_install'
[0.503s] Level 1:colcon.colcon_core.package_identification:_identify(recording_scene) by extensions ['colcon_pkg']
[0.503s] Level 1:colcon.colcon_core.package_identification:_identify(recording_scene) by extension 'colcon_pkg'
[0.503s] Level 1:colcon.colcon_core.package_identification:_identify(recording_scene) by extensions ['colcon_meta']
[0.503s] Level 1:colcon.colcon_core.package_identification:_identify(recording_scene) by extension 'colcon_meta'
[0.503s] Level 1:colcon.colcon_core.package_identification:_identify(recording_scene) by extensions ['ros']
[0.503s] Level 1:colcon.colcon_core.package_identification:_identify(recording_scene) by extension 'ros'
[0.505s] DEBUG:colcon.colcon_core.package_identification:Package 'recording_scene' with type 'ros.ament_python' and name 'recording_scene'
[0.506s] Level 1:colcon.colcon_core.package_identification:_identify(recording_scene_cpp) by extensions ['ignore', 'ignore_ament_install']
[0.506s] Level 1:colcon.colcon_core.package_identification:_identify(recording_scene_cpp) by extension 'ignore'
[0.507s] Level 1:colcon.colcon_core.package_identification:_identify(recording_scene_cpp) by extension 'ignore_ament_install'
[0.507s] Level 1:colcon.colcon_core.package_identification:_identify(recording_scene_cpp) by extensions ['colcon_pkg']
[0.507s] Level 1:colcon.colcon_core.package_identification:_identify(recording_scene_cpp) by extension 'colcon_pkg'
[0.507s] Level 1:colcon.colcon_core.package_identification:_identify(recording_scene_cpp) by extensions ['colcon_meta']
[0.507s] Level 1:colcon.colcon_core.package_identification:_identify(recording_scene_cpp) by extension 'colcon_meta'
[0.508s] Level 1:colcon.colcon_core.package_identification:_identify(recording_scene_cpp) by extensions ['ros']
[0.508s] Level 1:colcon.colcon_core.package_identification:_identify(recording_scene_cpp) by extension 'ros'
[0.511s] DEBUG:colcon.colcon_core.package_identification:Package 'recording_scene_cpp' with type 'ros.ament_cmake' and name 'recording_scene_cpp'
[0.511s] Level 1:colcon.colcon_core.package_identification:_identify(recording_scene_python) by extensions ['ignore', 'ignore_ament_install']
[0.512s] Level 1:colcon.colcon_core.package_identification:_identify(recording_scene_python) by extension 'ignore'
[0.512s] Level 1:colcon.colcon_core.package_identification:_identify(recording_scene_python) by extension 'ignore_ament_install'
[0.512s] Level 1:colcon.colcon_core.package_identification:_identify(recording_scene_python) by extensions ['colcon_pkg']
[0.512s] Level 1:colcon.colcon_core.package_identification:_identify(recording_scene_python) by extension 'colcon_pkg'
[0.512s] Level 1:colcon.colcon_core.package_identification:_identify(recording_scene_python) by extensions ['colcon_meta']
[0.512s] Level 1:colcon.colcon_core.package_identification:_identify(recording_scene_python) by extension 'colcon_meta'
[0.512s] Level 1:colcon.colcon_core.package_identification:_identify(recording_scene_python) by extensions ['ros']
[0.512s] Level 1:colcon.colcon_core.package_identification:_identify(recording_scene_python) by extension 'ros'
[0.514s] DEBUG:colcon.colcon_core.package_identification:Package 'recording_scene_python' with type 'ros.ament_python' and name 'recording_scene_python'
[0.515s] Level 1:colcon.colcon_core.package_identification:_identify(recording_zed_depth) by extensions ['ignore', 'ignore_ament_install']
[0.515s] Level 1:colcon.colcon_core.package_identification:_identify(recording_zed_depth) by extension 'ignore'
[0.515s] Level 1:colcon.colcon_core.package_identification:_identify(recording_zed_depth) by extension 'ignore_ament_install'
[0.516s] Level 1:colcon.colcon_core.package_identification:_identify(recording_zed_depth) by extensions ['colcon_pkg']
[0.516s] Level 1:colcon.colcon_core.package_identification:_identify(recording_zed_depth) by extension 'colcon_pkg'
[0.516s] Level 1:colcon.colcon_core.package_identification:_identify(recording_zed_depth) by extensions ['colcon_meta']
[0.516s] Level 1:colcon.colcon_core.package_identification:_identify(recording_zed_depth) by extension 'colcon_meta'
[0.516s] Level 1:colcon.colcon_core.package_identification:_identify(recording_zed_depth) by extensions ['ros']
[0.516s] Level 1:colcon.colcon_core.package_identification:_identify(recording_zed_depth) by extension 'ros'
[0.517s] DEBUG:colcon.colcon_core.package_identification:Package 'recording_zed_depth' with type 'ros.ament_python' and name 'recording_zed_depth'
[0.518s] Level 1:colcon.colcon_core.package_identification:_identify(recording_zed_depth_rgb) by extensions ['ignore', 'ignore_ament_install']
[0.518s] Level 1:colcon.colcon_core.package_identification:_identify(recording_zed_depth_rgb) by extension 'ignore'
[0.518s] Level 1:colcon.colcon_core.package_identification:_identify(recording_zed_depth_rgb) by extension 'ignore_ament_install'
[0.518s] Level 1:colcon.colcon_core.package_identification:_identify(recording_zed_depth_rgb) by extensions ['colcon_pkg']
[0.518s] Level 1:colcon.colcon_core.package_identification:_identify(recording_zed_depth_rgb) by extension 'colcon_pkg'
[0.518s] Level 1:colcon.colcon_core.package_identification:_identify(recording_zed_depth_rgb) by extensions ['colcon_meta']
[0.518s] Level 1:colcon.colcon_core.package_identification:_identify(recording_zed_depth_rgb) by extension 'colcon_meta'
[0.518s] Level 1:colcon.colcon_core.package_identification:_identify(recording_zed_depth_rgb) by extensions ['ros']
[0.518s] Level 1:colcon.colcon_core.package_identification:_identify(recording_zed_depth_rgb) by extension 'ros'
[0.520s] DEBUG:colcon.colcon_core.package_identification:Package 'recording_zed_depth_rgb' with type 'ros.ament_python' and name 'recording_zed_depth_rgb'
[0.520s] Level 1:colcon.colcon_core.package_identification:_identify(recording_zed_rgb) by extensions ['ignore', 'ignore_ament_install']
[0.520s] Level 1:colcon.colcon_core.package_identification:_identify(recording_zed_rgb) by extension 'ignore'
[0.520s] Level 1:colcon.colcon_core.package_identification:_identify(recording_zed_rgb) by extension 'ignore_ament_install'
[0.520s] Level 1:colcon.colcon_core.package_identification:_identify(recording_zed_rgb) by extensions ['colcon_pkg']
[0.520s] Level 1:colcon.colcon_core.package_identification:_identify(recording_zed_rgb) by extension 'colcon_pkg'
[0.520s] Level 1:colcon.colcon_core.package_identification:_identify(recording_zed_rgb) by extensions ['colcon_meta']
[0.520s] Level 1:colcon.colcon_core.package_identification:_identify(recording_zed_rgb) by extension 'colcon_meta'
[0.520s] Level 1:colcon.colcon_core.package_identification:_identify(recording_zed_rgb) by extensions ['ros']
[0.520s] Level 1:colcon.colcon_core.package_identification:_identify(recording_zed_rgb) by extension 'ros'
[0.522s] DEBUG:colcon.colcon_core.package_identification:Package 'recording_zed_rgb' with type 'ros.ament_python' and name 'recording_zed_rgb'
[0.523s] Level 1:colcon.colcon_core.package_identification:_identify(testing_realtime_api) by extensions ['ignore', 'ignore_ament_install']
[0.523s] Level 1:colcon.colcon_core.package_identification:_identify(testing_realtime_api) by extension 'ignore'
[0.523s] Level 1:colcon.colcon_core.package_identification:_identify(testing_realtime_api) by extension 'ignore_ament_install'
[0.523s] Level 1:colcon.colcon_core.package_identification:_identify(testing_realtime_api) by extensions ['colcon_pkg']
[0.523s] Level 1:colcon.colcon_core.package_identification:_identify(testing_realtime_api) by extension 'colcon_pkg'
[0.523s] Level 1:colcon.colcon_core.package_identification:_identify(testing_realtime_api) by extensions ['colcon_meta']
[0.523s] Level 1:colcon.colcon_core.package_identification:_identify(testing_realtime_api) by extension 'colcon_meta'
[0.524s] Level 1:colcon.colcon_core.package_identification:_identify(testing_realtime_api) by extensions ['ros']
[0.524s] Level 1:colcon.colcon_core.package_identification:_identify(testing_realtime_api) by extension 'ros'
[0.524s] Level 1:colcon.colcon_core.package_identification:_identify(testing_realtime_api) by extensions ['cmake', 'python']
[0.524s] Level 1:colcon.colcon_core.package_identification:_identify(testing_realtime_api) by extension 'cmake'
[0.524s] Level 1:colcon.colcon_core.package_identification:_identify(testing_realtime_api) by extension 'python'
[0.524s] Level 1:colcon.colcon_core.package_identification:_identify(testing_realtime_api) by extensions ['python_setup_py']
[0.524s] Level 1:colcon.colcon_core.package_identification:_identify(testing_realtime_api) by extension 'python_setup_py'
[0.524s] Level 1:colcon.colcon_core.package_identification:_identify(testing_realtime_api/ ) by extensions ['ignore', 'ignore_ament_install']
[0.524s] Level 1:colcon.colcon_core.package_identification:_identify(testing_realtime_api/ ) by extension 'ignore'
[0.524s] Level 1:colcon.colcon_core.package_identification:_identify(testing_realtime_api/ ) by extension 'ignore_ament_install'
[0.525s] Level 1:colcon.colcon_core.package_identification:_identify(testing_realtime_api/ ) by extensions ['colcon_pkg']
[0.525s] Level 1:colcon.colcon_core.package_identification:_identify(testing_realtime_api/ ) by extension 'colcon_pkg'
[0.525s] Level 1:colcon.colcon_core.package_identification:_identify(testing_realtime_api/ ) by extensions ['colcon_meta']
[0.525s] Level 1:colcon.colcon_core.package_identification:_identify(testing_realtime_api/ ) by extension 'colcon_meta'
[0.525s] Level 1:colcon.colcon_core.package_identification:_identify(testing_realtime_api/ ) by extensions ['ros']
[0.525s] Level 1:colcon.colcon_core.package_identification:_identify(testing_realtime_api/ ) by extension 'ros'
[0.525s] Level 1:colcon.colcon_core.package_identification:_identify(testing_realtime_api/ ) by extensions ['cmake', 'python']
[0.525s] Level 1:colcon.colcon_core.package_identification:_identify(testing_realtime_api/ ) by extension 'cmake'
[0.525s] Level 1:colcon.colcon_core.package_identification:_identify(testing_realtime_api/ ) by extension 'python'
[0.525s] Level 1:colcon.colcon_core.package_identification:_identify(testing_realtime_api/ ) by extensions ['python_setup_py']
[0.525s] Level 1:colcon.colcon_core.package_identification:_identify(testing_realtime_api/ ) by extension 'python_setup_py'
[0.525s] Level 1:colcon.colcon_core.package_identification:_identify(testing_realtime_api/ /home) by extensions ['ignore', 'ignore_ament_install']
[0.526s] Level 1:colcon.colcon_core.package_identification:_identify(testing_realtime_api/ /home) by extension 'ignore'
[0.526s] Level 1:colcon.colcon_core.package_identification:_identify(testing_realtime_api/ /home) by extension 'ignore_ament_install'
[0.526s] Level 1:colcon.colcon_core.package_identification:_identify(testing_realtime_api/ /home) by extensions ['colcon_pkg']
[0.526s] Level 1:colcon.colcon_core.package_identification:_identify(testing_realtime_api/ /home) by extension 'colcon_pkg'
[0.526s] Level 1:colcon.colcon_core.package_identification:_identify(testing_realtime_api/ /home) by extensions ['colcon_meta']
[0.526s] Level 1:colcon.colcon_core.package_identification:_identify(testing_realtime_api/ /home) by extension 'colcon_meta'
[0.526s] Level 1:colcon.colcon_core.package_identification:_identify(testing_realtime_api/ /home) by extensions ['ros']
[0.526s] Level 1:colcon.colcon_core.package_identification:_identify(testing_realtime_api/ /home) by extension 'ros'
[0.526s] Level 1:colcon.colcon_core.package_identification:_identify(testing_realtime_api/ /home) by extensions ['cmake', 'python']
[0.526s] Level 1:colcon.colcon_core.package_identification:_identify(testing_realtime_api/ /home) by extension 'cmake'
[0.526s] Level 1:colcon.colcon_core.package_identification:_identify(testing_realtime_api/ /home) by extension 'python'
[0.526s] Level 1:colcon.colcon_core.package_identification:_identify(testing_realtime_api/ /home) by extensions ['python_setup_py']
[0.526s] Level 1:colcon.colcon_core.package_identification:_identify(testing_realtime_api/ /home) by extension 'python_setup_py'
[0.526s] Level 1:colcon.colcon_core.package_identification:_identify(testing_realtime_api/ /home/olhamelnyk) by extensions ['ignore', 'ignore_ament_install']
[0.527s] Level 1:colcon.colcon_core.package_identification:_identify(testing_realtime_api/ /home/olhamelnyk) by extension 'ignore'
[0.527s] Level 1:colcon.colcon_core.package_identification:_identify(testing_realtime_api/ /home/olhamelnyk) by extension 'ignore_ament_install'
[0.527s] Level 1:colcon.colcon_core.package_identification:_identify(testing_realtime_api/ /home/olhamelnyk) by extensions ['colcon_pkg']
[0.527s] Level 1:colcon.colcon_core.package_identification:_identify(testing_realtime_api/ /home/olhamelnyk) by extension 'colcon_pkg'
[0.527s] Level 1:colcon.colcon_core.package_identification:_identify(testing_realtime_api/ /home/olhamelnyk) by extensions ['colcon_meta']
[0.527s] Level 1:colcon.colcon_core.package_identification:_identify(testing_realtime_api/ /home/olhamelnyk) by extension 'colcon_meta'
[0.527s] Level 1:colcon.colcon_core.package_identification:_identify(testing_realtime_api/ /home/olhamelnyk) by extensions ['ros']
[0.527s] Level 1:colcon.colcon_core.package_identification:_identify(testing_realtime_api/ /home/olhamelnyk) by extension 'ros'
[0.527s] Level 1:colcon.colcon_core.package_identification:_identify(testing_realtime_api/ /home/olhamelnyk) by extensions ['cmake', 'python']
[0.527s] Level 1:colcon.colcon_core.package_identification:_identify(testing_realtime_api/ /home/olhamelnyk) by extension 'cmake'
[0.527s] Level 1:colcon.colcon_core.package_identification:_identify(testing_realtime_api/ /home/olhamelnyk) by extension 'python'
[0.527s] Level 1:colcon.colcon_core.package_identification:_identify(testing_realtime_api/ /home/olhamelnyk) by extensions ['python_setup_py']
[0.527s] Level 1:colcon.colcon_core.package_identification:_identify(testing_realtime_api/ /home/olhamelnyk) by extension 'python_setup_py'
[0.528s] Level 1:colcon.colcon_core.package_identification:_identify(testing_realtime_api/ /home/olhamelnyk/colcon_venv) by extensions ['ignore', 'ignore_ament_install']
[0.528s] Level 1:colcon.colcon_core.package_identification:_identify(testing_realtime_api/ /home/olhamelnyk/colcon_venv) by extension 'ignore'
[0.528s] Level 1:colcon.colcon_core.package_identification:_identify(testing_realtime_api/ /home/olhamelnyk/colcon_venv) by extension 'ignore_ament_install'
[0.528s] Level 1:colcon.colcon_core.package_identification:_identify(testing_realtime_api/ /home/olhamelnyk/colcon_venv) by extensions ['colcon_pkg']
[0.528s] Level 1:colcon.colcon_core.package_identification:_identify(testing_realtime_api/ /home/olhamelnyk/colcon_venv) by extension 'colcon_pkg'
[0.528s] Level 1:colcon.colcon_core.package_identification:_identify(testing_realtime_api/ /home/olhamelnyk/colcon_venv) by extensions ['colcon_meta']
[0.528s] Level 1:colcon.colcon_core.package_identification:_identify(testing_realtime_api/ /home/olhamelnyk/colcon_venv) by extension 'colcon_meta'
[0.528s] Level 1:colcon.colcon_core.package_identification:_identify(testing_realtime_api/ /home/olhamelnyk/colcon_venv) by extensions ['ros']
[0.529s] Level 1:colcon.colcon_core.package_identification:_identify(testing_realtime_api/ /home/olhamelnyk/colcon_venv) by extension 'ros'
[0.529s] Level 1:colcon.colcon_core.package_identification:_identify(testing_realtime_api/ /home/olhamelnyk/colcon_venv) by extensions ['cmake', 'python']
[0.529s] Level 1:colcon.colcon_core.package_identification:_identify(testing_realtime_api/ /home/olhamelnyk/colcon_venv) by extension 'cmake'
[0.529s] Level 1:colcon.colcon_core.package_identification:_identify(testing_realtime_api/ /home/olhamelnyk/colcon_venv) by extension 'python'
[0.529s] Level 1:colcon.colcon_core.package_identification:_identify(testing_realtime_api/ /home/olhamelnyk/colcon_venv) by extensions ['python_setup_py']
[0.529s] Level 1:colcon.colcon_core.package_identification:_identify(testing_realtime_api/ /home/olhamelnyk/colcon_venv) by extension 'python_setup_py'
[0.529s] Level 1:colcon.colcon_core.package_identification:_identify(testing_realtime_api/ /home/olhamelnyk/colcon_venv/recordings) by extensions ['ignore', 'ignore_ament_install']
[0.529s] Level 1:colcon.colcon_core.package_identification:_identify(testing_realtime_api/ /home/olhamelnyk/colcon_venv/recordings) by extension 'ignore'
[0.529s] Level 1:colcon.colcon_core.package_identification:_identify(testing_realtime_api/ /home/olhamelnyk/colcon_venv/recordings) by extension 'ignore_ament_install'
[0.529s] Level 1:colcon.colcon_core.package_identification:_identify(testing_realtime_api/ /home/olhamelnyk/colcon_venv/recordings) by extensions ['colcon_pkg']
[0.529s] Level 1:colcon.colcon_core.package_identification:_identify(testing_realtime_api/ /home/olhamelnyk/colcon_venv/recordings) by extension 'colcon_pkg'
[0.529s] Level 1:colcon.colcon_core.package_identification:_identify(testing_realtime_api/ /home/olhamelnyk/colcon_venv/recordings) by extensions ['colcon_meta']
[0.529s] Level 1:colcon.colcon_core.package_identification:_identify(testing_realtime_api/ /home/olhamelnyk/colcon_venv/recordings) by extension 'colcon_meta'
[0.529s] Level 1:colcon.colcon_core.package_identification:_identify(testing_realtime_api/ /home/olhamelnyk/colcon_venv/recordings) by extensions ['ros']
[0.530s] Level 1:colcon.colcon_core.package_identification:_identify(testing_realtime_api/ /home/olhamelnyk/colcon_venv/recordings) by extension 'ros'
[0.530s] Level 1:colcon.colcon_core.package_identification:_identify(testing_realtime_api/ /home/olhamelnyk/colcon_venv/recordings) by extensions ['cmake', 'python']
[0.530s] Level 1:colcon.colcon_core.package_identification:_identify(testing_realtime_api/ /home/olhamelnyk/colcon_venv/recordings) by extension 'cmake'
[0.530s] Level 1:colcon.colcon_core.package_identification:_identify(testing_realtime_api/ /home/olhamelnyk/colcon_venv/recordings) by extension 'python'
[0.530s] Level 1:colcon.colcon_core.package_identification:_identify(testing_realtime_api/ /home/olhamelnyk/colcon_venv/recordings) by extensions ['python_setup_py']
[0.530s] Level 1:colcon.colcon_core.package_identification:_identify(testing_realtime_api/ /home/olhamelnyk/colcon_venv/recordings) by extension 'python_setup_py'
[0.530s] Level 1:colcon.colcon_core.package_identification:_identify(testing_realtime_api/ /home/olhamelnyk/colcon_venv/recordings/recording_BEFR07_comp) by extensions ['ignore', 'ignore_ament_install']
[0.530s] Level 1:colcon.colcon_core.package_identification:_identify(testing_realtime_api/ /home/olhamelnyk/colcon_venv/recordings/recording_BEFR07_comp) by extension 'ignore'
[0.530s] Level 1:colcon.colcon_core.package_identification:_identify(testing_realtime_api/ /home/olhamelnyk/colcon_venv/recordings/recording_BEFR07_comp) by extension 'ignore_ament_install'
[0.530s] Level 1:colcon.colcon_core.package_identification:_identify(testing_realtime_api/ /home/olhamelnyk/colcon_venv/recordings/recording_BEFR07_comp) by extensions ['colcon_pkg']
[0.530s] Level 1:colcon.colcon_core.package_identification:_identify(testing_realtime_api/ /home/olhamelnyk/colcon_venv/recordings/recording_BEFR07_comp) by extension 'colcon_pkg'
[0.530s] Level 1:colcon.colcon_core.package_identification:_identify(testing_realtime_api/ /home/olhamelnyk/colcon_venv/recordings/recording_BEFR07_comp) by extensions ['colcon_meta']
[0.531s] Level 1:colcon.colcon_core.package_identification:_identify(testing_realtime_api/ /home/olhamelnyk/colcon_venv/recordings/recording_BEFR07_comp) by extension 'colcon_meta'
[0.531s] Level 1:colcon.colcon_core.package_identification:_identify(testing_realtime_api/ /home/olhamelnyk/colcon_venv/recordings/recording_BEFR07_comp) by extensions ['ros']
[0.531s] Level 1:colcon.colcon_core.package_identification:_identify(testing_realtime_api/ /home/olhamelnyk/colcon_venv/recordings/recording_BEFR07_comp) by extension 'ros'
[0.531s] Level 1:colcon.colcon_core.package_identification:_identify(testing_realtime_api/ /home/olhamelnyk/colcon_venv/recordings/recording_BEFR07_comp) by extensions ['cmake', 'python']
[0.531s] Level 1:colcon.colcon_core.package_identification:_identify(testing_realtime_api/ /home/olhamelnyk/colcon_venv/recordings/recording_BEFR07_comp) by extension 'cmake'
[0.531s] Level 1:colcon.colcon_core.package_identification:_identify(testing_realtime_api/ /home/olhamelnyk/colcon_venv/recordings/recording_BEFR07_comp) by extension 'python'
[0.531s] Level 1:colcon.colcon_core.package_identification:_identify(testing_realtime_api/ /home/olhamelnyk/colcon_venv/recordings/recording_BEFR07_comp) by extensions ['python_setup_py']
[0.531s] Level 1:colcon.colcon_core.package_identification:_identify(testing_realtime_api/ /home/olhamelnyk/colcon_venv/recordings/recording_BEFR07_comp) by extension 'python_setup_py'
[0.531s] Level 1:colcon.colcon_core.package_identification:_identify(testing_realtime_api/ /home/olhamelnyk/colcon_venv/recordings/recording_MALU09_comp) by extensions ['ignore', 'ignore_ament_install']
[0.532s] Level 1:colcon.colcon_core.package_identification:_identify(testing_realtime_api/ /home/olhamelnyk/colcon_venv/recordings/recording_MALU09_comp) by extension 'ignore'
[0.532s] Level 1:colcon.colcon_core.package_identification:_identify(testing_realtime_api/ /home/olhamelnyk/colcon_venv/recordings/recording_MALU09_comp) by extension 'ignore_ament_install'
[0.532s] Level 1:colcon.colcon_core.package_identification:_identify(testing_realtime_api/ /home/olhamelnyk/colcon_venv/recordings/recording_MALU09_comp) by extensions ['colcon_pkg']
[0.532s] Level 1:colcon.colcon_core.package_identification:_identify(testing_realtime_api/ /home/olhamelnyk/colcon_venv/recordings/recording_MALU09_comp) by extension 'colcon_pkg'
[0.532s] Level 1:colcon.colcon_core.package_identification:_identify(testing_realtime_api/ /home/olhamelnyk/colcon_venv/recordings/recording_MALU09_comp) by extensions ['colcon_meta']
[0.532s] Level 1:colcon.colcon_core.package_identification:_identify(testing_realtime_api/ /home/olhamelnyk/colcon_venv/recordings/recording_MALU09_comp) by extension 'colcon_meta'
[0.532s] Level 1:colcon.colcon_core.package_identification:_identify(testing_realtime_api/ /home/olhamelnyk/colcon_venv/recordings/recording_MALU09_comp) by extensions ['ros']
[0.532s] Level 1:colcon.colcon_core.package_identification:_identify(testing_realtime_api/ /home/olhamelnyk/colcon_venv/recordings/recording_MALU09_comp) by extension 'ros'
[0.532s] Level 1:colcon.colcon_core.package_identification:_identify(testing_realtime_api/ /home/olhamelnyk/colcon_venv/recordings/recording_MALU09_comp) by extensions ['cmake', 'python']
[0.532s] Level 1:colcon.colcon_core.package_identification:_identify(testing_realtime_api/ /home/olhamelnyk/colcon_venv/recordings/recording_MALU09_comp) by extension 'cmake'
[0.533s] Level 1:colcon.colcon_core.package_identification:_identify(testing_realtime_api/ /home/olhamelnyk/colcon_venv/recordings/recording_MALU09_comp) by extension 'python'
[0.533s] Level 1:colcon.colcon_core.package_identification:_identify(testing_realtime_api/ /home/olhamelnyk/colcon_venv/recordings/recording_MALU09_comp) by extensions ['python_setup_py']
[0.533s] Level 1:colcon.colcon_core.package_identification:_identify(testing_realtime_api/ /home/olhamelnyk/colcon_venv/recordings/recording_MALU09_comp) by extension 'python_setup_py'
[0.533s] Level 1:colcon.colcon_core.package_identification:_identify(testing_realtime_api/ /home/olhamelnyk/colcon_venv/recordings/recording_RAHO11_comp) by extensions ['ignore', 'ignore_ament_install']
[0.533s] Level 1:colcon.colcon_core.package_identification:_identify(testing_realtime_api/ /home/olhamelnyk/colcon_venv/recordings/recording_RAHO11_comp) by extension 'ignore'
[0.533s] Level 1:colcon.colcon_core.package_identification:_identify(testing_realtime_api/ /home/olhamelnyk/colcon_venv/recordings/recording_RAHO11_comp) by extension 'ignore_ament_install'
[0.533s] Level 1:colcon.colcon_core.package_identification:_identify(testing_realtime_api/ /home/olhamelnyk/colcon_venv/recordings/recording_RAHO11_comp) by extensions ['colcon_pkg']
[0.533s] Level 1:colcon.colcon_core.package_identification:_identify(testing_realtime_api/ /home/olhamelnyk/colcon_venv/recordings/recording_RAHO11_comp) by extension 'colcon_pkg'
[0.533s] Level 1:colcon.colcon_core.package_identification:_identify(testing_realtime_api/ /home/olhamelnyk/colcon_venv/recordings/recording_RAHO11_comp) by extensions ['colcon_meta']
[0.533s] Level 1:colcon.colcon_core.package_identification:_identify(testing_realtime_api/ /home/olhamelnyk/colcon_venv/recordings/recording_RAHO11_comp) by extension 'colcon_meta'
[0.533s] Level 1:colcon.colcon_core.package_identification:_identify(testing_realtime_api/ /home/olhamelnyk/colcon_venv/recordings/recording_RAHO11_comp) by extensions ['ros']
[0.533s] Level 1:colcon.colcon_core.package_identification:_identify(testing_realtime_api/ /home/olhamelnyk/colcon_venv/recordings/recording_RAHO11_comp) by extension 'ros'
[0.534s] Level 1:colcon.colcon_core.package_identification:_identify(testing_realtime_api/ /home/olhamelnyk/colcon_venv/recordings/recording_RAHO11_comp) by extensions ['cmake', 'python']
[0.534s] Level 1:colcon.colcon_core.package_identification:_identify(testing_realtime_api/ /home/olhamelnyk/colcon_venv/recordings/recording_RAHO11_comp) by extension 'cmake'
[0.534s] Level 1:colcon.colcon_core.package_identification:_identify(testing_realtime_api/ /home/olhamelnyk/colcon_venv/recordings/recording_RAHO11_comp) by extension 'python'
[0.534s] Level 1:colcon.colcon_core.package_identification:_identify(testing_realtime_api/ /home/olhamelnyk/colcon_venv/recordings/recording_RAHO11_comp) by extensions ['python_setup_py']
[0.534s] Level 1:colcon.colcon_core.package_identification:_identify(testing_realtime_api/ /home/olhamelnyk/colcon_venv/recordings/recording_RAHO11_comp) by extension 'python_setup_py'
[0.534s] Level 1:colcon.colcon_core.package_identification:_identify(testing_realtime_api/ /home/olhamelnyk/colcon_venv/recordings/recording_TETO07_comp) by extensions ['ignore', 'ignore_ament_install']
[0.534s] Level 1:colcon.colcon_core.package_identification:_identify(testing_realtime_api/ /home/olhamelnyk/colcon_venv/recordings/recording_TETO07_comp) by extension 'ignore'
[0.534s] Level 1:colcon.colcon_core.package_identification:_identify(testing_realtime_api/ /home/olhamelnyk/colcon_venv/recordings/recording_TETO07_comp) by extension 'ignore_ament_install'
[0.534s] Level 1:colcon.colcon_core.package_identification:_identify(testing_realtime_api/ /home/olhamelnyk/colcon_venv/recordings/recording_TETO07_comp) by extensions ['colcon_pkg']
[0.535s] Level 1:colcon.colcon_core.package_identification:_identify(testing_realtime_api/ /home/olhamelnyk/colcon_venv/recordings/recording_TETO07_comp) by extension 'colcon_pkg'
[0.535s] Level 1:colcon.colcon_core.package_identification:_identify(testing_realtime_api/ /home/olhamelnyk/colcon_venv/recordings/recording_TETO07_comp) by extensions ['colcon_meta']
[0.535s] Level 1:colcon.colcon_core.package_identification:_identify(testing_realtime_api/ /home/olhamelnyk/colcon_venv/recordings/recording_TETO07_comp) by extension 'colcon_meta'
[0.535s] Level 1:colcon.colcon_core.package_identification:_identify(testing_realtime_api/ /home/olhamelnyk/colcon_venv/recordings/recording_TETO07_comp) by extensions ['ros']
[0.535s] Level 1:colcon.colcon_core.package_identification:_identify(testing_realtime_api/ /home/olhamelnyk/colcon_venv/recordings/recording_TETO07_comp) by extension 'ros'
[0.535s] Level 1:colcon.colcon_core.package_identification:_identify(testing_realtime_api/ /home/olhamelnyk/colcon_venv/recordings/recording_TETO07_comp) by extensions ['cmake', 'python']
[0.535s] Level 1:colcon.colcon_core.package_identification:_identify(testing_realtime_api/ /home/olhamelnyk/colcon_venv/recordings/recording_TETO07_comp) by extension 'cmake'
[0.535s] Level 1:colcon.colcon_core.package_identification:_identify(testing_realtime_api/ /home/olhamelnyk/colcon_venv/recordings/recording_TETO07_comp) by extension 'python'
[0.535s] Level 1:colcon.colcon_core.package_identification:_identify(testing_realtime_api/ /home/olhamelnyk/colcon_venv/recordings/recording_TETO07_comp) by extensions ['python_setup_py']
[0.535s] Level 1:colcon.colcon_core.package_identification:_identify(testing_realtime_api/ /home/olhamelnyk/colcon_venv/recordings/recording_TETO07_comp) by extension 'python_setup_py'
[0.535s] Level 1:colcon.colcon_core.package_identification:_identify(tf_recording) by extensions ['ignore', 'ignore_ament_install']
[0.536s] Level 1:colcon.colcon_core.package_identification:_identify(tf_recording) by extension 'ignore'
[0.536s] Level 1:colcon.colcon_core.package_identification:_identify(tf_recording) by extension 'ignore_ament_install'
[0.536s] Level 1:colcon.colcon_core.package_identification:_identify(tf_recording) by extensions ['colcon_pkg']
[0.536s] Level 1:colcon.colcon_core.package_identification:_identify(tf_recording) by extension 'colcon_pkg'
[0.536s] Level 1:colcon.colcon_core.package_identification:_identify(tf_recording) by extensions ['colcon_meta']
[0.536s] Level 1:colcon.colcon_core.package_identification:_identify(tf_recording) by extension 'colcon_meta'
[0.536s] Level 1:colcon.colcon_core.package_identification:_identify(tf_recording) by extensions ['ros']
[0.536s] Level 1:colcon.colcon_core.package_identification:_identify(tf_recording) by extension 'ros'
[0.537s] DEBUG:colcon.colcon_core.package_identification:Package 'tf_recording' with type 'ros.ament_python' and name 'tf_recording'
[0.537s] Level 1:colcon.colcon_core.package_identification:_identify(zed-ros2-examples) by extensions ['ignore', 'ignore_ament_install']
[0.538s] Level 1:colcon.colcon_core.package_identification:_identify(zed-ros2-examples) by extension 'ignore'
[0.538s] Level 1:colcon.colcon_core.package_identification:_identify(zed-ros2-examples) by extension 'ignore_ament_install'
[0.538s] Level 1:colcon.colcon_core.package_identification:_identify(zed-ros2-examples) by extensions ['colcon_pkg']
[0.538s] Level 1:colcon.colcon_core.package_identification:_identify(zed-ros2-examples) by extension 'colcon_pkg'
[0.538s] Level 1:colcon.colcon_core.package_identification:_identify(zed-ros2-examples) by extensions ['colcon_meta']
[0.538s] Level 1:colcon.colcon_core.package_identification:_identify(zed-ros2-examples) by extension 'colcon_meta'
[0.538s] Level 1:colcon.colcon_core.package_identification:_identify(zed-ros2-examples) by extensions ['ros']
[0.538s] Level 1:colcon.colcon_core.package_identification:_identify(zed-ros2-examples) by extension 'ros'
[0.538s] Level 1:colcon.colcon_core.package_identification:_identify(zed-ros2-examples) by extensions ['cmake', 'python']
[0.538s] Level 1:colcon.colcon_core.package_identification:_identify(zed-ros2-examples) by extension 'cmake'
[0.538s] Level 1:colcon.colcon_core.package_identification:_identify(zed-ros2-examples) by extension 'python'
[0.538s] Level 1:colcon.colcon_core.package_identification:_identify(zed-ros2-examples) by extensions ['python_setup_py']
[0.538s] Level 1:colcon.colcon_core.package_identification:_identify(zed-ros2-examples) by extension 'python_setup_py'
[0.538s] Level 1:colcon.colcon_core.package_identification:_identify(zed-ros2-examples/examples) by extensions ['ignore', 'ignore_ament_install']
[0.539s] Level 1:colcon.colcon_core.package_identification:_identify(zed-ros2-examples/examples) by extension 'ignore'
[0.539s] Level 1:colcon.colcon_core.package_identification:_identify(zed-ros2-examples/examples) by extension 'ignore_ament_install'
[0.539s] Level 1:colcon.colcon_core.package_identification:_identify(zed-ros2-examples/examples) by extensions ['colcon_pkg']
[0.539s] Level 1:colcon.colcon_core.package_identification:_identify(zed-ros2-examples/examples) by extension 'colcon_pkg'
[0.539s] Level 1:colcon.colcon_core.package_identification:_identify(zed-ros2-examples/examples) by extensions ['colcon_meta']
[0.539s] Level 1:colcon.colcon_core.package_identification:_identify(zed-ros2-examples/examples) by extension 'colcon_meta'
[0.539s] Level 1:colcon.colcon_core.package_identification:_identify(zed-ros2-examples/examples) by extensions ['ros']
[0.539s] Level 1:colcon.colcon_core.package_identification:_identify(zed-ros2-examples/examples) by extension 'ros'
[0.539s] Level 1:colcon.colcon_core.package_identification:_identify(zed-ros2-examples/examples) by extensions ['cmake', 'python']
[0.539s] Level 1:colcon.colcon_core.package_identification:_identify(zed-ros2-examples/examples) by extension 'cmake'
[0.539s] Level 1:colcon.colcon_core.package_identification:_identify(zed-ros2-examples/examples) by extension 'python'
[0.539s] Level 1:colcon.colcon_core.package_identification:_identify(zed-ros2-examples/examples) by extensions ['python_setup_py']
[0.539s] Level 1:colcon.colcon_core.package_identification:_identify(zed-ros2-examples/examples) by extension 'python_setup_py'
[0.539s] Level 1:colcon.colcon_core.package_identification:_identify(zed-ros2-examples/examples/zed_aruco_localization) by extensions ['ignore', 'ignore_ament_install']
[0.540s] Level 1:colcon.colcon_core.package_identification:_identify(zed-ros2-examples/examples/zed_aruco_localization) by extension 'ignore'
[0.540s] Level 1:colcon.colcon_core.package_identification:_identify(zed-ros2-examples/examples/zed_aruco_localization) by extension 'ignore_ament_install'
[0.540s] Level 1:colcon.colcon_core.package_identification:_identify(zed-ros2-examples/examples/zed_aruco_localization) by extensions ['colcon_pkg']
[0.540s] Level 1:colcon.colcon_core.package_identification:_identify(zed-ros2-examples/examples/zed_aruco_localization) by extension 'colcon_pkg'
[0.540s] Level 1:colcon.colcon_core.package_identification:_identify(zed-ros2-examples/examples/zed_aruco_localization) by extensions ['colcon_meta']
[0.540s] Level 1:colcon.colcon_core.package_identification:_identify(zed-ros2-examples/examples/zed_aruco_localization) by extension 'colcon_meta'
[0.540s] Level 1:colcon.colcon_core.package_identification:_identify(zed-ros2-examples/examples/zed_aruco_localization) by extensions ['ros']
[0.540s] Level 1:colcon.colcon_core.package_identification:_identify(zed-ros2-examples/examples/zed_aruco_localization) by extension 'ros'
[0.542s] DEBUG:colcon.colcon_core.package_identification:Package 'zed-ros2-examples/examples/zed_aruco_localization' with type 'ros.ament_cmake' and name 'zed_aruco_localization'
[0.542s] Level 1:colcon.colcon_core.package_identification:_identify(zed-ros2-examples/examples/zed_depth_to_laserscan) by extensions ['ignore', 'ignore_ament_install']
[0.542s] Level 1:colcon.colcon_core.package_identification:_identify(zed-ros2-examples/examples/zed_depth_to_laserscan) by extension 'ignore'
[0.542s] Level 1:colcon.colcon_core.package_identification:_identify(zed-ros2-examples/examples/zed_depth_to_laserscan) by extension 'ignore_ament_install'
[0.542s] Level 1:colcon.colcon_core.package_identification:_identify(zed-ros2-examples/examples/zed_depth_to_laserscan) by extensions ['colcon_pkg']
[0.542s] Level 1:colcon.colcon_core.package_identification:_identify(zed-ros2-examples/examples/zed_depth_to_laserscan) by extension 'colcon_pkg'
[0.542s] Level 1:colcon.colcon_core.package_identification:_identify(zed-ros2-examples/examples/zed_depth_to_laserscan) by extensions ['colcon_meta']
[0.542s] Level 1:colcon.colcon_core.package_identification:_identify(zed-ros2-examples/examples/zed_depth_to_laserscan) by extension 'colcon_meta'
[0.542s] Level 1:colcon.colcon_core.package_identification:_identify(zed-ros2-examples/examples/zed_depth_to_laserscan) by extensions ['ros']
[0.542s] Level 1:colcon.colcon_core.package_identification:_identify(zed-ros2-examples/examples/zed_depth_to_laserscan) by extension 'ros'
[0.544s] DEBUG:colcon.colcon_core.package_identification:Package 'zed-ros2-examples/examples/zed_depth_to_laserscan' with type 'ros.ament_cmake' and name 'zed_depth_to_laserscan'
[0.544s] Level 1:colcon.colcon_core.package_identification:_identify(zed-ros2-examples/images) by extensions ['ignore', 'ignore_ament_install']
[0.544s] Level 1:colcon.colcon_core.package_identification:_identify(zed-ros2-examples/images) by extension 'ignore'
[0.544s] Level 1:colcon.colcon_core.package_identification:_identify(zed-ros2-examples/images) by extension 'ignore_ament_install'
[0.544s] Level 1:colcon.colcon_core.package_identification:_identify(zed-ros2-examples/images) by extensions ['colcon_pkg']
[0.544s] Level 1:colcon.colcon_core.package_identification:_identify(zed-ros2-examples/images) by extension 'colcon_pkg'
[0.544s] Level 1:colcon.colcon_core.package_identification:_identify(zed-ros2-examples/images) by extensions ['colcon_meta']
[0.544s] Level 1:colcon.colcon_core.package_identification:_identify(zed-ros2-examples/images) by extension 'colcon_meta'
[0.544s] Level 1:colcon.colcon_core.package_identification:_identify(zed-ros2-examples/images) by extensions ['ros']
[0.544s] Level 1:colcon.colcon_core.package_identification:_identify(zed-ros2-examples/images) by extension 'ros'
[0.544s] Level 1:colcon.colcon_core.package_identification:_identify(zed-ros2-examples/images) by extensions ['cmake', 'python']
[0.545s] Level 1:colcon.colcon_core.package_identification:_identify(zed-ros2-examples/images) by extension 'cmake'
[0.545s] Level 1:colcon.colcon_core.package_identification:_identify(zed-ros2-examples/images) by extension 'python'
[0.545s] Level 1:colcon.colcon_core.package_identification:_identify(zed-ros2-examples/images) by extensions ['python_setup_py']
[0.545s] Level 1:colcon.colcon_core.package_identification:_identify(zed-ros2-examples/images) by extension 'python_setup_py'
[0.545s] Level 1:colcon.colcon_core.package_identification:_identify(zed-ros2-examples/rviz-plugin-zed-od) by extensions ['ignore', 'ignore_ament_install']
[0.545s] Level 1:colcon.colcon_core.package_identification:_identify(zed-ros2-examples/rviz-plugin-zed-od) by extension 'ignore'
[0.545s] Level 1:colcon.colcon_core.package_identification:_identify(zed-ros2-examples/rviz-plugin-zed-od) by extension 'ignore_ament_install'
[0.545s] Level 1:colcon.colcon_core.package_identification:_identify(zed-ros2-examples/rviz-plugin-zed-od) by extensions ['colcon_pkg']
[0.545s] Level 1:colcon.colcon_core.package_identification:_identify(zed-ros2-examples/rviz-plugin-zed-od) by extension 'colcon_pkg'
[0.545s] Level 1:colcon.colcon_core.package_identification:_identify(zed-ros2-examples/rviz-plugin-zed-od) by extensions ['colcon_meta']
[0.545s] Level 1:colcon.colcon_core.package_identification:_identify(zed-ros2-examples/rviz-plugin-zed-od) by extension 'colcon_meta'
[0.545s] Level 1:colcon.colcon_core.package_identification:_identify(zed-ros2-examples/rviz-plugin-zed-od) by extensions ['ros']
[0.546s] Level 1:colcon.colcon_core.package_identification:_identify(zed-ros2-examples/rviz-plugin-zed-od) by extension 'ros'
[0.547s] DEBUG:colcon.colcon_core.package_identification:Package 'zed-ros2-examples/rviz-plugin-zed-od' with type 'ros.ament_cmake' and name 'rviz_plugin_zed_od'
[0.548s] Level 1:colcon.colcon_core.package_identification:_identify(zed-ros2-examples/tools) by extensions ['ignore', 'ignore_ament_install']
[0.548s] Level 1:colcon.colcon_core.package_identification:_identify(zed-ros2-examples/tools) by extension 'ignore'
[0.548s] Level 1:colcon.colcon_core.package_identification:_identify(zed-ros2-examples/tools) by extension 'ignore_ament_install'
[0.548s] Level 1:colcon.colcon_core.package_identification:_identify(zed-ros2-examples/tools) by extensions ['colcon_pkg']
[0.549s] Level 1:colcon.colcon_core.package_identification:_identify(zed-ros2-examples/tools) by extension 'colcon_pkg'
[0.549s] Level 1:colcon.colcon_core.package_identification:_identify(zed-ros2-examples/tools) by extensions ['colcon_meta']
[0.549s] Level 1:colcon.colcon_core.package_identification:_identify(zed-ros2-examples/tools) by extension 'colcon_meta'
[0.549s] Level 1:colcon.colcon_core.package_identification:_identify(zed-ros2-examples/tools) by extensions ['ros']
[0.549s] Level 1:colcon.colcon_core.package_identification:_identify(zed-ros2-examples/tools) by extension 'ros'
[0.549s] Level 1:colcon.colcon_core.package_identification:_identify(zed-ros2-examples/tools) by extensions ['cmake', 'python']
[0.550s] Level 1:colcon.colcon_core.package_identification:_identify(zed-ros2-examples/tools) by extension 'cmake'
[0.550s] Level 1:colcon.colcon_core.package_identification:_identify(zed-ros2-examples/tools) by extension 'python'
[0.550s] Level 1:colcon.colcon_core.package_identification:_identify(zed-ros2-examples/tools) by extensions ['python_setup_py']
[0.550s] Level 1:colcon.colcon_core.package_identification:_identify(zed-ros2-examples/tools) by extension 'python_setup_py'
[0.550s] Level 1:colcon.colcon_core.package_identification:_identify(zed-ros2-examples/tools/zed_benchmark) by extensions ['ignore', 'ignore_ament_install']
[0.551s] Level 1:colcon.colcon_core.package_identification:_identify(zed-ros2-examples/tools/zed_benchmark) by extension 'ignore'
[0.551s] Level 1:colcon.colcon_core.package_identification:_identify(zed-ros2-examples/tools/zed_benchmark) by extension 'ignore_ament_install'
[0.551s] Level 1:colcon.colcon_core.package_identification:_identify(zed-ros2-examples/tools/zed_benchmark) by extensions ['colcon_pkg']
[0.551s] Level 1:colcon.colcon_core.package_identification:_identify(zed-ros2-examples/tools/zed_benchmark) by extension 'colcon_pkg'
[0.551s] Level 1:colcon.colcon_core.package_identification:_identify(zed-ros2-examples/tools/zed_benchmark) by extensions ['colcon_meta']
[0.551s] Level 1:colcon.colcon_core.package_identification:_identify(zed-ros2-examples/tools/zed_benchmark) by extension 'colcon_meta'
[0.551s] Level 1:colcon.colcon_core.package_identification:_identify(zed-ros2-examples/tools/zed_benchmark) by extensions ['ros']
[0.551s] Level 1:colcon.colcon_core.package_identification:_identify(zed-ros2-examples/tools/zed_benchmark) by extension 'ros'
[0.554s] DEBUG:colcon.colcon_core.package_identification:Package 'zed-ros2-examples/tools/zed_benchmark' with type 'ros.ament_cmake' and name 'zed_topic_benchmark'
[0.554s] Level 1:colcon.colcon_core.package_identification:_identify(zed-ros2-examples/tools/zed_benchmark_component) by extensions ['ignore', 'ignore_ament_install']
[0.555s] Level 1:colcon.colcon_core.package_identification:_identify(zed-ros2-examples/tools/zed_benchmark_component) by extension 'ignore'
[0.555s] Level 1:colcon.colcon_core.package_identification:_identify(zed-ros2-examples/tools/zed_benchmark_component) by extension 'ignore_ament_install'
[0.555s] Level 1:colcon.colcon_core.package_identification:_identify(zed-ros2-examples/tools/zed_benchmark_component) by extensions ['colcon_pkg']
[0.555s] Level 1:colcon.colcon_core.package_identification:_identify(zed-ros2-examples/tools/zed_benchmark_component) by extension 'colcon_pkg'
[0.555s] Level 1:colcon.colcon_core.package_identification:_identify(zed-ros2-examples/tools/zed_benchmark_component) by extensions ['colcon_meta']
[0.555s] Level 1:colcon.colcon_core.package_identification:_identify(zed-ros2-examples/tools/zed_benchmark_component) by extension 'colcon_meta'
[0.555s] Level 1:colcon.colcon_core.package_identification:_identify(zed-ros2-examples/tools/zed_benchmark_component) by extensions ['ros']
[0.555s] Level 1:colcon.colcon_core.package_identification:_identify(zed-ros2-examples/tools/zed_benchmark_component) by extension 'ros'
[0.557s] DEBUG:colcon.colcon_core.package_identification:Package 'zed-ros2-examples/tools/zed_benchmark_component' with type 'ros.ament_cmake' and name 'zed_topic_benchmark_component'
[0.557s] Level 1:colcon.colcon_core.package_identification:_identify(zed-ros2-examples/tools/zed_benchmark_interfaces) by extensions ['ignore', 'ignore_ament_install']
[0.557s] Level 1:colcon.colcon_core.package_identification:_identify(zed-ros2-examples/tools/zed_benchmark_interfaces) by extension 'ignore'
[0.557s] Level 1:colcon.colcon_core.package_identification:_identify(zed-ros2-examples/tools/zed_benchmark_interfaces) by extension 'ignore_ament_install'
[0.557s] Level 1:colcon.colcon_core.package_identification:_identify(zed-ros2-examples/tools/zed_benchmark_interfaces) by extensions ['colcon_pkg']
[0.557s] Level 1:colcon.colcon_core.package_identification:_identify(zed-ros2-examples/tools/zed_benchmark_interfaces) by extension 'colcon_pkg'
[0.557s] Level 1:colcon.colcon_core.package_identification:_identify(zed-ros2-examples/tools/zed_benchmark_interfaces) by extensions ['colcon_meta']
[0.557s] Level 1:colcon.colcon_core.package_identification:_identify(zed-ros2-examples/tools/zed_benchmark_interfaces) by extension 'colcon_meta'
[0.557s] Level 1:colcon.colcon_core.package_identification:_identify(zed-ros2-examples/tools/zed_benchmark_interfaces) by extensions ['ros']
[0.557s] Level 1:colcon.colcon_core.package_identification:_identify(zed-ros2-examples/tools/zed_benchmark_interfaces) by extension 'ros'
[0.558s] DEBUG:colcon.colcon_core.package_identification:Package 'zed-ros2-examples/tools/zed_benchmark_interfaces' with type 'ros.ament_cmake' and name 'zed_topic_benchmark_interfaces'
[0.558s] Level 1:colcon.colcon_core.package_identification:_identify(zed-ros2-examples/tutorials) by extensions ['ignore', 'ignore_ament_install']
[0.558s] Level 1:colcon.colcon_core.package_identification:_identify(zed-ros2-examples/tutorials) by extension 'ignore'
[0.559s] Level 1:colcon.colcon_core.package_identification:_identify(zed-ros2-examples/tutorials) by extension 'ignore_ament_install'
[0.559s] Level 1:colcon.colcon_core.package_identification:_identify(zed-ros2-examples/tutorials) by extensions ['colcon_pkg']
[0.559s] Level 1:colcon.colcon_core.package_identification:_identify(zed-ros2-examples/tutorials) by extension 'colcon_pkg'
[0.559s] Level 1:colcon.colcon_core.package_identification:_identify(zed-ros2-examples/tutorials) by extensions ['colcon_meta']
[0.559s] Level 1:colcon.colcon_core.package_identification:_identify(zed-ros2-examples/tutorials) by extension 'colcon_meta'
[0.559s] Level 1:colcon.colcon_core.package_identification:_identify(zed-ros2-examples/tutorials) by extensions ['ros']
[0.559s] Level 1:colcon.colcon_core.package_identification:_identify(zed-ros2-examples/tutorials) by extension 'ros'
[0.559s] Level 1:colcon.colcon_core.package_identification:_identify(zed-ros2-examples/tutorials) by extensions ['cmake', 'python']
[0.559s] Level 1:colcon.colcon_core.package_identification:_identify(zed-ros2-examples/tutorials) by extension 'cmake'
[0.559s] Level 1:colcon.colcon_core.package_identification:_identify(zed-ros2-examples/tutorials) by extension 'python'
[0.559s] Level 1:colcon.colcon_core.package_identification:_identify(zed-ros2-examples/tutorials) by extensions ['python_setup_py']
[0.559s] Level 1:colcon.colcon_core.package_identification:_identify(zed-ros2-examples/tutorials) by extension 'python_setup_py'
[0.559s] Level 1:colcon.colcon_core.package_identification:_identify(zed-ros2-examples/tutorials/zed_depth_tutorial) by extensions ['ignore', 'ignore_ament_install']
[0.559s] Level 1:colcon.colcon_core.package_identification:_identify(zed-ros2-examples/tutorials/zed_depth_tutorial) by extension 'ignore'
[0.560s] Level 1:colcon.colcon_core.package_identification:_identify(zed-ros2-examples/tutorials/zed_depth_tutorial) by extension 'ignore_ament_install'
[0.560s] Level 1:colcon.colcon_core.package_identification:_identify(zed-ros2-examples/tutorials/zed_depth_tutorial) by extensions ['colcon_pkg']
[0.560s] Level 1:colcon.colcon_core.package_identification:_identify(zed-ros2-examples/tutorials/zed_depth_tutorial) by extension 'colcon_pkg'
[0.560s] Level 1:colcon.colcon_core.package_identification:_identify(zed-ros2-examples/tutorials/zed_depth_tutorial) by extensions ['colcon_meta']
[0.560s] Level 1:colcon.colcon_core.package_identification:_identify(zed-ros2-examples/tutorials/zed_depth_tutorial) by extension 'colcon_meta'
[0.560s] Level 1:colcon.colcon_core.package_identification:_identify(zed-ros2-examples/tutorials/zed_depth_tutorial) by extensions ['ros']
[0.560s] Level 1:colcon.colcon_core.package_identification:_identify(zed-ros2-examples/tutorials/zed_depth_tutorial) by extension 'ros'
[0.561s] DEBUG:colcon.colcon_core.package_identification:Package 'zed-ros2-examples/tutorials/zed_depth_tutorial' with type 'ros.ament_cmake' and name 'zed_tutorial_depth'
[0.561s] Level 1:colcon.colcon_core.package_identification:_identify(zed-ros2-examples/tutorials/zed_ipc) by extensions ['ignore', 'ignore_ament_install']
[0.562s] Level 1:colcon.colcon_core.package_identification:_identify(zed-ros2-examples/tutorials/zed_ipc) by extension 'ignore'
[0.562s] Level 1:colcon.colcon_core.package_identification:_identify(zed-ros2-examples/tutorials/zed_ipc) by extension 'ignore_ament_install'
[0.562s] Level 1:colcon.colcon_core.package_identification:_identify(zed-ros2-examples/tutorials/zed_ipc) by extensions ['colcon_pkg']
[0.562s] Level 1:colcon.colcon_core.package_identification:_identify(zed-ros2-examples/tutorials/zed_ipc) by extension 'colcon_pkg'
[0.562s] Level 1:colcon.colcon_core.package_identification:_identify(zed-ros2-examples/tutorials/zed_ipc) by extensions ['colcon_meta']
[0.562s] Level 1:colcon.colcon_core.package_identification:_identify(zed-ros2-examples/tutorials/zed_ipc) by extension 'colcon_meta'
[0.562s] Level 1:colcon.colcon_core.package_identification:_identify(zed-ros2-examples/tutorials/zed_ipc) by extensions ['ros']
[0.562s] Level 1:colcon.colcon_core.package_identification:_identify(zed-ros2-examples/tutorials/zed_ipc) by extension 'ros'
[0.563s] DEBUG:colcon.colcon_core.package_identification:Package 'zed-ros2-examples/tutorials/zed_ipc' with type 'ros.ament_cmake' and name 'zed_ipc'
[0.564s] Level 1:colcon.colcon_core.package_identification:_identify(zed-ros2-examples/tutorials/zed_multi_camera) by extensions ['ignore', 'ignore_ament_install']
[0.564s] Level 1:colcon.colcon_core.package_identification:_identify(zed-ros2-examples/tutorials/zed_multi_camera) by extension 'ignore'
[0.564s] Level 1:colcon.colcon_core.package_identification:_identify(zed-ros2-examples/tutorials/zed_multi_camera) by extension 'ignore_ament_install'
[0.564s] Level 1:colcon.colcon_core.package_identification:_identify(zed-ros2-examples/tutorials/zed_multi_camera) by extensions ['colcon_pkg']
[0.564s] Level 1:colcon.colcon_core.package_identification:_identify(zed-ros2-examples/tutorials/zed_multi_camera) by extension 'colcon_pkg'
[0.564s] Level 1:colcon.colcon_core.package_identification:_identify(zed-ros2-examples/tutorials/zed_multi_camera) by extensions ['colcon_meta']
[0.564s] Level 1:colcon.colcon_core.package_identification:_identify(zed-ros2-examples/tutorials/zed_multi_camera) by extension 'colcon_meta'
[0.564s] Level 1:colcon.colcon_core.package_identification:_identify(zed-ros2-examples/tutorials/zed_multi_camera) by extensions ['ros']
[0.564s] Level 1:colcon.colcon_core.package_identification:_identify(zed-ros2-examples/tutorials/zed_multi_camera) by extension 'ros'
[0.567s] DEBUG:colcon.colcon_core.package_identification:Package 'zed-ros2-examples/tutorials/zed_multi_camera' with type 'ros.ament_cmake' and name 'zed_multi_camera'
[0.568s] Level 1:colcon.colcon_core.package_identification:_identify(zed-ros2-examples/tutorials/zed_pose_tutorial) by extensions ['ignore', 'ignore_ament_install']
[0.568s] Level 1:colcon.colcon_core.package_identification:_identify(zed-ros2-examples/tutorials/zed_pose_tutorial) by extension 'ignore'
[0.568s] Level 1:colcon.colcon_core.package_identification:_identify(zed-ros2-examples/tutorials/zed_pose_tutorial) by extension 'ignore_ament_install'
[0.568s] Level 1:colcon.colcon_core.package_identification:_identify(zed-ros2-examples/tutorials/zed_pose_tutorial) by extensions ['colcon_pkg']
[0.568s] Level 1:colcon.colcon_core.package_identification:_identify(zed-ros2-examples/tutorials/zed_pose_tutorial) by extension 'colcon_pkg'
[0.568s] Level 1:colcon.colcon_core.package_identification:_identify(zed-ros2-examples/tutorials/zed_pose_tutorial) by extensions ['colcon_meta']
[0.568s] Level 1:colcon.colcon_core.package_identification:_identify(zed-ros2-examples/tutorials/zed_pose_tutorial) by extension 'colcon_meta'
[0.568s] Level 1:colcon.colcon_core.package_identification:_identify(zed-ros2-examples/tutorials/zed_pose_tutorial) by extensions ['ros']
[0.568s] Level 1:colcon.colcon_core.package_identification:_identify(zed-ros2-examples/tutorials/zed_pose_tutorial) by extension 'ros'
[0.571s] DEBUG:colcon.colcon_core.package_identification:Package 'zed-ros2-examples/tutorials/zed_pose_tutorial' with type 'ros.ament_cmake' and name 'zed_tutorial_pos_tracking'
[0.572s] Level 1:colcon.colcon_core.package_identification:_identify(zed-ros2-examples/tutorials/zed_rgb_convert) by extensions ['ignore', 'ignore_ament_install']
[0.573s] Level 1:colcon.colcon_core.package_identification:_identify(zed-ros2-examples/tutorials/zed_rgb_convert) by extension 'ignore'
[0.573s] Level 1:colcon.colcon_core.package_identification:_identify(zed-ros2-examples/tutorials/zed_rgb_convert) by extension 'ignore_ament_install'
[0.573s] Level 1:colcon.colcon_core.package_identification:_identify(zed-ros2-examples/tutorials/zed_rgb_convert) by extensions ['colcon_pkg']
[0.573s] Level 1:colcon.colcon_core.package_identification:_identify(zed-ros2-examples/tutorials/zed_rgb_convert) by extension 'colcon_pkg'
[0.573s] Level 1:colcon.colcon_core.package_identification:_identify(zed-ros2-examples/tutorials/zed_rgb_convert) by extensions ['colcon_meta']
[0.573s] Level 1:colcon.colcon_core.package_identification:_identify(zed-ros2-examples/tutorials/zed_rgb_convert) by extension 'colcon_meta'
[0.573s] Level 1:colcon.colcon_core.package_identification:_identify(zed-ros2-examples/tutorials/zed_rgb_convert) by extensions ['ros']
[0.573s] Level 1:colcon.colcon_core.package_identification:_identify(zed-ros2-examples/tutorials/zed_rgb_convert) by extension 'ros'
[0.575s] DEBUG:colcon.colcon_core.package_identification:Package 'zed-ros2-examples/tutorials/zed_rgb_convert' with type 'ros.ament_cmake' and name 'zed_rgb_convert'
[0.575s] Level 1:colcon.colcon_core.package_identification:_identify(zed-ros2-examples/tutorials/zed_robot_integration) by extensions ['ignore', 'ignore_ament_install']
[0.576s] Level 1:colcon.colcon_core.package_identification:_identify(zed-ros2-examples/tutorials/zed_robot_integration) by extension 'ignore'
[0.576s] Level 1:colcon.colcon_core.package_identification:_identify(zed-ros2-examples/tutorials/zed_robot_integration) by extension 'ignore_ament_install'
[0.576s] Level 1:colcon.colcon_core.package_identification:_identify(zed-ros2-examples/tutorials/zed_robot_integration) by extensions ['colcon_pkg']
[0.576s] Level 1:colcon.colcon_core.package_identification:_identify(zed-ros2-examples/tutorials/zed_robot_integration) by extension 'colcon_pkg'
[0.576s] Level 1:colcon.colcon_core.package_identification:_identify(zed-ros2-examples/tutorials/zed_robot_integration) by extensions ['colcon_meta']
[0.576s] Level 1:colcon.colcon_core.package_identification:_identify(zed-ros2-examples/tutorials/zed_robot_integration) by extension 'colcon_meta'
[0.576s] Level 1:colcon.colcon_core.package_identification:_identify(zed-ros2-examples/tutorials/zed_robot_integration) by extensions ['ros']
[0.576s] Level 1:colcon.colcon_core.package_identification:_identify(zed-ros2-examples/tutorials/zed_robot_integration) by extension 'ros'
[0.577s] DEBUG:colcon.colcon_core.package_identification:Package 'zed-ros2-examples/tutorials/zed_robot_integration' with type 'ros.ament_cmake' and name 'zed_robot_integration'
[0.577s] Level 1:colcon.colcon_core.package_identification:_identify(zed-ros2-examples/tutorials/zed_video_tutorial) by extensions ['ignore', 'ignore_ament_install']
[0.577s] Level 1:colcon.colcon_core.package_identification:_identify(zed-ros2-examples/tutorials/zed_video_tutorial) by extension 'ignore'
[0.577s] Level 1:colcon.colcon_core.package_identification:_identify(zed-ros2-examples/tutorials/zed_video_tutorial) by extension 'ignore_ament_install'
[0.577s] Level 1:colcon.colcon_core.package_identification:_identify(zed-ros2-examples/tutorials/zed_video_tutorial) by extensions ['colcon_pkg']
[0.577s] Level 1:colcon.colcon_core.package_identification:_identify(zed-ros2-examples/tutorials/zed_video_tutorial) by extension 'colcon_pkg'
[0.577s] Level 1:colcon.colcon_core.package_identification:_identify(zed-ros2-examples/tutorials/zed_video_tutorial) by extensions ['colcon_meta']
[0.577s] Level 1:colcon.colcon_core.package_identification:_identify(zed-ros2-examples/tutorials/zed_video_tutorial) by extension 'colcon_meta'
[0.577s] Level 1:colcon.colcon_core.package_identification:_identify(zed-ros2-examples/tutorials/zed_video_tutorial) by extensions ['ros']
[0.577s] Level 1:colcon.colcon_core.package_identification:_identify(zed-ros2-examples/tutorials/zed_video_tutorial) by extension 'ros'
[0.578s] DEBUG:colcon.colcon_core.package_identification:Package 'zed-ros2-examples/tutorials/zed_video_tutorial' with type 'ros.ament_cmake' and name 'zed_tutorial_video'
[0.578s] Level 1:colcon.colcon_core.package_identification:_identify(zed-ros2-examples/zed_display_foxglove) by extensions ['ignore', 'ignore_ament_install']
[0.579s] Level 1:colcon.colcon_core.package_identification:_identify(zed-ros2-examples/zed_display_foxglove) by extension 'ignore'
[0.579s] Level 1:colcon.colcon_core.package_identification:_identify(zed-ros2-examples/zed_display_foxglove) by extension 'ignore_ament_install'
[0.579s] Level 1:colcon.colcon_core.package_identification:_identify(zed-ros2-examples/zed_display_foxglove) by extensions ['colcon_pkg']
[0.579s] Level 1:colcon.colcon_core.package_identification:_identify(zed-ros2-examples/zed_display_foxglove) by extension 'colcon_pkg'
[0.579s] Level 1:colcon.colcon_core.package_identification:_identify(zed-ros2-examples/zed_display_foxglove) by extensions ['colcon_meta']
[0.579s] Level 1:colcon.colcon_core.package_identification:_identify(zed-ros2-examples/zed_display_foxglove) by extension 'colcon_meta'
[0.579s] Level 1:colcon.colcon_core.package_identification:_identify(zed-ros2-examples/zed_display_foxglove) by extensions ['ros']
[0.579s] Level 1:colcon.colcon_core.package_identification:_identify(zed-ros2-examples/zed_display_foxglove) by extension 'ros'
[0.579s] Level 1:colcon.colcon_core.package_identification:_identify(zed-ros2-examples/zed_display_foxglove) by extensions ['cmake', 'python']
[0.579s] Level 1:colcon.colcon_core.package_identification:_identify(zed-ros2-examples/zed_display_foxglove) by extension 'cmake'
[0.579s] Level 1:colcon.colcon_core.package_identification:_identify(zed-ros2-examples/zed_display_foxglove) by extension 'python'
[0.579s] Level 1:colcon.colcon_core.package_identification:_identify(zed-ros2-examples/zed_display_foxglove) by extensions ['python_setup_py']
[0.579s] Level 1:colcon.colcon_core.package_identification:_identify(zed-ros2-examples/zed_display_foxglove) by extension 'python_setup_py'
[0.580s] Level 1:colcon.colcon_core.package_identification:_identify(zed-ros2-examples/zed_display_foxglove/images) by extensions ['ignore', 'ignore_ament_install']
[0.580s] Level 1:colcon.colcon_core.package_identification:_identify(zed-ros2-examples/zed_display_foxglove/images) by extension 'ignore'
[0.580s] Level 1:colcon.colcon_core.package_identification:_identify(zed-ros2-examples/zed_display_foxglove/images) by extension 'ignore_ament_install'
[0.580s] Level 1:colcon.colcon_core.package_identification:_identify(zed-ros2-examples/zed_display_foxglove/images) by extensions ['colcon_pkg']
[0.580s] Level 1:colcon.colcon_core.package_identification:_identify(zed-ros2-examples/zed_display_foxglove/images) by extension 'colcon_pkg'
[0.580s] Level 1:colcon.colcon_core.package_identification:_identify(zed-ros2-examples/zed_display_foxglove/images) by extensions ['colcon_meta']
[0.580s] Level 1:colcon.colcon_core.package_identification:_identify(zed-ros2-examples/zed_display_foxglove/images) by extension 'colcon_meta'
[0.580s] Level 1:colcon.colcon_core.package_identification:_identify(zed-ros2-examples/zed_display_foxglove/images) by extensions ['ros']
[0.580s] Level 1:colcon.colcon_core.package_identification:_identify(zed-ros2-examples/zed_display_foxglove/images) by extension 'ros'
[0.580s] Level 1:colcon.colcon_core.package_identification:_identify(zed-ros2-examples/zed_display_foxglove/images) by extensions ['cmake', 'python']
[0.580s] Level 1:colcon.colcon_core.package_identification:_identify(zed-ros2-examples/zed_display_foxglove/images) by extension 'cmake'
[0.580s] Level 1:colcon.colcon_core.package_identification:_identify(zed-ros2-examples/zed_display_foxglove/images) by extension 'python'
[0.580s] Level 1:colcon.colcon_core.package_identification:_identify(zed-ros2-examples/zed_display_foxglove/images) by extensions ['python_setup_py']
[0.580s] Level 1:colcon.colcon_core.package_identification:_identify(zed-ros2-examples/zed_display_foxglove/images) by extension 'python_setup_py'
[0.581s] Level 1:colcon.colcon_core.package_identification:_identify(zed-ros2-examples/zed_display_foxglove/layouts) by extensions ['ignore', 'ignore_ament_install']
[0.581s] Level 1:colcon.colcon_core.package_identification:_identify(zed-ros2-examples/zed_display_foxglove/layouts) by extension 'ignore'
[0.581s] Level 1:colcon.colcon_core.package_identification:_identify(zed-ros2-examples/zed_display_foxglove/layouts) by extension 'ignore_ament_install'
[0.581s] Level 1:colcon.colcon_core.package_identification:_identify(zed-ros2-examples/zed_display_foxglove/layouts) by extensions ['colcon_pkg']
[0.581s] Level 1:colcon.colcon_core.package_identification:_identify(zed-ros2-examples/zed_display_foxglove/layouts) by extension 'colcon_pkg'
[0.581s] Level 1:colcon.colcon_core.package_identification:_identify(zed-ros2-examples/zed_display_foxglove/layouts) by extensions ['colcon_meta']
[0.581s] Level 1:colcon.colcon_core.package_identification:_identify(zed-ros2-examples/zed_display_foxglove/layouts) by extension 'colcon_meta'
[0.581s] Level 1:colcon.colcon_core.package_identification:_identify(zed-ros2-examples/zed_display_foxglove/layouts) by extensions ['ros']
[0.581s] Level 1:colcon.colcon_core.package_identification:_identify(zed-ros2-examples/zed_display_foxglove/layouts) by extension 'ros'
[0.581s] Level 1:colcon.colcon_core.package_identification:_identify(zed-ros2-examples/zed_display_foxglove/layouts) by extensions ['cmake', 'python']
[0.581s] Level 1:colcon.colcon_core.package_identification:_identify(zed-ros2-examples/zed_display_foxglove/layouts) by extension 'cmake'
[0.581s] Level 1:colcon.colcon_core.package_identification:_identify(zed-ros2-examples/zed_display_foxglove/layouts) by extension 'python'
[0.582s] Level 1:colcon.colcon_core.package_identification:_identify(zed-ros2-examples/zed_display_foxglove/layouts) by extensions ['python_setup_py']
[0.582s] Level 1:colcon.colcon_core.package_identification:_identify(zed-ros2-examples/zed_display_foxglove/layouts) by extension 'python_setup_py'
[0.582s] Level 1:colcon.colcon_core.package_identification:_identify(zed-ros2-examples/zed_display_rviz2) by extensions ['ignore', 'ignore_ament_install']
[0.583s] Level 1:colcon.colcon_core.package_identification:_identify(zed-ros2-examples/zed_display_rviz2) by extension 'ignore'
[0.583s] Level 1:colcon.colcon_core.package_identification:_identify(zed-ros2-examples/zed_display_rviz2) by extension 'ignore_ament_install'
[0.583s] Level 1:colcon.colcon_core.package_identification:_identify(zed-ros2-examples/zed_display_rviz2) by extensions ['colcon_pkg']
[0.583s] Level 1:colcon.colcon_core.package_identification:_identify(zed-ros2-examples/zed_display_rviz2) by extension 'colcon_pkg'
[0.583s] Level 1:colcon.colcon_core.package_identification:_identify(zed-ros2-examples/zed_display_rviz2) by extensions ['colcon_meta']
[0.583s] Level 1:colcon.colcon_core.package_identification:_identify(zed-ros2-examples/zed_display_rviz2) by extension 'colcon_meta'
[0.583s] Level 1:colcon.colcon_core.package_identification:_identify(zed-ros2-examples/zed_display_rviz2) by extensions ['ros']
[0.583s] Level 1:colcon.colcon_core.package_identification:_identify(zed-ros2-examples/zed_display_rviz2) by extension 'ros'
[0.585s] DEBUG:colcon.colcon_core.package_identification:Package 'zed-ros2-examples/zed_display_rviz2' with type 'ros.ament_cmake' and name 'zed_display_rviz2'
[0.585s] Level 1:colcon.colcon_core.package_identification:_identify(zed-ros2-interfaces) by extensions ['ignore', 'ignore_ament_install']
[0.585s] Level 1:colcon.colcon_core.package_identification:_identify(zed-ros2-interfaces) by extension 'ignore'
[0.585s] Level 1:colcon.colcon_core.package_identification:_identify(zed-ros2-interfaces) by extension 'ignore_ament_install'
[0.586s] Level 1:colcon.colcon_core.package_identification:_identify(zed-ros2-interfaces) by extensions ['colcon_pkg']
[0.586s] Level 1:colcon.colcon_core.package_identification:_identify(zed-ros2-interfaces) by extension 'colcon_pkg'
[0.586s] Level 1:colcon.colcon_core.package_identification:_identify(zed-ros2-interfaces) by extensions ['colcon_meta']
[0.586s] Level 1:colcon.colcon_core.package_identification:_identify(zed-ros2-interfaces) by extension 'colcon_meta'
[0.586s] Level 1:colcon.colcon_core.package_identification:_identify(zed-ros2-interfaces) by extensions ['ros']
[0.586s] Level 1:colcon.colcon_core.package_identification:_identify(zed-ros2-interfaces) by extension 'ros'
[0.587s] DEBUG:colcon.colcon_core.package_identification:Package 'zed-ros2-interfaces' with type 'ros.ament_cmake' and name 'zed_msgs'
[0.588s] Level 1:colcon.colcon_core.package_identification:_identify(zed-ros2-wrapper) by extensions ['ignore', 'ignore_ament_install']
[0.589s] Level 1:colcon.colcon_core.package_identification:_identify(zed-ros2-wrapper) by extension 'ignore'
[0.589s] Level 1:colcon.colcon_core.package_identification:_identify(zed-ros2-wrapper) by extension 'ignore_ament_install'
[0.589s] Level 1:colcon.colcon_core.package_identification:_identify(zed-ros2-wrapper) by extensions ['colcon_pkg']
[0.589s] Level 1:colcon.colcon_core.package_identification:_identify(zed-ros2-wrapper) by extension 'colcon_pkg'
[0.589s] Level 1:colcon.colcon_core.package_identification:_identify(zed-ros2-wrapper) by extensions ['colcon_meta']
[0.590s] Level 1:colcon.colcon_core.package_identification:_identify(zed-ros2-wrapper) by extension 'colcon_meta'
[0.590s] Level 1:colcon.colcon_core.package_identification:_identify(zed-ros2-wrapper) by extensions ['ros']
[0.590s] Level 1:colcon.colcon_core.package_identification:_identify(zed-ros2-wrapper) by extension 'ros'
[0.590s] Level 1:colcon.colcon_core.package_identification:_identify(zed-ros2-wrapper) by extensions ['cmake', 'python']
[0.590s] Level 1:colcon.colcon_core.package_identification:_identify(zed-ros2-wrapper) by extension 'cmake'
[0.590s] Level 1:colcon.colcon_core.package_identification:_identify(zed-ros2-wrapper) by extension 'python'
[0.590s] Level 1:colcon.colcon_core.package_identification:_identify(zed-ros2-wrapper) by extensions ['python_setup_py']
[0.590s] Level 1:colcon.colcon_core.package_identification:_identify(zed-ros2-wrapper) by extension 'python_setup_py'
[0.590s] Level 1:colcon.colcon_core.package_identification:_identify(zed-ros2-wrapper/docker) by extensions ['ignore', 'ignore_ament_install']
[0.590s] Level 1:colcon.colcon_core.package_identification:_identify(zed-ros2-wrapper/docker) by extension 'ignore'
[0.590s] Level 1:colcon.colcon_core.package_identification:_identify(zed-ros2-wrapper/docker) by extension 'ignore_ament_install'
[0.591s] Level 1:colcon.colcon_core.package_identification:_identify(zed-ros2-wrapper/docker) by extensions ['colcon_pkg']
[0.591s] Level 1:colcon.colcon_core.package_identification:_identify(zed-ros2-wrapper/docker) by extension 'colcon_pkg'
[0.591s] Level 1:colcon.colcon_core.package_identification:_identify(zed-ros2-wrapper/docker) by extensions ['colcon_meta']
[0.591s] Level 1:colcon.colcon_core.package_identification:_identify(zed-ros2-wrapper/docker) by extension 'colcon_meta'
[0.591s] Level 1:colcon.colcon_core.package_identification:_identify(zed-ros2-wrapper/docker) by extensions ['ros']
[0.591s] Level 1:colcon.colcon_core.package_identification:_identify(zed-ros2-wrapper/docker) by extension 'ros'
[0.591s] Level 1:colcon.colcon_core.package_identification:_identify(zed-ros2-wrapper/docker) by extensions ['cmake', 'python']
[0.591s] Level 1:colcon.colcon_core.package_identification:_identify(zed-ros2-wrapper/docker) by extension 'cmake'
[0.591s] Level 1:colcon.colcon_core.package_identification:_identify(zed-ros2-wrapper/docker) by extension 'python'
[0.591s] Level 1:colcon.colcon_core.package_identification:_identify(zed-ros2-wrapper/docker) by extensions ['python_setup_py']
[0.591s] Level 1:colcon.colcon_core.package_identification:_identify(zed-ros2-wrapper/docker) by extension 'python_setup_py'
[0.591s] Level 1:colcon.colcon_core.package_identification:_identify(zed-ros2-wrapper/images) by extensions ['ignore', 'ignore_ament_install']
[0.592s] Level 1:colcon.colcon_core.package_identification:_identify(zed-ros2-wrapper/images) by extension 'ignore'
[0.592s] Level 1:colcon.colcon_core.package_identification:_identify(zed-ros2-wrapper/images) by extension 'ignore_ament_install'
[0.592s] Level 1:colcon.colcon_core.package_identification:_identify(zed-ros2-wrapper/images) by extensions ['colcon_pkg']
[0.592s] Level 1:colcon.colcon_core.package_identification:_identify(zed-ros2-wrapper/images) by extension 'colcon_pkg'
[0.592s] Level 1:colcon.colcon_core.package_identification:_identify(zed-ros2-wrapper/images) by extensions ['colcon_meta']
[0.592s] Level 1:colcon.colcon_core.package_identification:_identify(zed-ros2-wrapper/images) by extension 'colcon_meta'
[0.592s] Level 1:colcon.colcon_core.package_identification:_identify(zed-ros2-wrapper/images) by extensions ['ros']
[0.592s] Level 1:colcon.colcon_core.package_identification:_identify(zed-ros2-wrapper/images) by extension 'ros'
[0.592s] Level 1:colcon.colcon_core.package_identification:_identify(zed-ros2-wrapper/images) by extensions ['cmake', 'python']
[0.592s] Level 1:colcon.colcon_core.package_identification:_identify(zed-ros2-wrapper/images) by extension 'cmake'
[0.592s] Level 1:colcon.colcon_core.package_identification:_identify(zed-ros2-wrapper/images) by extension 'python'
[0.592s] Level 1:colcon.colcon_core.package_identification:_identify(zed-ros2-wrapper/images) by extensions ['python_setup_py']
[0.592s] Level 1:colcon.colcon_core.package_identification:_identify(zed-ros2-wrapper/images) by extension 'python_setup_py'
[0.592s] Level 1:colcon.colcon_core.package_identification:_identify(zed-ros2-wrapper/zed_components) by extensions ['ignore', 'ignore_ament_install']
[0.593s] Level 1:colcon.colcon_core.package_identification:_identify(zed-ros2-wrapper/zed_components) by extension 'ignore'
[0.593s] Level 1:colcon.colcon_core.package_identification:_identify(zed-ros2-wrapper/zed_components) by extension 'ignore_ament_install'
[0.593s] Level 1:colcon.colcon_core.package_identification:_identify(zed-ros2-wrapper/zed_components) by extensions ['colcon_pkg']
[0.593s] Level 1:colcon.colcon_core.package_identification:_identify(zed-ros2-wrapper/zed_components) by extension 'colcon_pkg'
[0.593s] Level 1:colcon.colcon_core.package_identification:_identify(zed-ros2-wrapper/zed_components) by extensions ['colcon_meta']
[0.593s] Level 1:colcon.colcon_core.package_identification:_identify(zed-ros2-wrapper/zed_components) by extension 'colcon_meta'
[0.593s] Level 1:colcon.colcon_core.package_identification:_identify(zed-ros2-wrapper/zed_components) by extensions ['ros']
[0.593s] Level 1:colcon.colcon_core.package_identification:_identify(zed-ros2-wrapper/zed_components) by extension 'ros'
[0.595s] DEBUG:colcon.colcon_core.package_identification:Package 'zed-ros2-wrapper/zed_components' with type 'ros.ament_cmake' and name 'zed_components'
[0.595s] Level 1:colcon.colcon_core.package_identification:_identify(zed-ros2-wrapper/zed_ros2) by extensions ['ignore', 'ignore_ament_install']
[0.595s] Level 1:colcon.colcon_core.package_identification:_identify(zed-ros2-wrapper/zed_ros2) by extension 'ignore'
[0.595s] Level 1:colcon.colcon_core.package_identification:_identify(zed-ros2-wrapper/zed_ros2) by extension 'ignore_ament_install'
[0.595s] Level 1:colcon.colcon_core.package_identification:_identify(zed-ros2-wrapper/zed_ros2) by extensions ['colcon_pkg']
[0.595s] Level 1:colcon.colcon_core.package_identification:_identify(zed-ros2-wrapper/zed_ros2) by extension 'colcon_pkg'
[0.596s] Level 1:colcon.colcon_core.package_identification:_identify(zed-ros2-wrapper/zed_ros2) by extensions ['colcon_meta']
[0.596s] Level 1:colcon.colcon_core.package_identification:_identify(zed-ros2-wrapper/zed_ros2) by extension 'colcon_meta'
[0.596s] Level 1:colcon.colcon_core.package_identification:_identify(zed-ros2-wrapper/zed_ros2) by extensions ['ros']
[0.596s] Level 1:colcon.colcon_core.package_identification:_identify(zed-ros2-wrapper/zed_ros2) by extension 'ros'
[0.596s] DEBUG:colcon.colcon_core.package_identification:Package 'zed-ros2-wrapper/zed_ros2' with type 'ros.ament_cmake' and name 'zed_ros2'
[0.597s] Level 1:colcon.colcon_core.package_identification:_identify(zed-ros2-wrapper/zed_wrapper) by extensions ['ignore', 'ignore_ament_install']
[0.597s] Level 1:colcon.colcon_core.package_identification:_identify(zed-ros2-wrapper/zed_wrapper) by extension 'ignore'
[0.597s] Level 1:colcon.colcon_core.package_identification:_identify(zed-ros2-wrapper/zed_wrapper) by extension 'ignore_ament_install'
[0.597s] Level 1:colcon.colcon_core.package_identification:_identify(zed-ros2-wrapper/zed_wrapper) by extensions ['colcon_pkg']
[0.597s] Level 1:colcon.colcon_core.package_identification:_identify(zed-ros2-wrapper/zed_wrapper) by extension 'colcon_pkg'
[0.597s] Level 1:colcon.colcon_core.package_identification:_identify(zed-ros2-wrapper/zed_wrapper) by extensions ['colcon_meta']
[0.597s] Level 1:colcon.colcon_core.package_identification:_identify(zed-ros2-wrapper/zed_wrapper) by extension 'colcon_meta'
[0.597s] Level 1:colcon.colcon_core.package_identification:_identify(zed-ros2-wrapper/zed_wrapper) by extensions ['ros']
[0.597s] Level 1:colcon.colcon_core.package_identification:_identify(zed-ros2-wrapper/zed_wrapper) by extension 'ros'
[0.600s] DEBUG:colcon.colcon_core.package_identification:Package 'zed-ros2-wrapper/zed_wrapper' with type 'ros.ament_cmake' and name 'zed_wrapper'
[0.600s] Level 1:colcon.colcon_core.package_identification:_identify(zed_mini) by extensions ['ignore', 'ignore_ament_install']
[0.601s] Level 1:colcon.colcon_core.package_identification:_identify(zed_mini) by extension 'ignore'
[0.601s] Level 1:colcon.colcon_core.package_identification:_identify(zed_mini) by extension 'ignore_ament_install'
[0.601s] Level 1:colcon.colcon_core.package_identification:_identify(zed_mini) by extensions ['colcon_pkg']
[0.601s] Level 1:colcon.colcon_core.package_identification:_identify(zed_mini) by extension 'colcon_pkg'
[0.601s] Level 1:colcon.colcon_core.package_identification:_identify(zed_mini) by extensions ['colcon_meta']
[0.601s] Level 1:colcon.colcon_core.package_identification:_identify(zed_mini) by extension 'colcon_meta'
[0.601s] Level 1:colcon.colcon_core.package_identification:_identify(zed_mini) by extensions ['ros']
[0.601s] Level 1:colcon.colcon_core.package_identification:_identify(zed_mini) by extension 'ros'
[0.603s] DEBUG:colcon.colcon_core.package_identification:Package 'zed_mini' with type 'ros.ament_python' and name 'zed_mini'
[0.603s] Level 1:colcon.colcon_core.package_identification:_identify(zed_recorder_cpp) by extensions ['ignore', 'ignore_ament_install']
[0.604s] Level 1:colcon.colcon_core.package_identification:_identify(zed_recorder_cpp) by extension 'ignore'
[0.604s] Level 1:colcon.colcon_core.package_identification:_identify(zed_recorder_cpp) by extension 'ignore_ament_install'
[0.604s] Level 1:colcon.colcon_core.package_identification:_identify(zed_recorder_cpp) by extensions ['colcon_pkg']
[0.605s] Level 1:colcon.colcon_core.package_identification:_identify(zed_recorder_cpp) by extension 'colcon_pkg'
[0.605s] Level 1:colcon.colcon_core.package_identification:_identify(zed_recorder_cpp) by extensions ['colcon_meta']
[0.606s] Level 1:colcon.colcon_core.package_identification:_identify(zed_recorder_cpp) by extension 'colcon_meta'
[0.606s] Level 1:colcon.colcon_core.package_identification:_identify(zed_recorder_cpp) by extensions ['ros']
[0.606s] Level 1:colcon.colcon_core.package_identification:_identify(zed_recorder_cpp) by extension 'ros'
[0.608s] DEBUG:colcon.colcon_core.package_identification:Package 'zed_recorder_cpp' with type 'ros.ament_cmake' and name 'zed_recorder_cpp'
[0.609s] Level 1:colcon.colcon_core.package_discovery:discover_packages(recursive) using defaults
[0.609s] Level 1:colcon.colcon_core.package_discovery:discover_packages(ignore) discover
[0.609s] Level 1:colcon.colcon_core.package_discovery:discover_packages(ignore) using defaults
[0.609s] Level 1:colcon.colcon_core.package_discovery:discover_packages(path) discover
[0.609s] Level 1:colcon.colcon_core.package_discovery:discover_packages(path) using defaults
