[0.289s] DEBUG:colcon:Command line arguments: ['/usr/bin/colcon', 'build', '--packages-select', 'recording_scene_bag', 'recording_controller_pkg', '--event-handlers', 'console_direct+']
[0.289s] DEBUG:colcon:Parsed command line arguments: Namespace(log_base=None, log_level=None, verb_name='build', build_base='build', install_base='install', merge_install=False, symlink_install=False, test_result_base=None, continue_on_error=False, executor='parallel', parallel_workers=16, event_handlers=['console_direct+'], ignore_user_meta=False, metas=['./colcon.meta'], base_paths=['.'], packages_ignore=None, packages_ignore_regex=None, paths=None, packages_up_to=None, packages_up_to_regex=None, packages_above=None, packages_above_and_dependencies=None, packages_above_depth=None, packages_select_by_dep=None, packages_skip_by_dep=None, packages_skip_up_to=None, packages_select_build_failed=False, packages_skip_build_finished=False, packages_select_test_failures=False, packages_skip_test_passed=False, packages_select=['recording_scene_bag', 'recording_controller_pkg'], packages_skip=None, packages_select_regex=None, packages_skip_regex=None, packages_start=None, packages_end=None, allow_overriding=[], cmake_args=None, cmake_target=None, cmake_target_skip_unavailable=False, cmake_clean_cache=False, cmake_clean_first=False, cmake_force_configure=False, ament_cmake_args=None, catkin_cmake_args=None, catkin_skip_building_tests=False, verb_parser=<colcon_defaults.argument_parser.defaults.DefaultArgumentsDecorator object at 0x7002fa3d6180>, verb_extension=<colcon_core.verb.build.BuildVerb object at 0x7002fa3d60c0>, main=<bound method BuildVerb.main of <colcon_core.verb.build.BuildVerb object at 0x7002fa3d60c0>>)
[0.436s] Level 1:colcon.colcon_core.package_discovery:discover_packages(colcon_meta) check parameters
[0.436s] Level 1:colcon.colcon_core.package_discovery:discover_packages(recursive) check parameters
[0.436s] Level 1:colcon.colcon_core.package_discovery:discover_packages(ignore) check parameters
[0.436s] Level 1:colcon.colcon_core.package_discovery:discover_packages(path) check parameters
[0.436s] Level 1:colcon.colcon_core.package_discovery:discover_packages(colcon_meta) discover
[0.437s] Level 1:colcon.colcon_core.package_discovery:discover_packages(recursive) discover
[0.437s] INFO:colcon.colcon_core.package_discovery:Crawling recursively for packages in '/home/olhamelnyk/colcon_venv/src'
[0.437s] Level 1:colcon.colcon_core.package_identification:_identify(.) by extensions ['ignore', 'ignore_ament_install']
[0.437s] Level 1:colcon.colcon_core.package_identification:_identify(.) by extension 'ignore'
[0.438s] Level 1:colcon.colcon_core.package_identification:_identify(.) by extension 'ignore_ament_install'
[0.438s] Level 1:colcon.colcon_core.package_identification:_identify(.) by extensions ['colcon_pkg']
[0.438s] Level 1:colcon.colcon_core.package_identification:_identify(.) by extension 'colcon_pkg'
[0.438s] Level 1:colcon.colcon_core.package_identification:_identify(.) by extensions ['colcon_meta']
[0.438s] Level 1:colcon.colcon_core.package_identification:_identify(.) by extension 'colcon_meta'
[0.438s] Level 1:colcon.colcon_core.package_identification:_identify(.) by extensions ['ros']
[0.438s] Level 1:colcon.colcon_core.package_identification:_identify(.) by extension 'ros'
[0.501s] Level 1:colcon.colcon_core.package_identification:_identify(.) by extensions ['cmake', 'python']
[0.501s] Level 1:colcon.colcon_core.package_identification:_identify(.) by extension 'cmake'
[0.501s] Level 1:colcon.colcon_core.package_identification:_identify(.) by extension 'python'
[0.501s] Level 1:colcon.colcon_core.package_identification:_identify(.) by extensions ['python_setup_py']
[0.501s] Level 1:colcon.colcon_core.package_identification:_identify(.) by extension 'python_setup_py'
[0.501s] Level 1:colcon.colcon_core.package_identification:_identify(__pycache__) by extensions ['ignore', 'ignore_ament_install']
[0.502s] Level 1:colcon.colcon_core.package_identification:_identify(__pycache__) by extension 'ignore'
[0.502s] Level 1:colcon.colcon_core.package_identification:_identify(__pycache__) by extension 'ignore_ament_install'
[0.502s] Level 1:colcon.colcon_core.package_identification:_identify(__pycache__) by extensions ['colcon_pkg']
[0.502s] Level 1:colcon.colcon_core.package_identification:_identify(__pycache__) by extension 'colcon_pkg'
[0.502s] Level 1:colcon.colcon_core.package_identification:_identify(__pycache__) by extensions ['colcon_meta']
[0.502s] Level 1:colcon.colcon_core.package_identification:_identify(__pycache__) by extension 'colcon_meta'
[0.502s] Level 1:colcon.colcon_core.package_identification:_identify(__pycache__) by extensions ['ros']
[0.502s] Level 1:colcon.colcon_core.package_identification:_identify(__pycache__) by extension 'ros'
[0.502s] Level 1:colcon.colcon_core.package_identification:_identify(__pycache__) by extensions ['cmake', 'python']
[0.502s] Level 1:colcon.colcon_core.package_identification:_identify(__pycache__) by extension 'cmake'
[0.503s] Level 1:colcon.colcon_core.package_identification:_identify(__pycache__) by extension 'python'
[0.503s] Level 1:colcon.colcon_core.package_identification:_identify(__pycache__) by extensions ['python_setup_py']
[0.503s] Level 1:colcon.colcon_core.package_identification:_identify(__pycache__) by extension 'python_setup_py'
[0.503s] Level 1:colcon.colcon_core.package_identification:_identify(apriltagdetection) by extensions ['ignore', 'ignore_ament_install']
[0.503s] Level 1:colcon.colcon_core.package_identification:_identify(apriltagdetection) by extension 'ignore'
[0.503s] Level 1:colcon.colcon_core.package_identification:_identify(apriltagdetection) by extension 'ignore_ament_install'
[0.503s] Level 1:colcon.colcon_core.package_identification:_identify(apriltagdetection) by extensions ['colcon_pkg']
[0.503s] Level 1:colcon.colcon_core.package_identification:_identify(apriltagdetection) by extension 'colcon_pkg'
[0.503s] Level 1:colcon.colcon_core.package_identification:_identify(apriltagdetection) by extensions ['colcon_meta']
[0.503s] Level 1:colcon.colcon_core.package_identification:_identify(apriltagdetection) by extension 'colcon_meta'
[0.503s] Level 1:colcon.colcon_core.package_identification:_identify(apriltagdetection) by extensions ['ros']
[0.503s] Level 1:colcon.colcon_core.package_identification:_identify(apriltagdetection) by extension 'ros'
[0.508s] DEBUG:colcon.colcon_core.package_identification:Package 'apriltagdetection' with type 'ros.ament_cmake' and name 'apriltagdetection'
[0.508s] Level 1:colcon.colcon_core.package_identification:_identify(async_pupil_wrapper) by extensions ['ignore', 'ignore_ament_install']
[0.508s] Level 1:colcon.colcon_core.package_identification:_identify(async_pupil_wrapper) by extension 'ignore'
[0.509s] Level 1:colcon.colcon_core.package_identification:_identify(async_pupil_wrapper) by extension 'ignore_ament_install'
[0.509s] Level 1:colcon.colcon_core.package_identification:_identify(async_pupil_wrapper) by extensions ['colcon_pkg']
[0.509s] Level 1:colcon.colcon_core.package_identification:_identify(async_pupil_wrapper) by extension 'colcon_pkg'
[0.509s] Level 1:colcon.colcon_core.package_identification:_identify(async_pupil_wrapper) by extensions ['colcon_meta']
[0.509s] Level 1:colcon.colcon_core.package_identification:_identify(async_pupil_wrapper) by extension 'colcon_meta'
[0.509s] Level 1:colcon.colcon_core.package_identification:_identify(async_pupil_wrapper) by extensions ['ros']
[0.509s] Level 1:colcon.colcon_core.package_identification:_identify(async_pupil_wrapper) by extension 'ros'
[0.511s] DEBUG:colcon.colcon_core.package_identification:Package 'async_pupil_wrapper' with type 'ros.ament_python' and name 'async_pupil_wrapper'
[0.511s] Level 1:colcon.colcon_core.package_identification:_identify(blink_interface ) by extensions ['ignore', 'ignore_ament_install']
[0.511s] Level 1:colcon.colcon_core.package_identification:_identify(blink_interface ) by extension 'ignore'
[0.511s] Level 1:colcon.colcon_core.package_identification:_identify(blink_interface ) by extension 'ignore_ament_install'
[0.511s] Level 1:colcon.colcon_core.package_identification:_identify(blink_interface ) by extensions ['colcon_pkg']
[0.512s] Level 1:colcon.colcon_core.package_identification:_identify(blink_interface ) by extension 'colcon_pkg'
[0.512s] Level 1:colcon.colcon_core.package_identification:_identify(blink_interface ) by extensions ['colcon_meta']
[0.512s] Level 1:colcon.colcon_core.package_identification:_identify(blink_interface ) by extension 'colcon_meta'
[0.512s] Level 1:colcon.colcon_core.package_identification:_identify(blink_interface ) by extensions ['ros']
[0.512s] Level 1:colcon.colcon_core.package_identification:_identify(blink_interface ) by extension 'ros'
[0.512s] Level 1:colcon.colcon_core.package_identification:_identify(blink_interface ) by extensions ['cmake', 'python']
[0.512s] Level 1:colcon.colcon_core.package_identification:_identify(blink_interface ) by extension 'cmake'
[0.512s] Level 1:colcon.colcon_core.package_identification:_identify(blink_interface ) by extension 'python'
[0.512s] Level 1:colcon.colcon_core.package_identification:_identify(blink_interface ) by extensions ['python_setup_py']
[0.512s] Level 1:colcon.colcon_core.package_identification:_identify(blink_interface ) by extension 'python_setup_py'
[0.512s] Level 1:colcon.colcon_core.package_identification:_identify(blink_interface /blink_interface ) by extensions ['ignore', 'ignore_ament_install']
[0.512s] Level 1:colcon.colcon_core.package_identification:_identify(blink_interface /blink_interface ) by extension 'ignore'
[0.513s] Level 1:colcon.colcon_core.package_identification:_identify(blink_interface /blink_interface ) by extension 'ignore_ament_install'
[0.513s] Level 1:colcon.colcon_core.package_identification:_identify(blink_interface /blink_interface ) by extensions ['colcon_pkg']
[0.513s] Level 1:colcon.colcon_core.package_identification:_identify(blink_interface /blink_interface ) by extension 'colcon_pkg'
[0.513s] Level 1:colcon.colcon_core.package_identification:_identify(blink_interface /blink_interface ) by extensions ['colcon_meta']
[0.513s] Level 1:colcon.colcon_core.package_identification:_identify(blink_interface /blink_interface ) by extension 'colcon_meta'
[0.514s] Level 1:colcon.colcon_core.package_identification:_identify(blink_interface /blink_interface ) by extensions ['ros']
[0.514s] Level 1:colcon.colcon_core.package_identification:_identify(blink_interface /blink_interface ) by extension 'ros'
[0.516s] DEBUG:colcon.colcon_core.package_identification:Package 'blink_interface /blink_interface ' with type 'ros.ament_cmake' and name 'blink_interface'
[0.516s] Level 1:colcon.colcon_core.package_identification:_identify(build) by extensions ['ignore', 'ignore_ament_install']
[0.516s] Level 1:colcon.colcon_core.package_identification:_identify(build) by extension 'ignore'
[0.516s] Level 1:colcon.colcon_core.package_identification:_identify(build) ignored
[0.517s] Level 1:colcon.colcon_core.package_identification:_identify(egocentric_msg) by extensions ['ignore', 'ignore_ament_install']
[0.517s] Level 1:colcon.colcon_core.package_identification:_identify(egocentric_msg) by extension 'ignore'
[0.517s] Level 1:colcon.colcon_core.package_identification:_identify(egocentric_msg) by extension 'ignore_ament_install'
[0.517s] Level 1:colcon.colcon_core.package_identification:_identify(egocentric_msg) by extensions ['colcon_pkg']
[0.517s] Level 1:colcon.colcon_core.package_identification:_identify(egocentric_msg) by extension 'colcon_pkg'
[0.517s] Level 1:colcon.colcon_core.package_identification:_identify(egocentric_msg) by extensions ['colcon_meta']
[0.517s] Level 1:colcon.colcon_core.package_identification:_identify(egocentric_msg) by extension 'colcon_meta'
[0.517s] Level 1:colcon.colcon_core.package_identification:_identify(egocentric_msg) by extensions ['ros']
[0.517s] Level 1:colcon.colcon_core.package_identification:_identify(egocentric_msg) by extension 'ros'
[0.518s] DEBUG:colcon.colcon_core.package_identification:Package 'egocentric_msg' with type 'ros.ament_cmake' and name 'egocentric_msg'
[0.518s] Level 1:colcon.colcon_core.package_identification:_identify(gaze_interface) by extensions ['ignore', 'ignore_ament_install']
[0.519s] Level 1:colcon.colcon_core.package_identification:_identify(gaze_interface) by extension 'ignore'
[0.519s] Level 1:colcon.colcon_core.package_identification:_identify(gaze_interface) by extension 'ignore_ament_install'
[0.519s] Level 1:colcon.colcon_core.package_identification:_identify(gaze_interface) by extensions ['colcon_pkg']
[0.519s] Level 1:colcon.colcon_core.package_identification:_identify(gaze_interface) by extension 'colcon_pkg'
[0.519s] Level 1:colcon.colcon_core.package_identification:_identify(gaze_interface) by extensions ['colcon_meta']
[0.519s] Level 1:colcon.colcon_core.package_identification:_identify(gaze_interface) by extension 'colcon_meta'
[0.519s] Level 1:colcon.colcon_core.package_identification:_identify(gaze_interface) by extensions ['ros']
[0.519s] Level 1:colcon.colcon_core.package_identification:_identify(gaze_interface) by extension 'ros'
[0.520s] DEBUG:colcon.colcon_core.package_identification:Package 'gaze_interface' with type 'ros.ament_cmake' and name 'gaze_interface'
[0.520s] Level 1:colcon.colcon_core.package_identification:_identify(imu_interface) by extensions ['ignore', 'ignore_ament_install']
[0.520s] Level 1:colcon.colcon_core.package_identification:_identify(imu_interface) by extension 'ignore'
[0.520s] Level 1:colcon.colcon_core.package_identification:_identify(imu_interface) by extension 'ignore_ament_install'
[0.520s] Level 1:colcon.colcon_core.package_identification:_identify(imu_interface) by extensions ['colcon_pkg']
[0.520s] Level 1:colcon.colcon_core.package_identification:_identify(imu_interface) by extension 'colcon_pkg'
[0.520s] Level 1:colcon.colcon_core.package_identification:_identify(imu_interface) by extensions ['colcon_meta']
[0.520s] Level 1:colcon.colcon_core.package_identification:_identify(imu_interface) by extension 'colcon_meta'
[0.520s] Level 1:colcon.colcon_core.package_identification:_identify(imu_interface) by extensions ['ros']
[0.520s] Level 1:colcon.colcon_core.package_identification:_identify(imu_interface) by extension 'ros'
[0.521s] DEBUG:colcon.colcon_core.package_identification:Package 'imu_interface' with type 'ros.ament_cmake' and name 'imu_interface'
[0.521s] Level 1:colcon.colcon_core.package_identification:_identify(install) by extensions ['ignore', 'ignore_ament_install']
[0.521s] Level 1:colcon.colcon_core.package_identification:_identify(install) by extension 'ignore'
[0.521s] Level 1:colcon.colcon_core.package_identification:_identify(install) ignored
[0.521s] Level 1:colcon.colcon_core.package_identification:_identify(latency_tools) by extensions ['ignore', 'ignore_ament_install']
[0.521s] Level 1:colcon.colcon_core.package_identification:_identify(latency_tools) by extension 'ignore'
[0.521s] Level 1:colcon.colcon_core.package_identification:_identify(latency_tools) by extension 'ignore_ament_install'
[0.522s] Level 1:colcon.colcon_core.package_identification:_identify(latency_tools) by extensions ['colcon_pkg']
[0.522s] Level 1:colcon.colcon_core.package_identification:_identify(latency_tools) by extension 'colcon_pkg'
[0.522s] Level 1:colcon.colcon_core.package_identification:_identify(latency_tools) by extensions ['colcon_meta']
[0.522s] Level 1:colcon.colcon_core.package_identification:_identify(latency_tools) by extension 'colcon_meta'
[0.522s] Level 1:colcon.colcon_core.package_identification:_identify(latency_tools) by extensions ['ros']
[0.522s] Level 1:colcon.colcon_core.package_identification:_identify(latency_tools) by extension 'ros'
[0.523s] DEBUG:colcon.colcon_core.package_identification:Package 'latency_tools' with type 'ros.ament_python' and name 'latency_tools'
[0.523s] Level 1:colcon.colcon_core.package_identification:_identify(log) by extensions ['ignore', 'ignore_ament_install']
[0.523s] Level 1:colcon.colcon_core.package_identification:_identify(log) by extension 'ignore'
[0.523s] Level 1:colcon.colcon_core.package_identification:_identify(log) ignored
[0.523s] Level 1:colcon.colcon_core.package_identification:_identify(pupil_labs_wrapper) by extensions ['ignore', 'ignore_ament_install']
[0.523s] Level 1:colcon.colcon_core.package_identification:_identify(pupil_labs_wrapper) by extension 'ignore'
[0.523s] Level 1:colcon.colcon_core.package_identification:_identify(pupil_labs_wrapper) by extension 'ignore_ament_install'
[0.523s] Level 1:colcon.colcon_core.package_identification:_identify(pupil_labs_wrapper) by extensions ['colcon_pkg']
[0.523s] Level 1:colcon.colcon_core.package_identification:_identify(pupil_labs_wrapper) by extension 'colcon_pkg'
[0.523s] Level 1:colcon.colcon_core.package_identification:_identify(pupil_labs_wrapper) by extensions ['colcon_meta']
[0.523s] Level 1:colcon.colcon_core.package_identification:_identify(pupil_labs_wrapper) by extension 'colcon_meta'
[0.524s] Level 1:colcon.colcon_core.package_identification:_identify(pupil_labs_wrapper) by extensions ['ros']
[0.524s] Level 1:colcon.colcon_core.package_identification:_identify(pupil_labs_wrapper) by extension 'ros'
[0.524s] DEBUG:colcon.colcon_core.package_identification:Package 'pupil_labs_wrapper' with type 'ros.ament_python' and name 'pupil_labs_wrapper'
[0.524s] Level 1:colcon.colcon_core.package_identification:_identify(recording_blink) by extensions ['ignore', 'ignore_ament_install']
[0.525s] Level 1:colcon.colcon_core.package_identification:_identify(recording_blink) by extension 'ignore'
[0.525s] Level 1:colcon.colcon_core.package_identification:_identify(recording_blink) by extension 'ignore_ament_install'
[0.525s] Level 1:colcon.colcon_core.package_identification:_identify(recording_blink) by extensions ['colcon_pkg']
[0.525s] Level 1:colcon.colcon_core.package_identification:_identify(recording_blink) by extension 'colcon_pkg'
[0.525s] Level 1:colcon.colcon_core.package_identification:_identify(recording_blink) by extensions ['colcon_meta']
[0.525s] Level 1:colcon.colcon_core.package_identification:_identify(recording_blink) by extension 'colcon_meta'
[0.525s] Level 1:colcon.colcon_core.package_identification:_identify(recording_blink) by extensions ['ros']
[0.525s] Level 1:colcon.colcon_core.package_identification:_identify(recording_blink) by extension 'ros'
[0.526s] DEBUG:colcon.colcon_core.package_identification:Package 'recording_blink' with type 'ros.ament_python' and name 'recording_blink'
[0.526s] Level 1:colcon.colcon_core.package_identification:_identify(recording_controller_pkg) by extensions ['ignore', 'ignore_ament_install']
[0.526s] Level 1:colcon.colcon_core.package_identification:_identify(recording_controller_pkg) by extension 'ignore'
[0.526s] Level 1:colcon.colcon_core.package_identification:_identify(recording_controller_pkg) by extension 'ignore_ament_install'
[0.526s] Level 1:colcon.colcon_core.package_identification:_identify(recording_controller_pkg) by extensions ['colcon_pkg']
[0.526s] Level 1:colcon.colcon_core.package_identification:_identify(recording_controller_pkg) by extension 'colcon_pkg'
[0.526s] Level 1:colcon.colcon_core.package_identification:_identify(recording_controller_pkg) by extensions ['colcon_meta']
[0.526s] Level 1:colcon.colcon_core.package_identification:_identify(recording_controller_pkg) by extension 'colcon_meta'
[0.526s] Level 1:colcon.colcon_core.package_identification:_identify(recording_controller_pkg) by extensions ['ros']
[0.526s] Level 1:colcon.colcon_core.package_identification:_identify(recording_controller_pkg) by extension 'ros'
[0.527s] DEBUG:colcon.colcon_core.package_identification:Package 'recording_controller_pkg' with type 'ros.ament_python' and name 'recording_controller_pkg'
[0.527s] Level 1:colcon.colcon_core.package_identification:_identify(recording_gaze) by extensions ['ignore', 'ignore_ament_install']
[0.527s] Level 1:colcon.colcon_core.package_identification:_identify(recording_gaze) by extension 'ignore'
[0.527s] Level 1:colcon.colcon_core.package_identification:_identify(recording_gaze) by extension 'ignore_ament_install'
[0.528s] Level 1:colcon.colcon_core.package_identification:_identify(recording_gaze) by extensions ['colcon_pkg']
[0.528s] Level 1:colcon.colcon_core.package_identification:_identify(recording_gaze) by extension 'colcon_pkg'
[0.528s] Level 1:colcon.colcon_core.package_identification:_identify(recording_gaze) by extensions ['colcon_meta']
[0.528s] Level 1:colcon.colcon_core.package_identification:_identify(recording_gaze) by extension 'colcon_meta'
[0.528s] Level 1:colcon.colcon_core.package_identification:_identify(recording_gaze) by extensions ['ros']
[0.528s] Level 1:colcon.colcon_core.package_identification:_identify(recording_gaze) by extension 'ros'
[0.529s] DEBUG:colcon.colcon_core.package_identification:Package 'recording_gaze' with type 'ros.ament_python' and name 'recording_gaze'
[0.529s] Level 1:colcon.colcon_core.package_identification:_identify(recording_imu) by extensions ['ignore', 'ignore_ament_install']
[0.529s] Level 1:colcon.colcon_core.package_identification:_identify(recording_imu) by extension 'ignore'
[0.529s] Level 1:colcon.colcon_core.package_identification:_identify(recording_imu) by extension 'ignore_ament_install'
[0.529s] Level 1:colcon.colcon_core.package_identification:_identify(recording_imu) by extensions ['colcon_pkg']
[0.529s] Level 1:colcon.colcon_core.package_identification:_identify(recording_imu) by extension 'colcon_pkg'
[0.529s] Level 1:colcon.colcon_core.package_identification:_identify(recording_imu) by extensions ['colcon_meta']
[0.529s] Level 1:colcon.colcon_core.package_identification:_identify(recording_imu) by extension 'colcon_meta'
[0.529s] Level 1:colcon.colcon_core.package_identification:_identify(recording_imu) by extensions ['ros']
[0.529s] Level 1:colcon.colcon_core.package_identification:_identify(recording_imu) by extension 'ros'
[0.530s] DEBUG:colcon.colcon_core.package_identification:Package 'recording_imu' with type 'ros.ament_python' and name 'recording_imu'
[0.531s] Level 1:colcon.colcon_core.package_identification:_identify(recording_scene) by extensions ['ignore', 'ignore_ament_install']
[0.531s] Level 1:colcon.colcon_core.package_identification:_identify(recording_scene) by extension 'ignore'
[0.531s] Level 1:colcon.colcon_core.package_identification:_identify(recording_scene) by extension 'ignore_ament_install'
[0.531s] Level 1:colcon.colcon_core.package_identification:_identify(recording_scene) by extensions ['colcon_pkg']
[0.531s] Level 1:colcon.colcon_core.package_identification:_identify(recording_scene) by extension 'colcon_pkg'
[0.531s] Level 1:colcon.colcon_core.package_identification:_identify(recording_scene) by extensions ['colcon_meta']
[0.531s] Level 1:colcon.colcon_core.package_identification:_identify(recording_scene) by extension 'colcon_meta'
[0.531s] Level 1:colcon.colcon_core.package_identification:_identify(recording_scene) by extensions ['ros']
[0.531s] Level 1:colcon.colcon_core.package_identification:_identify(recording_scene) by extension 'ros'
[0.532s] DEBUG:colcon.colcon_core.package_identification:Package 'recording_scene' with type 'ros.ament_python' and name 'recording_scene'
[0.532s] Level 1:colcon.colcon_core.package_identification:_identify(recording_scene_bag) by extensions ['ignore', 'ignore_ament_install']
[0.532s] Level 1:colcon.colcon_core.package_identification:_identify(recording_scene_bag) by extension 'ignore'
[0.532s] Level 1:colcon.colcon_core.package_identification:_identify(recording_scene_bag) by extension 'ignore_ament_install'
[0.533s] Level 1:colcon.colcon_core.package_identification:_identify(recording_scene_bag) by extensions ['colcon_pkg']
[0.533s] Level 1:colcon.colcon_core.package_identification:_identify(recording_scene_bag) by extension 'colcon_pkg'
[0.533s] Level 1:colcon.colcon_core.package_identification:_identify(recording_scene_bag) by extensions ['colcon_meta']
[0.533s] Level 1:colcon.colcon_core.package_identification:_identify(recording_scene_bag) by extension 'colcon_meta'
[0.533s] Level 1:colcon.colcon_core.package_identification:_identify(recording_scene_bag) by extensions ['ros']
[0.533s] Level 1:colcon.colcon_core.package_identification:_identify(recording_scene_bag) by extension 'ros'
[0.534s] DEBUG:colcon.colcon_core.package_identification:Package 'recording_scene_bag' with type 'ros.ament_python' and name 'recording_scene_bag'
[0.534s] Level 1:colcon.colcon_core.package_identification:_identify(recording_scene_cpp) by extensions ['ignore', 'ignore_ament_install']
[0.534s] Level 1:colcon.colcon_core.package_identification:_identify(recording_scene_cpp) by extension 'ignore'
[0.534s] Level 1:colcon.colcon_core.package_identification:_identify(recording_scene_cpp) by extension 'ignore_ament_install'
[0.535s] Level 1:colcon.colcon_core.package_identification:_identify(recording_scene_cpp) by extensions ['colcon_pkg']
[0.535s] Level 1:colcon.colcon_core.package_identification:_identify(recording_scene_cpp) by extension 'colcon_pkg'
[0.535s] Level 1:colcon.colcon_core.package_identification:_identify(recording_scene_cpp) by extensions ['colcon_meta']
[0.535s] Level 1:colcon.colcon_core.package_identification:_identify(recording_scene_cpp) by extension 'colcon_meta'
[0.535s] Level 1:colcon.colcon_core.package_identification:_identify(recording_scene_cpp) by extensions ['ros']
[0.535s] Level 1:colcon.colcon_core.package_identification:_identify(recording_scene_cpp) by extension 'ros'
[0.536s] DEBUG:colcon.colcon_core.package_identification:Package 'recording_scene_cpp' with type 'ros.ament_cmake' and name 'recording_scene_cpp'
[0.536s] Level 1:colcon.colcon_core.package_identification:_identify(recording_scene_python) by extensions ['ignore', 'ignore_ament_install']
[0.536s] Level 1:colcon.colcon_core.package_identification:_identify(recording_scene_python) by extension 'ignore'
[0.536s] Level 1:colcon.colcon_core.package_identification:_identify(recording_scene_python) by extension 'ignore_ament_install'
[0.536s] Level 1:colcon.colcon_core.package_identification:_identify(recording_scene_python) by extensions ['colcon_pkg']
[0.536s] Level 1:colcon.colcon_core.package_identification:_identify(recording_scene_python) by extension 'colcon_pkg'
[0.536s] Level 1:colcon.colcon_core.package_identification:_identify(recording_scene_python) by extensions ['colcon_meta']
[0.536s] Level 1:colcon.colcon_core.package_identification:_identify(recording_scene_python) by extension 'colcon_meta'
[0.536s] Level 1:colcon.colcon_core.package_identification:_identify(recording_scene_python) by extensions ['ros']
[0.536s] Level 1:colcon.colcon_core.package_identification:_identify(recording_scene_python) by extension 'ros'
[0.537s] DEBUG:colcon.colcon_core.package_identification:Package 'recording_scene_python' with type 'ros.ament_python' and name 'recording_scene_python'
[0.538s] Level 1:colcon.colcon_core.package_identification:_identify(recording_zed_depth) by extensions ['ignore', 'ignore_ament_install']
[0.538s] Level 1:colcon.colcon_core.package_identification:_identify(recording_zed_depth) by extension 'ignore'
[0.538s] Level 1:colcon.colcon_core.package_identification:_identify(recording_zed_depth) by extension 'ignore_ament_install'
[0.538s] Level 1:colcon.colcon_core.package_identification:_identify(recording_zed_depth) by extensions ['colcon_pkg']
[0.538s] Level 1:colcon.colcon_core.package_identification:_identify(recording_zed_depth) by extension 'colcon_pkg'
[0.538s] Level 1:colcon.colcon_core.package_identification:_identify(recording_zed_depth) by extensions ['colcon_meta']
[0.538s] Level 1:colcon.colcon_core.package_identification:_identify(recording_zed_depth) by extension 'colcon_meta'
[0.538s] Level 1:colcon.colcon_core.package_identification:_identify(recording_zed_depth) by extensions ['ros']
[0.538s] Level 1:colcon.colcon_core.package_identification:_identify(recording_zed_depth) by extension 'ros'
[0.540s] DEBUG:colcon.colcon_core.package_identification:Package 'recording_zed_depth' with type 'ros.ament_python' and name 'recording_zed_depth'
[0.540s] Level 1:colcon.colcon_core.package_identification:_identify(recording_zed_depth_rgb) by extensions ['ignore', 'ignore_ament_install']
[0.540s] Level 1:colcon.colcon_core.package_identification:_identify(recording_zed_depth_rgb) by extension 'ignore'
[0.540s] Level 1:colcon.colcon_core.package_identification:_identify(recording_zed_depth_rgb) by extension 'ignore_ament_install'
[0.540s] Level 1:colcon.colcon_core.package_identification:_identify(recording_zed_depth_rgb) by extensions ['colcon_pkg']
[0.540s] Level 1:colcon.colcon_core.package_identification:_identify(recording_zed_depth_rgb) by extension 'colcon_pkg'
[0.541s] Level 1:colcon.colcon_core.package_identification:_identify(recording_zed_depth_rgb) by extensions ['colcon_meta']
[0.541s] Level 1:colcon.colcon_core.package_identification:_identify(recording_zed_depth_rgb) by extension 'colcon_meta'
[0.541s] Level 1:colcon.colcon_core.package_identification:_identify(recording_zed_depth_rgb) by extensions ['ros']
[0.541s] Level 1:colcon.colcon_core.package_identification:_identify(recording_zed_depth_rgb) by extension 'ros'
[0.543s] DEBUG:colcon.colcon_core.package_identification:Package 'recording_zed_depth_rgb' with type 'ros.ament_python' and name 'recording_zed_depth_rgb'
[0.544s] Level 1:colcon.colcon_core.package_identification:_identify(recording_zed_rgb) by extensions ['ignore', 'ignore_ament_install']
[0.544s] Level 1:colcon.colcon_core.package_identification:_identify(recording_zed_rgb) by extension 'ignore'
[0.544s] Level 1:colcon.colcon_core.package_identification:_identify(recording_zed_rgb) by extension 'ignore_ament_install'
[0.544s] Level 1:colcon.colcon_core.package_identification:_identify(recording_zed_rgb) by extensions ['colcon_pkg']
[0.545s] Level 1:colcon.colcon_core.package_identification:_identify(recording_zed_rgb) by extension 'colcon_pkg'
[0.545s] Level 1:colcon.colcon_core.package_identification:_identify(recording_zed_rgb) by extensions ['colcon_meta']
[0.545s] Level 1:colcon.colcon_core.package_identification:_identify(recording_zed_rgb) by extension 'colcon_meta'
[0.545s] Level 1:colcon.colcon_core.package_identification:_identify(recording_zed_rgb) by extensions ['ros']
[0.545s] Level 1:colcon.colcon_core.package_identification:_identify(recording_zed_rgb) by extension 'ros'
[0.546s] DEBUG:colcon.colcon_core.package_identification:Package 'recording_zed_rgb' with type 'ros.ament_python' and name 'recording_zed_rgb'
[0.547s] Level 1:colcon.colcon_core.package_identification:_identify(testing_realtime_api) by extensions ['ignore', 'ignore_ament_install']
[0.547s] Level 1:colcon.colcon_core.package_identification:_identify(testing_realtime_api) by extension 'ignore'
[0.547s] Level 1:colcon.colcon_core.package_identification:_identify(testing_realtime_api) by extension 'ignore_ament_install'
[0.547s] Level 1:colcon.colcon_core.package_identification:_identify(testing_realtime_api) by extensions ['colcon_pkg']
[0.547s] Level 1:colcon.colcon_core.package_identification:_identify(testing_realtime_api) by extension 'colcon_pkg'
[0.547s] Level 1:colcon.colcon_core.package_identification:_identify(testing_realtime_api) by extensions ['colcon_meta']
[0.547s] Level 1:colcon.colcon_core.package_identification:_identify(testing_realtime_api) by extension 'colcon_meta'
[0.547s] Level 1:colcon.colcon_core.package_identification:_identify(testing_realtime_api) by extensions ['ros']
[0.547s] Level 1:colcon.colcon_core.package_identification:_identify(testing_realtime_api) by extension 'ros'
[0.547s] Level 1:colcon.colcon_core.package_identification:_identify(testing_realtime_api) by extensions ['cmake', 'python']
[0.547s] Level 1:colcon.colcon_core.package_identification:_identify(testing_realtime_api) by extension 'cmake'
[0.548s] Level 1:colcon.colcon_core.package_identification:_identify(testing_realtime_api) by extension 'python'
[0.548s] Level 1:colcon.colcon_core.package_identification:_identify(testing_realtime_api) by extensions ['python_setup_py']
[0.548s] Level 1:colcon.colcon_core.package_identification:_identify(testing_realtime_api) by extension 'python_setup_py'
[0.548s] Level 1:colcon.colcon_core.package_identification:_identify(testing_realtime_api/ ) by extensions ['ignore', 'ignore_ament_install']
[0.548s] Level 1:colcon.colcon_core.package_identification:_identify(testing_realtime_api/ ) by extension 'ignore'
[0.548s] Level 1:colcon.colcon_core.package_identification:_identify(testing_realtime_api/ ) by extension 'ignore_ament_install'
[0.548s] Level 1:colcon.colcon_core.package_identification:_identify(testing_realtime_api/ ) by extensions ['colcon_pkg']
[0.548s] Level 1:colcon.colcon_core.package_identification:_identify(testing_realtime_api/ ) by extension 'colcon_pkg'
[0.548s] Level 1:colcon.colcon_core.package_identification:_identify(testing_realtime_api/ ) by extensions ['colcon_meta']
[0.548s] Level 1:colcon.colcon_core.package_identification:_identify(testing_realtime_api/ ) by extension 'colcon_meta'
[0.548s] Level 1:colcon.colcon_core.package_identification:_identify(testing_realtime_api/ ) by extensions ['ros']
[0.549s] Level 1:colcon.colcon_core.package_identification:_identify(testing_realtime_api/ ) by extension 'ros'
[0.549s] Level 1:colcon.colcon_core.package_identification:_identify(testing_realtime_api/ ) by extensions ['cmake', 'python']
[0.549s] Level 1:colcon.colcon_core.package_identification:_identify(testing_realtime_api/ ) by extension 'cmake'
[0.549s] Level 1:colcon.colcon_core.package_identification:_identify(testing_realtime_api/ ) by extension 'python'
[0.549s] Level 1:colcon.colcon_core.package_identification:_identify(testing_realtime_api/ ) by extensions ['python_setup_py']
[0.549s] Level 1:colcon.colcon_core.package_identification:_identify(testing_realtime_api/ ) by extension 'python_setup_py'
[0.549s] Level 1:colcon.colcon_core.package_identification:_identify(testing_realtime_api/ /home) by extensions ['ignore', 'ignore_ament_install']
[0.549s] Level 1:colcon.colcon_core.package_identification:_identify(testing_realtime_api/ /home) by extension 'ignore'
[0.550s] Level 1:colcon.colcon_core.package_identification:_identify(testing_realtime_api/ /home) by extension 'ignore_ament_install'
[0.550s] Level 1:colcon.colcon_core.package_identification:_identify(testing_realtime_api/ /home) by extensions ['colcon_pkg']
[0.550s] Level 1:colcon.colcon_core.package_identification:_identify(testing_realtime_api/ /home) by extension 'colcon_pkg'
[0.550s] Level 1:colcon.colcon_core.package_identification:_identify(testing_realtime_api/ /home) by extensions ['colcon_meta']
[0.550s] Level 1:colcon.colcon_core.package_identification:_identify(testing_realtime_api/ /home) by extension 'colcon_meta'
[0.550s] Level 1:colcon.colcon_core.package_identification:_identify(testing_realtime_api/ /home) by extensions ['ros']
[0.550s] Level 1:colcon.colcon_core.package_identification:_identify(testing_realtime_api/ /home) by extension 'ros'
[0.550s] Level 1:colcon.colcon_core.package_identification:_identify(testing_realtime_api/ /home) by extensions ['cmake', 'python']
[0.550s] Level 1:colcon.colcon_core.package_identification:_identify(testing_realtime_api/ /home) by extension 'cmake'
[0.550s] Level 1:colcon.colcon_core.package_identification:_identify(testing_realtime_api/ /home) by extension 'python'
[0.550s] Level 1:colcon.colcon_core.package_identification:_identify(testing_realtime_api/ /home) by extensions ['python_setup_py']
[0.550s] Level 1:colcon.colcon_core.package_identification:_identify(testing_realtime_api/ /home) by extension 'python_setup_py'
[0.550s] Level 1:colcon.colcon_core.package_identification:_identify(testing_realtime_api/ /home/olhamelnyk) by extensions ['ignore', 'ignore_ament_install']
[0.550s] Level 1:colcon.colcon_core.package_identification:_identify(testing_realtime_api/ /home/olhamelnyk) by extension 'ignore'
[0.551s] Level 1:colcon.colcon_core.package_identification:_identify(testing_realtime_api/ /home/olhamelnyk) by extension 'ignore_ament_install'
[0.551s] Level 1:colcon.colcon_core.package_identification:_identify(testing_realtime_api/ /home/olhamelnyk) by extensions ['colcon_pkg']
[0.551s] Level 1:colcon.colcon_core.package_identification:_identify(testing_realtime_api/ /home/olhamelnyk) by extension 'colcon_pkg'
[0.551s] Level 1:colcon.colcon_core.package_identification:_identify(testing_realtime_api/ /home/olhamelnyk) by extensions ['colcon_meta']
[0.551s] Level 1:colcon.colcon_core.package_identification:_identify(testing_realtime_api/ /home/olhamelnyk) by extension 'colcon_meta'
[0.551s] Level 1:colcon.colcon_core.package_identification:_identify(testing_realtime_api/ /home/olhamelnyk) by extensions ['ros']
[0.551s] Level 1:colcon.colcon_core.package_identification:_identify(testing_realtime_api/ /home/olhamelnyk) by extension 'ros'
[0.551s] Level 1:colcon.colcon_core.package_identification:_identify(testing_realtime_api/ /home/olhamelnyk) by extensions ['cmake', 'python']
[0.551s] Level 1:colcon.colcon_core.package_identification:_identify(testing_realtime_api/ /home/olhamelnyk) by extension 'cmake'
[0.551s] Level 1:colcon.colcon_core.package_identification:_identify(testing_realtime_api/ /home/olhamelnyk) by extension 'python'
[0.551s] Level 1:colcon.colcon_core.package_identification:_identify(testing_realtime_api/ /home/olhamelnyk) by extensions ['python_setup_py']
[0.551s] Level 1:colcon.colcon_core.package_identification:_identify(testing_realtime_api/ /home/olhamelnyk) by extension 'python_setup_py'
[0.551s] Level 1:colcon.colcon_core.package_identification:_identify(testing_realtime_api/ /home/olhamelnyk/colcon_venv) by extensions ['ignore', 'ignore_ament_install']
[0.552s] Level 1:colcon.colcon_core.package_identification:_identify(testing_realtime_api/ /home/olhamelnyk/colcon_venv) by extension 'ignore'
[0.552s] Level 1:colcon.colcon_core.package_identification:_identify(testing_realtime_api/ /home/olhamelnyk/colcon_venv) by extension 'ignore_ament_install'
[0.552s] Level 1:colcon.colcon_core.package_identification:_identify(testing_realtime_api/ /home/olhamelnyk/colcon_venv) by extensions ['colcon_pkg']
[0.552s] Level 1:colcon.colcon_core.package_identification:_identify(testing_realtime_api/ /home/olhamelnyk/colcon_venv) by extension 'colcon_pkg'
[0.552s] Level 1:colcon.colcon_core.package_identification:_identify(testing_realtime_api/ /home/olhamelnyk/colcon_venv) by extensions ['colcon_meta']
[0.552s] Level 1:colcon.colcon_core.package_identification:_identify(testing_realtime_api/ /home/olhamelnyk/colcon_venv) by extension 'colcon_meta'
[0.552s] Level 1:colcon.colcon_core.package_identification:_identify(testing_realtime_api/ /home/olhamelnyk/colcon_venv) by extensions ['ros']
[0.552s] Level 1:colcon.colcon_core.package_identification:_identify(testing_realtime_api/ /home/olhamelnyk/colcon_venv) by extension 'ros'
[0.552s] Level 1:colcon.colcon_core.package_identification:_identify(testing_realtime_api/ /home/olhamelnyk/colcon_venv) by extensions ['cmake', 'python']
[0.552s] Level 1:colcon.colcon_core.package_identification:_identify(testing_realtime_api/ /home/olhamelnyk/colcon_venv) by extension 'cmake'
[0.552s] Level 1:colcon.colcon_core.package_identification:_identify(testing_realtime_api/ /home/olhamelnyk/colcon_venv) by extension 'python'
[0.552s] Level 1:colcon.colcon_core.package_identification:_identify(testing_realtime_api/ /home/olhamelnyk/colcon_venv) by extensions ['python_setup_py']
[0.552s] Level 1:colcon.colcon_core.package_identification:_identify(testing_realtime_api/ /home/olhamelnyk/colcon_venv) by extension 'python_setup_py'
[0.553s] Level 1:colcon.colcon_core.package_identification:_identify(testing_realtime_api/ /home/olhamelnyk/colcon_venv/recordings) by extensions ['ignore', 'ignore_ament_install']
[0.553s] Level 1:colcon.colcon_core.package_identification:_identify(testing_realtime_api/ /home/olhamelnyk/colcon_venv/recordings) by extension 'ignore'
[0.553s] Level 1:colcon.colcon_core.package_identification:_identify(testing_realtime_api/ /home/olhamelnyk/colcon_venv/recordings) by extension 'ignore_ament_install'
[0.553s] Level 1:colcon.colcon_core.package_identification:_identify(testing_realtime_api/ /home/olhamelnyk/colcon_venv/recordings) by extensions ['colcon_pkg']
[0.553s] Level 1:colcon.colcon_core.package_identification:_identify(testing_realtime_api/ /home/olhamelnyk/colcon_venv/recordings) by extension 'colcon_pkg'
[0.553s] Level 1:colcon.colcon_core.package_identification:_identify(testing_realtime_api/ /home/olhamelnyk/colcon_venv/recordings) by extensions ['colcon_meta']
[0.553s] Level 1:colcon.colcon_core.package_identification:_identify(testing_realtime_api/ /home/olhamelnyk/colcon_venv/recordings) by extension 'colcon_meta'
[0.553s] Level 1:colcon.colcon_core.package_identification:_identify(testing_realtime_api/ /home/olhamelnyk/colcon_venv/recordings) by extensions ['ros']
[0.553s] Level 1:colcon.colcon_core.package_identification:_identify(testing_realtime_api/ /home/olhamelnyk/colcon_venv/recordings) by extension 'ros'
[0.553s] Level 1:colcon.colcon_core.package_identification:_identify(testing_realtime_api/ /home/olhamelnyk/colcon_venv/recordings) by extensions ['cmake', 'python']
[0.553s] Level 1:colcon.colcon_core.package_identification:_identify(testing_realtime_api/ /home/olhamelnyk/colcon_venv/recordings) by extension 'cmake'
[0.554s] Level 1:colcon.colcon_core.package_identification:_identify(testing_realtime_api/ /home/olhamelnyk/colcon_venv/recordings) by extension 'python'
[0.554s] Level 1:colcon.colcon_core.package_identification:_identify(testing_realtime_api/ /home/olhamelnyk/colcon_venv/recordings) by extensions ['python_setup_py']
[0.554s] Level 1:colcon.colcon_core.package_identification:_identify(testing_realtime_api/ /home/olhamelnyk/colcon_venv/recordings) by extension 'python_setup_py'
[0.554s] Level 1:colcon.colcon_core.package_identification:_identify(testing_realtime_api/ /home/olhamelnyk/colcon_venv/recordings/recording_BEFR07_comp) by extensions ['ignore', 'ignore_ament_install']
[0.554s] Level 1:colcon.colcon_core.package_identification:_identify(testing_realtime_api/ /home/olhamelnyk/colcon_venv/recordings/recording_BEFR07_comp) by extension 'ignore'
[0.554s] Level 1:colcon.colcon_core.package_identification:_identify(testing_realtime_api/ /home/olhamelnyk/colcon_venv/recordings/recording_BEFR07_comp) by extension 'ignore_ament_install'
[0.554s] Level 1:colcon.colcon_core.package_identification:_identify(testing_realtime_api/ /home/olhamelnyk/colcon_venv/recordings/recording_BEFR07_comp) by extensions ['colcon_pkg']
[0.554s] Level 1:colcon.colcon_core.package_identification:_identify(testing_realtime_api/ /home/olhamelnyk/colcon_venv/recordings/recording_BEFR07_comp) by extension 'colcon_pkg'
[0.554s] Level 1:colcon.colcon_core.package_identification:_identify(testing_realtime_api/ /home/olhamelnyk/colcon_venv/recordings/recording_BEFR07_comp) by extensions ['colcon_meta']
[0.554s] Level 1:colcon.colcon_core.package_identification:_identify(testing_realtime_api/ /home/olhamelnyk/colcon_venv/recordings/recording_BEFR07_comp) by extension 'colcon_meta'
[0.554s] Level 1:colcon.colcon_core.package_identification:_identify(testing_realtime_api/ /home/olhamelnyk/colcon_venv/recordings/recording_BEFR07_comp) by extensions ['ros']
[0.554s] Level 1:colcon.colcon_core.package_identification:_identify(testing_realtime_api/ /home/olhamelnyk/colcon_venv/recordings/recording_BEFR07_comp) by extension 'ros'
[0.555s] Level 1:colcon.colcon_core.package_identification:_identify(testing_realtime_api/ /home/olhamelnyk/colcon_venv/recordings/recording_BEFR07_comp) by extensions ['cmake', 'python']
[0.555s] Level 1:colcon.colcon_core.package_identification:_identify(testing_realtime_api/ /home/olhamelnyk/colcon_venv/recordings/recording_BEFR07_comp) by extension 'cmake'
[0.555s] Level 1:colcon.colcon_core.package_identification:_identify(testing_realtime_api/ /home/olhamelnyk/colcon_venv/recordings/recording_BEFR07_comp) by extension 'python'
[0.555s] Level 1:colcon.colcon_core.package_identification:_identify(testing_realtime_api/ /home/olhamelnyk/colcon_venv/recordings/recording_BEFR07_comp) by extensions ['python_setup_py']
[0.555s] Level 1:colcon.colcon_core.package_identification:_identify(testing_realtime_api/ /home/olhamelnyk/colcon_venv/recordings/recording_BEFR07_comp) by extension 'python_setup_py'
[0.555s] Level 1:colcon.colcon_core.package_identification:_identify(testing_realtime_api/ /home/olhamelnyk/colcon_venv/recordings/recording_MALU09_comp) by extensions ['ignore', 'ignore_ament_install']
[0.555s] Level 1:colcon.colcon_core.package_identification:_identify(testing_realtime_api/ /home/olhamelnyk/colcon_venv/recordings/recording_MALU09_comp) by extension 'ignore'
[0.555s] Level 1:colcon.colcon_core.package_identification:_identify(testing_realtime_api/ /home/olhamelnyk/colcon_venv/recordings/recording_MALU09_comp) by extension 'ignore_ament_install'
[0.555s] Level 1:colcon.colcon_core.package_identification:_identify(testing_realtime_api/ /home/olhamelnyk/colcon_venv/recordings/recording_MALU09_comp) by extensions ['colcon_pkg']
[0.555s] Level 1:colcon.colcon_core.package_identification:_identify(testing_realtime_api/ /home/olhamelnyk/colcon_venv/recordings/recording_MALU09_comp) by extension 'colcon_pkg'
[0.555s] Level 1:colcon.colcon_core.package_identification:_identify(testing_realtime_api/ /home/olhamelnyk/colcon_venv/recordings/recording_MALU09_comp) by extensions ['colcon_meta']
[0.556s] Level 1:colcon.colcon_core.package_identification:_identify(testing_realtime_api/ /home/olhamelnyk/colcon_venv/recordings/recording_MALU09_comp) by extension 'colcon_meta'
[0.556s] Level 1:colcon.colcon_core.package_identification:_identify(testing_realtime_api/ /home/olhamelnyk/colcon_venv/recordings/recording_MALU09_comp) by extensions ['ros']
[0.556s] Level 1:colcon.colcon_core.package_identification:_identify(testing_realtime_api/ /home/olhamelnyk/colcon_venv/recordings/recording_MALU09_comp) by extension 'ros'
[0.556s] Level 1:colcon.colcon_core.package_identification:_identify(testing_realtime_api/ /home/olhamelnyk/colcon_venv/recordings/recording_MALU09_comp) by extensions ['cmake', 'python']
[0.556s] Level 1:colcon.colcon_core.package_identification:_identify(testing_realtime_api/ /home/olhamelnyk/colcon_venv/recordings/recording_MALU09_comp) by extension 'cmake'
[0.556s] Level 1:colcon.colcon_core.package_identification:_identify(testing_realtime_api/ /home/olhamelnyk/colcon_venv/recordings/recording_MALU09_comp) by extension 'python'
[0.556s] Level 1:colcon.colcon_core.package_identification:_identify(testing_realtime_api/ /home/olhamelnyk/colcon_venv/recordings/recording_MALU09_comp) by extensions ['python_setup_py']
[0.556s] Level 1:colcon.colcon_core.package_identification:_identify(testing_realtime_api/ /home/olhamelnyk/colcon_venv/recordings/recording_MALU09_comp) by extension 'python_setup_py'
[0.556s] Level 1:colcon.colcon_core.package_identification:_identify(testing_realtime_api/ /home/olhamelnyk/colcon_venv/recordings/recording_RAHO11_comp) by extensions ['ignore', 'ignore_ament_install']
[0.556s] Level 1:colcon.colcon_core.package_identification:_identify(testing_realtime_api/ /home/olhamelnyk/colcon_venv/recordings/recording_RAHO11_comp) by extension 'ignore'
[0.557s] Level 1:colcon.colcon_core.package_identification:_identify(testing_realtime_api/ /home/olhamelnyk/colcon_venv/recordings/recording_RAHO11_comp) by extension 'ignore_ament_install'
[0.557s] Level 1:colcon.colcon_core.package_identification:_identify(testing_realtime_api/ /home/olhamelnyk/colcon_venv/recordings/recording_RAHO11_comp) by extensions ['colcon_pkg']
[0.557s] Level 1:colcon.colcon_core.package_identification:_identify(testing_realtime_api/ /home/olhamelnyk/colcon_venv/recordings/recording_RAHO11_comp) by extension 'colcon_pkg'
[0.557s] Level 1:colcon.colcon_core.package_identification:_identify(testing_realtime_api/ /home/olhamelnyk/colcon_venv/recordings/recording_RAHO11_comp) by extensions ['colcon_meta']
[0.557s] Level 1:colcon.colcon_core.package_identification:_identify(testing_realtime_api/ /home/olhamelnyk/colcon_venv/recordings/recording_RAHO11_comp) by extension 'colcon_meta'
[0.557s] Level 1:colcon.colcon_core.package_identification:_identify(testing_realtime_api/ /home/olhamelnyk/colcon_venv/recordings/recording_RAHO11_comp) by extensions ['ros']
[0.557s] Level 1:colcon.colcon_core.package_identification:_identify(testing_realtime_api/ /home/olhamelnyk/colcon_venv/recordings/recording_RAHO11_comp) by extension 'ros'
[0.557s] Level 1:colcon.colcon_core.package_identification:_identify(testing_realtime_api/ /home/olhamelnyk/colcon_venv/recordings/recording_RAHO11_comp) by extensions ['cmake', 'python']
[0.557s] Level 1:colcon.colcon_core.package_identification:_identify(testing_realtime_api/ /home/olhamelnyk/colcon_venv/recordings/recording_RAHO11_comp) by extension 'cmake'
[0.557s] Level 1:colcon.colcon_core.package_identification:_identify(testing_realtime_api/ /home/olhamelnyk/colcon_venv/recordings/recording_RAHO11_comp) by extension 'python'
[0.557s] Level 1:colcon.colcon_core.package_identification:_identify(testing_realtime_api/ /home/olhamelnyk/colcon_venv/recordings/recording_RAHO11_comp) by extensions ['python_setup_py']
[0.557s] Level 1:colcon.colcon_core.package_identification:_identify(testing_realtime_api/ /home/olhamelnyk/colcon_venv/recordings/recording_RAHO11_comp) by extension 'python_setup_py'
[0.557s] Level 1:colcon.colcon_core.package_identification:_identify(testing_realtime_api/ /home/olhamelnyk/colcon_venv/recordings/recording_TETO07_comp) by extensions ['ignore', 'ignore_ament_install']
[0.558s] Level 1:colcon.colcon_core.package_identification:_identify(testing_realtime_api/ /home/olhamelnyk/colcon_venv/recordings/recording_TETO07_comp) by extension 'ignore'
[0.558s] Level 1:colcon.colcon_core.package_identification:_identify(testing_realtime_api/ /home/olhamelnyk/colcon_venv/recordings/recording_TETO07_comp) by extension 'ignore_ament_install'
[0.558s] Level 1:colcon.colcon_core.package_identification:_identify(testing_realtime_api/ /home/olhamelnyk/colcon_venv/recordings/recording_TETO07_comp) by extensions ['colcon_pkg']
[0.558s] Level 1:colcon.colcon_core.package_identification:_identify(testing_realtime_api/ /home/olhamelnyk/colcon_venv/recordings/recording_TETO07_comp) by extension 'colcon_pkg'
[0.558s] Level 1:colcon.colcon_core.package_identification:_identify(testing_realtime_api/ /home/olhamelnyk/colcon_venv/recordings/recording_TETO07_comp) by extensions ['colcon_meta']
[0.558s] Level 1:colcon.colcon_core.package_identification:_identify(testing_realtime_api/ /home/olhamelnyk/colcon_venv/recordings/recording_TETO07_comp) by extension 'colcon_meta'
[0.558s] Level 1:colcon.colcon_core.package_identification:_identify(testing_realtime_api/ /home/olhamelnyk/colcon_venv/recordings/recording_TETO07_comp) by extensions ['ros']
[0.558s] Level 1:colcon.colcon_core.package_identification:_identify(testing_realtime_api/ /home/olhamelnyk/colcon_venv/recordings/recording_TETO07_comp) by extension 'ros'
[0.558s] Level 1:colcon.colcon_core.package_identification:_identify(testing_realtime_api/ /home/olhamelnyk/colcon_venv/recordings/recording_TETO07_comp) by extensions ['cmake', 'python']
[0.558s] Level 1:colcon.colcon_core.package_identification:_identify(testing_realtime_api/ /home/olhamelnyk/colcon_venv/recordings/recording_TETO07_comp) by extension 'cmake'
[0.558s] Level 1:colcon.colcon_core.package_identification:_identify(testing_realtime_api/ /home/olhamelnyk/colcon_venv/recordings/recording_TETO07_comp) by extension 'python'
[0.558s] Level 1:colcon.colcon_core.package_identification:_identify(testing_realtime_api/ /home/olhamelnyk/colcon_venv/recordings/recording_TETO07_comp) by extensions ['python_setup_py']
[0.558s] Level 1:colcon.colcon_core.package_identification:_identify(testing_realtime_api/ /home/olhamelnyk/colcon_venv/recordings/recording_TETO07_comp) by extension 'python_setup_py'
[0.559s] Level 1:colcon.colcon_core.package_identification:_identify(tf_recording) by extensions ['ignore', 'ignore_ament_install']
[0.559s] Level 1:colcon.colcon_core.package_identification:_identify(tf_recording) by extension 'ignore'
[0.559s] Level 1:colcon.colcon_core.package_identification:_identify(tf_recording) by extension 'ignore_ament_install'
[0.559s] Level 1:colcon.colcon_core.package_identification:_identify(tf_recording) by extensions ['colcon_pkg']
[0.559s] Level 1:colcon.colcon_core.package_identification:_identify(tf_recording) by extension 'colcon_pkg'
[0.559s] Level 1:colcon.colcon_core.package_identification:_identify(tf_recording) by extensions ['colcon_meta']
[0.559s] Level 1:colcon.colcon_core.package_identification:_identify(tf_recording) by extension 'colcon_meta'
[0.559s] Level 1:colcon.colcon_core.package_identification:_identify(tf_recording) by extensions ['ros']
[0.559s] Level 1:colcon.colcon_core.package_identification:_identify(tf_recording) by extension 'ros'
[0.561s] DEBUG:colcon.colcon_core.package_identification:Package 'tf_recording' with type 'ros.ament_python' and name 'tf_recording'
[0.561s] Level 1:colcon.colcon_core.package_identification:_identify(zed-ros2-examples) by extensions ['ignore', 'ignore_ament_install']
[0.562s] Level 1:colcon.colcon_core.package_identification:_identify(zed-ros2-examples) by extension 'ignore'
[0.563s] Level 1:colcon.colcon_core.package_identification:_identify(zed-ros2-examples) by extension 'ignore_ament_install'
[0.563s] Level 1:colcon.colcon_core.package_identification:_identify(zed-ros2-examples) by extensions ['colcon_pkg']
[0.563s] Level 1:colcon.colcon_core.package_identification:_identify(zed-ros2-examples) by extension 'colcon_pkg'
[0.563s] Level 1:colcon.colcon_core.package_identification:_identify(zed-ros2-examples) by extensions ['colcon_meta']
[0.563s] Level 1:colcon.colcon_core.package_identification:_identify(zed-ros2-examples) by extension 'colcon_meta'
[0.563s] Level 1:colcon.colcon_core.package_identification:_identify(zed-ros2-examples) by extensions ['ros']
[0.563s] Level 1:colcon.colcon_core.package_identification:_identify(zed-ros2-examples) by extension 'ros'
[0.563s] Level 1:colcon.colcon_core.package_identification:_identify(zed-ros2-examples) by extensions ['cmake', 'python']
[0.563s] Level 1:colcon.colcon_core.package_identification:_identify(zed-ros2-examples) by extension 'cmake'
[0.564s] Level 1:colcon.colcon_core.package_identification:_identify(zed-ros2-examples) by extension 'python'
[0.564s] Level 1:colcon.colcon_core.package_identification:_identify(zed-ros2-examples) by extensions ['python_setup_py']
[0.564s] Level 1:colcon.colcon_core.package_identification:_identify(zed-ros2-examples) by extension 'python_setup_py'
[0.564s] Level 1:colcon.colcon_core.package_identification:_identify(zed-ros2-examples/examples) by extensions ['ignore', 'ignore_ament_install']
[0.564s] Level 1:colcon.colcon_core.package_identification:_identify(zed-ros2-examples/examples) by extension 'ignore'
[0.564s] Level 1:colcon.colcon_core.package_identification:_identify(zed-ros2-examples/examples) by extension 'ignore_ament_install'
[0.564s] Level 1:colcon.colcon_core.package_identification:_identify(zed-ros2-examples/examples) by extensions ['colcon_pkg']
[0.564s] Level 1:colcon.colcon_core.package_identification:_identify(zed-ros2-examples/examples) by extension 'colcon_pkg'
[0.565s] Level 1:colcon.colcon_core.package_identification:_identify(zed-ros2-examples/examples) by extensions ['colcon_meta']
[0.565s] Level 1:colcon.colcon_core.package_identification:_identify(zed-ros2-examples/examples) by extension 'colcon_meta'
[0.565s] Level 1:colcon.colcon_core.package_identification:_identify(zed-ros2-examples/examples) by extensions ['ros']
[0.565s] Level 1:colcon.colcon_core.package_identification:_identify(zed-ros2-examples/examples) by extension 'ros'
[0.565s] Level 1:colcon.colcon_core.package_identification:_identify(zed-ros2-examples/examples) by extensions ['cmake', 'python']
[0.565s] Level 1:colcon.colcon_core.package_identification:_identify(zed-ros2-examples/examples) by extension 'cmake'
[0.565s] Level 1:colcon.colcon_core.package_identification:_identify(zed-ros2-examples/examples) by extension 'python'
[0.565s] Level 1:colcon.colcon_core.package_identification:_identify(zed-ros2-examples/examples) by extensions ['python_setup_py']
[0.565s] Level 1:colcon.colcon_core.package_identification:_identify(zed-ros2-examples/examples) by extension 'python_setup_py'
[0.565s] Level 1:colcon.colcon_core.package_identification:_identify(zed-ros2-examples/examples/zed_aruco_localization) by extensions ['ignore', 'ignore_ament_install']
[0.565s] Level 1:colcon.colcon_core.package_identification:_identify(zed-ros2-examples/examples/zed_aruco_localization) by extension 'ignore'
[0.566s] Level 1:colcon.colcon_core.package_identification:_identify(zed-ros2-examples/examples/zed_aruco_localization) by extension 'ignore_ament_install'
[0.566s] Level 1:colcon.colcon_core.package_identification:_identify(zed-ros2-examples/examples/zed_aruco_localization) by extensions ['colcon_pkg']
[0.566s] Level 1:colcon.colcon_core.package_identification:_identify(zed-ros2-examples/examples/zed_aruco_localization) by extension 'colcon_pkg'
[0.566s] Level 1:colcon.colcon_core.package_identification:_identify(zed-ros2-examples/examples/zed_aruco_localization) by extensions ['colcon_meta']
[0.566s] Level 1:colcon.colcon_core.package_identification:_identify(zed-ros2-examples/examples/zed_aruco_localization) by extension 'colcon_meta'
[0.566s] Level 1:colcon.colcon_core.package_identification:_identify(zed-ros2-examples/examples/zed_aruco_localization) by extensions ['ros']
[0.566s] Level 1:colcon.colcon_core.package_identification:_identify(zed-ros2-examples/examples/zed_aruco_localization) by extension 'ros'
[0.568s] DEBUG:colcon.colcon_core.package_identification:Package 'zed-ros2-examples/examples/zed_aruco_localization' with type 'ros.ament_cmake' and name 'zed_aruco_localization'
[0.569s] Level 1:colcon.colcon_core.package_identification:_identify(zed-ros2-examples/examples/zed_depth_to_laserscan) by extensions ['ignore', 'ignore_ament_install']
[0.569s] Level 1:colcon.colcon_core.package_identification:_identify(zed-ros2-examples/examples/zed_depth_to_laserscan) by extension 'ignore'
[0.569s] Level 1:colcon.colcon_core.package_identification:_identify(zed-ros2-examples/examples/zed_depth_to_laserscan) by extension 'ignore_ament_install'
[0.569s] Level 1:colcon.colcon_core.package_identification:_identify(zed-ros2-examples/examples/zed_depth_to_laserscan) by extensions ['colcon_pkg']
[0.569s] Level 1:colcon.colcon_core.package_identification:_identify(zed-ros2-examples/examples/zed_depth_to_laserscan) by extension 'colcon_pkg'
[0.569s] Level 1:colcon.colcon_core.package_identification:_identify(zed-ros2-examples/examples/zed_depth_to_laserscan) by extensions ['colcon_meta']
[0.569s] Level 1:colcon.colcon_core.package_identification:_identify(zed-ros2-examples/examples/zed_depth_to_laserscan) by extension 'colcon_meta'
[0.570s] Level 1:colcon.colcon_core.package_identification:_identify(zed-ros2-examples/examples/zed_depth_to_laserscan) by extensions ['ros']
[0.570s] Level 1:colcon.colcon_core.package_identification:_identify(zed-ros2-examples/examples/zed_depth_to_laserscan) by extension 'ros'
[0.571s] DEBUG:colcon.colcon_core.package_identification:Package 'zed-ros2-examples/examples/zed_depth_to_laserscan' with type 'ros.ament_cmake' and name 'zed_depth_to_laserscan'
[0.572s] Level 1:colcon.colcon_core.package_identification:_identify(zed-ros2-examples/images) by extensions ['ignore', 'ignore_ament_install']
[0.572s] Level 1:colcon.colcon_core.package_identification:_identify(zed-ros2-examples/images) by extension 'ignore'
[0.572s] Level 1:colcon.colcon_core.package_identification:_identify(zed-ros2-examples/images) by extension 'ignore_ament_install'
[0.572s] Level 1:colcon.colcon_core.package_identification:_identify(zed-ros2-examples/images) by extensions ['colcon_pkg']
[0.572s] Level 1:colcon.colcon_core.package_identification:_identify(zed-ros2-examples/images) by extension 'colcon_pkg'
[0.572s] Level 1:colcon.colcon_core.package_identification:_identify(zed-ros2-examples/images) by extensions ['colcon_meta']
[0.572s] Level 1:colcon.colcon_core.package_identification:_identify(zed-ros2-examples/images) by extension 'colcon_meta'
[0.572s] Level 1:colcon.colcon_core.package_identification:_identify(zed-ros2-examples/images) by extensions ['ros']
[0.572s] Level 1:colcon.colcon_core.package_identification:_identify(zed-ros2-examples/images) by extension 'ros'
[0.572s] Level 1:colcon.colcon_core.package_identification:_identify(zed-ros2-examples/images) by extensions ['cmake', 'python']
[0.572s] Level 1:colcon.colcon_core.package_identification:_identify(zed-ros2-examples/images) by extension 'cmake'
[0.573s] Level 1:colcon.colcon_core.package_identification:_identify(zed-ros2-examples/images) by extension 'python'
[0.573s] Level 1:colcon.colcon_core.package_identification:_identify(zed-ros2-examples/images) by extensions ['python_setup_py']
[0.573s] Level 1:colcon.colcon_core.package_identification:_identify(zed-ros2-examples/images) by extension 'python_setup_py'
[0.573s] Level 1:colcon.colcon_core.package_identification:_identify(zed-ros2-examples/rviz-plugin-zed-od) by extensions ['ignore', 'ignore_ament_install']
[0.573s] Level 1:colcon.colcon_core.package_identification:_identify(zed-ros2-examples/rviz-plugin-zed-od) by extension 'ignore'
[0.573s] Level 1:colcon.colcon_core.package_identification:_identify(zed-ros2-examples/rviz-plugin-zed-od) by extension 'ignore_ament_install'
[0.573s] Level 1:colcon.colcon_core.package_identification:_identify(zed-ros2-examples/rviz-plugin-zed-od) by extensions ['colcon_pkg']
[0.573s] Level 1:colcon.colcon_core.package_identification:_identify(zed-ros2-examples/rviz-plugin-zed-od) by extension 'colcon_pkg'
[0.573s] Level 1:colcon.colcon_core.package_identification:_identify(zed-ros2-examples/rviz-plugin-zed-od) by extensions ['colcon_meta']
[0.573s] Level 1:colcon.colcon_core.package_identification:_identify(zed-ros2-examples/rviz-plugin-zed-od) by extension 'colcon_meta'
[0.573s] Level 1:colcon.colcon_core.package_identification:_identify(zed-ros2-examples/rviz-plugin-zed-od) by extensions ['ros']
[0.573s] Level 1:colcon.colcon_core.package_identification:_identify(zed-ros2-examples/rviz-plugin-zed-od) by extension 'ros'
[0.574s] DEBUG:colcon.colcon_core.package_identification:Package 'zed-ros2-examples/rviz-plugin-zed-od' with type 'ros.ament_cmake' and name 'rviz_plugin_zed_od'
[0.575s] Level 1:colcon.colcon_core.package_identification:_identify(zed-ros2-examples/tools) by extensions ['ignore', 'ignore_ament_install']
[0.575s] Level 1:colcon.colcon_core.package_identification:_identify(zed-ros2-examples/tools) by extension 'ignore'
[0.575s] Level 1:colcon.colcon_core.package_identification:_identify(zed-ros2-examples/tools) by extension 'ignore_ament_install'
[0.575s] Level 1:colcon.colcon_core.package_identification:_identify(zed-ros2-examples/tools) by extensions ['colcon_pkg']
[0.575s] Level 1:colcon.colcon_core.package_identification:_identify(zed-ros2-examples/tools) by extension 'colcon_pkg'
[0.575s] Level 1:colcon.colcon_core.package_identification:_identify(zed-ros2-examples/tools) by extensions ['colcon_meta']
[0.575s] Level 1:colcon.colcon_core.package_identification:_identify(zed-ros2-examples/tools) by extension 'colcon_meta'
[0.575s] Level 1:colcon.colcon_core.package_identification:_identify(zed-ros2-examples/tools) by extensions ['ros']
[0.575s] Level 1:colcon.colcon_core.package_identification:_identify(zed-ros2-examples/tools) by extension 'ros'
[0.575s] Level 1:colcon.colcon_core.package_identification:_identify(zed-ros2-examples/tools) by extensions ['cmake', 'python']
[0.575s] Level 1:colcon.colcon_core.package_identification:_identify(zed-ros2-examples/tools) by extension 'cmake'
[0.575s] Level 1:colcon.colcon_core.package_identification:_identify(zed-ros2-examples/tools) by extension 'python'
[0.575s] Level 1:colcon.colcon_core.package_identification:_identify(zed-ros2-examples/tools) by extensions ['python_setup_py']
[0.575s] Level 1:colcon.colcon_core.package_identification:_identify(zed-ros2-examples/tools) by extension 'python_setup_py'
[0.576s] Level 1:colcon.colcon_core.package_identification:_identify(zed-ros2-examples/tools/zed_benchmark) by extensions ['ignore', 'ignore_ament_install']
[0.576s] Level 1:colcon.colcon_core.package_identification:_identify(zed-ros2-examples/tools/zed_benchmark) by extension 'ignore'
[0.576s] Level 1:colcon.colcon_core.package_identification:_identify(zed-ros2-examples/tools/zed_benchmark) by extension 'ignore_ament_install'
[0.576s] Level 1:colcon.colcon_core.package_identification:_identify(zed-ros2-examples/tools/zed_benchmark) by extensions ['colcon_pkg']
[0.576s] Level 1:colcon.colcon_core.package_identification:_identify(zed-ros2-examples/tools/zed_benchmark) by extension 'colcon_pkg'
[0.576s] Level 1:colcon.colcon_core.package_identification:_identify(zed-ros2-examples/tools/zed_benchmark) by extensions ['colcon_meta']
[0.576s] Level 1:colcon.colcon_core.package_identification:_identify(zed-ros2-examples/tools/zed_benchmark) by extension 'colcon_meta'
[0.576s] Level 1:colcon.colcon_core.package_identification:_identify(zed-ros2-examples/tools/zed_benchmark) by extensions ['ros']
[0.576s] Level 1:colcon.colcon_core.package_identification:_identify(zed-ros2-examples/tools/zed_benchmark) by extension 'ros'
[0.577s] DEBUG:colcon.colcon_core.package_identification:Package 'zed-ros2-examples/tools/zed_benchmark' with type 'ros.ament_cmake' and name 'zed_topic_benchmark'
[0.577s] Level 1:colcon.colcon_core.package_identification:_identify(zed-ros2-examples/tools/zed_benchmark_component) by extensions ['ignore', 'ignore_ament_install']
[0.578s] Level 1:colcon.colcon_core.package_identification:_identify(zed-ros2-examples/tools/zed_benchmark_component) by extension 'ignore'
[0.578s] Level 1:colcon.colcon_core.package_identification:_identify(zed-ros2-examples/tools/zed_benchmark_component) by extension 'ignore_ament_install'
[0.578s] Level 1:colcon.colcon_core.package_identification:_identify(zed-ros2-examples/tools/zed_benchmark_component) by extensions ['colcon_pkg']
[0.578s] Level 1:colcon.colcon_core.package_identification:_identify(zed-ros2-examples/tools/zed_benchmark_component) by extension 'colcon_pkg'
[0.578s] Level 1:colcon.colcon_core.package_identification:_identify(zed-ros2-examples/tools/zed_benchmark_component) by extensions ['colcon_meta']
[0.578s] Level 1:colcon.colcon_core.package_identification:_identify(zed-ros2-examples/tools/zed_benchmark_component) by extension 'colcon_meta'
[0.578s] Level 1:colcon.colcon_core.package_identification:_identify(zed-ros2-examples/tools/zed_benchmark_component) by extensions ['ros']
[0.578s] Level 1:colcon.colcon_core.package_identification:_identify(zed-ros2-examples/tools/zed_benchmark_component) by extension 'ros'
[0.579s] DEBUG:colcon.colcon_core.package_identification:Package 'zed-ros2-examples/tools/zed_benchmark_component' with type 'ros.ament_cmake' and name 'zed_topic_benchmark_component'
[0.580s] Level 1:colcon.colcon_core.package_identification:_identify(zed-ros2-examples/tools/zed_benchmark_interfaces) by extensions ['ignore', 'ignore_ament_install']
[0.580s] Level 1:colcon.colcon_core.package_identification:_identify(zed-ros2-examples/tools/zed_benchmark_interfaces) by extension 'ignore'
[0.580s] Level 1:colcon.colcon_core.package_identification:_identify(zed-ros2-examples/tools/zed_benchmark_interfaces) by extension 'ignore_ament_install'
[0.580s] Level 1:colcon.colcon_core.package_identification:_identify(zed-ros2-examples/tools/zed_benchmark_interfaces) by extensions ['colcon_pkg']
[0.580s] Level 1:colcon.colcon_core.package_identification:_identify(zed-ros2-examples/tools/zed_benchmark_interfaces) by extension 'colcon_pkg'
[0.580s] Level 1:colcon.colcon_core.package_identification:_identify(zed-ros2-examples/tools/zed_benchmark_interfaces) by extensions ['colcon_meta']
[0.580s] Level 1:colcon.colcon_core.package_identification:_identify(zed-ros2-examples/tools/zed_benchmark_interfaces) by extension 'colcon_meta'
[0.580s] Level 1:colcon.colcon_core.package_identification:_identify(zed-ros2-examples/tools/zed_benchmark_interfaces) by extensions ['ros']
[0.580s] Level 1:colcon.colcon_core.package_identification:_identify(zed-ros2-examples/tools/zed_benchmark_interfaces) by extension 'ros'
[0.582s] DEBUG:colcon.colcon_core.package_identification:Package 'zed-ros2-examples/tools/zed_benchmark_interfaces' with type 'ros.ament_cmake' and name 'zed_topic_benchmark_interfaces'
[0.583s] Level 1:colcon.colcon_core.package_identification:_identify(zed-ros2-examples/tutorials) by extensions ['ignore', 'ignore_ament_install']
[0.584s] Level 1:colcon.colcon_core.package_identification:_identify(zed-ros2-examples/tutorials) by extension 'ignore'
[0.584s] Level 1:colcon.colcon_core.package_identification:_identify(zed-ros2-examples/tutorials) by extension 'ignore_ament_install'
[0.584s] Level 1:colcon.colcon_core.package_identification:_identify(zed-ros2-examples/tutorials) by extensions ['colcon_pkg']
[0.584s] Level 1:colcon.colcon_core.package_identification:_identify(zed-ros2-examples/tutorials) by extension 'colcon_pkg'
[0.584s] Level 1:colcon.colcon_core.package_identification:_identify(zed-ros2-examples/tutorials) by extensions ['colcon_meta']
[0.584s] Level 1:colcon.colcon_core.package_identification:_identify(zed-ros2-examples/tutorials) by extension 'colcon_meta'
[0.585s] Level 1:colcon.colcon_core.package_identification:_identify(zed-ros2-examples/tutorials) by extensions ['ros']
[0.585s] Level 1:colcon.colcon_core.package_identification:_identify(zed-ros2-examples/tutorials) by extension 'ros'
[0.585s] Level 1:colcon.colcon_core.package_identification:_identify(zed-ros2-examples/tutorials) by extensions ['cmake', 'python']
[0.585s] Level 1:colcon.colcon_core.package_identification:_identify(zed-ros2-examples/tutorials) by extension 'cmake'
[0.585s] Level 1:colcon.colcon_core.package_identification:_identify(zed-ros2-examples/tutorials) by extension 'python'
[0.585s] Level 1:colcon.colcon_core.package_identification:_identify(zed-ros2-examples/tutorials) by extensions ['python_setup_py']
[0.585s] Level 1:colcon.colcon_core.package_identification:_identify(zed-ros2-examples/tutorials) by extension 'python_setup_py'
[0.586s] Level 1:colcon.colcon_core.package_identification:_identify(zed-ros2-examples/tutorials/zed_depth_tutorial) by extensions ['ignore', 'ignore_ament_install']
[0.586s] Level 1:colcon.colcon_core.package_identification:_identify(zed-ros2-examples/tutorials/zed_depth_tutorial) by extension 'ignore'
[0.586s] Level 1:colcon.colcon_core.package_identification:_identify(zed-ros2-examples/tutorials/zed_depth_tutorial) by extension 'ignore_ament_install'
[0.586s] Level 1:colcon.colcon_core.package_identification:_identify(zed-ros2-examples/tutorials/zed_depth_tutorial) by extensions ['colcon_pkg']
[0.586s] Level 1:colcon.colcon_core.package_identification:_identify(zed-ros2-examples/tutorials/zed_depth_tutorial) by extension 'colcon_pkg'
[0.586s] Level 1:colcon.colcon_core.package_identification:_identify(zed-ros2-examples/tutorials/zed_depth_tutorial) by extensions ['colcon_meta']
[0.586s] Level 1:colcon.colcon_core.package_identification:_identify(zed-ros2-examples/tutorials/zed_depth_tutorial) by extension 'colcon_meta'
[0.586s] Level 1:colcon.colcon_core.package_identification:_identify(zed-ros2-examples/tutorials/zed_depth_tutorial) by extensions ['ros']
[0.586s] Level 1:colcon.colcon_core.package_identification:_identify(zed-ros2-examples/tutorials/zed_depth_tutorial) by extension 'ros'
[0.588s] DEBUG:colcon.colcon_core.package_identification:Package 'zed-ros2-examples/tutorials/zed_depth_tutorial' with type 'ros.ament_cmake' and name 'zed_tutorial_depth'
[0.588s] Level 1:colcon.colcon_core.package_identification:_identify(zed-ros2-examples/tutorials/zed_ipc) by extensions ['ignore', 'ignore_ament_install']
[0.589s] Level 1:colcon.colcon_core.package_identification:_identify(zed-ros2-examples/tutorials/zed_ipc) by extension 'ignore'
[0.589s] Level 1:colcon.colcon_core.package_identification:_identify(zed-ros2-examples/tutorials/zed_ipc) by extension 'ignore_ament_install'
[0.589s] Level 1:colcon.colcon_core.package_identification:_identify(zed-ros2-examples/tutorials/zed_ipc) by extensions ['colcon_pkg']
[0.589s] Level 1:colcon.colcon_core.package_identification:_identify(zed-ros2-examples/tutorials/zed_ipc) by extension 'colcon_pkg'
[0.589s] Level 1:colcon.colcon_core.package_identification:_identify(zed-ros2-examples/tutorials/zed_ipc) by extensions ['colcon_meta']
[0.589s] Level 1:colcon.colcon_core.package_identification:_identify(zed-ros2-examples/tutorials/zed_ipc) by extension 'colcon_meta'
[0.589s] Level 1:colcon.colcon_core.package_identification:_identify(zed-ros2-examples/tutorials/zed_ipc) by extensions ['ros']
[0.589s] Level 1:colcon.colcon_core.package_identification:_identify(zed-ros2-examples/tutorials/zed_ipc) by extension 'ros'
[0.590s] DEBUG:colcon.colcon_core.package_identification:Package 'zed-ros2-examples/tutorials/zed_ipc' with type 'ros.ament_cmake' and name 'zed_ipc'
[0.591s] Level 1:colcon.colcon_core.package_identification:_identify(zed-ros2-examples/tutorials/zed_multi_camera) by extensions ['ignore', 'ignore_ament_install']
[0.591s] Level 1:colcon.colcon_core.package_identification:_identify(zed-ros2-examples/tutorials/zed_multi_camera) by extension 'ignore'
[0.591s] Level 1:colcon.colcon_core.package_identification:_identify(zed-ros2-examples/tutorials/zed_multi_camera) by extension 'ignore_ament_install'
[0.591s] Level 1:colcon.colcon_core.package_identification:_identify(zed-ros2-examples/tutorials/zed_multi_camera) by extensions ['colcon_pkg']
[0.591s] Level 1:colcon.colcon_core.package_identification:_identify(zed-ros2-examples/tutorials/zed_multi_camera) by extension 'colcon_pkg'
[0.591s] Level 1:colcon.colcon_core.package_identification:_identify(zed-ros2-examples/tutorials/zed_multi_camera) by extensions ['colcon_meta']
[0.591s] Level 1:colcon.colcon_core.package_identification:_identify(zed-ros2-examples/tutorials/zed_multi_camera) by extension 'colcon_meta'
[0.591s] Level 1:colcon.colcon_core.package_identification:_identify(zed-ros2-examples/tutorials/zed_multi_camera) by extensions ['ros']
[0.591s] Level 1:colcon.colcon_core.package_identification:_identify(zed-ros2-examples/tutorials/zed_multi_camera) by extension 'ros'
[0.592s] DEBUG:colcon.colcon_core.package_identification:Package 'zed-ros2-examples/tutorials/zed_multi_camera' with type 'ros.ament_cmake' and name 'zed_multi_camera'
[0.592s] Level 1:colcon.colcon_core.package_identification:_identify(zed-ros2-examples/tutorials/zed_pose_tutorial) by extensions ['ignore', 'ignore_ament_install']
[0.593s] Level 1:colcon.colcon_core.package_identification:_identify(zed-ros2-examples/tutorials/zed_pose_tutorial) by extension 'ignore'
[0.593s] Level 1:colcon.colcon_core.package_identification:_identify(zed-ros2-examples/tutorials/zed_pose_tutorial) by extension 'ignore_ament_install'
[0.593s] Level 1:colcon.colcon_core.package_identification:_identify(zed-ros2-examples/tutorials/zed_pose_tutorial) by extensions ['colcon_pkg']
[0.593s] Level 1:colcon.colcon_core.package_identification:_identify(zed-ros2-examples/tutorials/zed_pose_tutorial) by extension 'colcon_pkg'
[0.593s] Level 1:colcon.colcon_core.package_identification:_identify(zed-ros2-examples/tutorials/zed_pose_tutorial) by extensions ['colcon_meta']
[0.593s] Level 1:colcon.colcon_core.package_identification:_identify(zed-ros2-examples/tutorials/zed_pose_tutorial) by extension 'colcon_meta'
[0.593s] Level 1:colcon.colcon_core.package_identification:_identify(zed-ros2-examples/tutorials/zed_pose_tutorial) by extensions ['ros']
[0.593s] Level 1:colcon.colcon_core.package_identification:_identify(zed-ros2-examples/tutorials/zed_pose_tutorial) by extension 'ros'
[0.594s] DEBUG:colcon.colcon_core.package_identification:Package 'zed-ros2-examples/tutorials/zed_pose_tutorial' with type 'ros.ament_cmake' and name 'zed_tutorial_pos_tracking'
[0.594s] Level 1:colcon.colcon_core.package_identification:_identify(zed-ros2-examples/tutorials/zed_rgb_convert) by extensions ['ignore', 'ignore_ament_install']
[0.595s] Level 1:colcon.colcon_core.package_identification:_identify(zed-ros2-examples/tutorials/zed_rgb_convert) by extension 'ignore'
[0.595s] Level 1:colcon.colcon_core.package_identification:_identify(zed-ros2-examples/tutorials/zed_rgb_convert) by extension 'ignore_ament_install'
[0.595s] Level 1:colcon.colcon_core.package_identification:_identify(zed-ros2-examples/tutorials/zed_rgb_convert) by extensions ['colcon_pkg']
[0.595s] Level 1:colcon.colcon_core.package_identification:_identify(zed-ros2-examples/tutorials/zed_rgb_convert) by extension 'colcon_pkg'
[0.595s] Level 1:colcon.colcon_core.package_identification:_identify(zed-ros2-examples/tutorials/zed_rgb_convert) by extensions ['colcon_meta']
[0.595s] Level 1:colcon.colcon_core.package_identification:_identify(zed-ros2-examples/tutorials/zed_rgb_convert) by extension 'colcon_meta'
[0.595s] Level 1:colcon.colcon_core.package_identification:_identify(zed-ros2-examples/tutorials/zed_rgb_convert) by extensions ['ros']
[0.596s] Level 1:colcon.colcon_core.package_identification:_identify(zed-ros2-examples/tutorials/zed_rgb_convert) by extension 'ros'
[0.598s] DEBUG:colcon.colcon_core.package_identification:Package 'zed-ros2-examples/tutorials/zed_rgb_convert' with type 'ros.ament_cmake' and name 'zed_rgb_convert'
[0.600s] Level 1:colcon.colcon_core.package_identification:_identify(zed-ros2-examples/tutorials/zed_robot_integration) by extensions ['ignore', 'ignore_ament_install']
[0.601s] Level 1:colcon.colcon_core.package_identification:_identify(zed-ros2-examples/tutorials/zed_robot_integration) by extension 'ignore'
[0.601s] Level 1:colcon.colcon_core.package_identification:_identify(zed-ros2-examples/tutorials/zed_robot_integration) by extension 'ignore_ament_install'
[0.602s] Level 1:colcon.colcon_core.package_identification:_identify(zed-ros2-examples/tutorials/zed_robot_integration) by extensions ['colcon_pkg']
[0.602s] Level 1:colcon.colcon_core.package_identification:_identify(zed-ros2-examples/tutorials/zed_robot_integration) by extension 'colcon_pkg'
[0.602s] Level 1:colcon.colcon_core.package_identification:_identify(zed-ros2-examples/tutorials/zed_robot_integration) by extensions ['colcon_meta']
[0.602s] Level 1:colcon.colcon_core.package_identification:_identify(zed-ros2-examples/tutorials/zed_robot_integration) by extension 'colcon_meta'
[0.602s] Level 1:colcon.colcon_core.package_identification:_identify(zed-ros2-examples/tutorials/zed_robot_integration) by extensions ['ros']
[0.602s] Level 1:colcon.colcon_core.package_identification:_identify(zed-ros2-examples/tutorials/zed_robot_integration) by extension 'ros'
[0.605s] DEBUG:colcon.colcon_core.package_identification:Package 'zed-ros2-examples/tutorials/zed_robot_integration' with type 'ros.ament_cmake' and name 'zed_robot_integration'
[0.606s] Level 1:colcon.colcon_core.package_identification:_identify(zed-ros2-examples/tutorials/zed_video_tutorial) by extensions ['ignore', 'ignore_ament_install']
[0.606s] Level 1:colcon.colcon_core.package_identification:_identify(zed-ros2-examples/tutorials/zed_video_tutorial) by extension 'ignore'
[0.606s] Level 1:colcon.colcon_core.package_identification:_identify(zed-ros2-examples/tutorials/zed_video_tutorial) by extension 'ignore_ament_install'
[0.606s] Level 1:colcon.colcon_core.package_identification:_identify(zed-ros2-examples/tutorials/zed_video_tutorial) by extensions ['colcon_pkg']
[0.607s] Level 1:colcon.colcon_core.package_identification:_identify(zed-ros2-examples/tutorials/zed_video_tutorial) by extension 'colcon_pkg'
[0.607s] Level 1:colcon.colcon_core.package_identification:_identify(zed-ros2-examples/tutorials/zed_video_tutorial) by extensions ['colcon_meta']
[0.607s] Level 1:colcon.colcon_core.package_identification:_identify(zed-ros2-examples/tutorials/zed_video_tutorial) by extension 'colcon_meta'
[0.607s] Level 1:colcon.colcon_core.package_identification:_identify(zed-ros2-examples/tutorials/zed_video_tutorial) by extensions ['ros']
[0.607s] Level 1:colcon.colcon_core.package_identification:_identify(zed-ros2-examples/tutorials/zed_video_tutorial) by extension 'ros'
[0.608s] DEBUG:colcon.colcon_core.package_identification:Package 'zed-ros2-examples/tutorials/zed_video_tutorial' with type 'ros.ament_cmake' and name 'zed_tutorial_video'
[0.609s] Level 1:colcon.colcon_core.package_identification:_identify(zed-ros2-examples/zed_display_foxglove) by extensions ['ignore', 'ignore_ament_install']
[0.609s] Level 1:colcon.colcon_core.package_identification:_identify(zed-ros2-examples/zed_display_foxglove) by extension 'ignore'
[0.609s] Level 1:colcon.colcon_core.package_identification:_identify(zed-ros2-examples/zed_display_foxglove) by extension 'ignore_ament_install'
[0.609s] Level 1:colcon.colcon_core.package_identification:_identify(zed-ros2-examples/zed_display_foxglove) by extensions ['colcon_pkg']
[0.609s] Level 1:colcon.colcon_core.package_identification:_identify(zed-ros2-examples/zed_display_foxglove) by extension 'colcon_pkg'
[0.610s] Level 1:colcon.colcon_core.package_identification:_identify(zed-ros2-examples/zed_display_foxglove) by extensions ['colcon_meta']
[0.610s] Level 1:colcon.colcon_core.package_identification:_identify(zed-ros2-examples/zed_display_foxglove) by extension 'colcon_meta'
[0.610s] Level 1:colcon.colcon_core.package_identification:_identify(zed-ros2-examples/zed_display_foxglove) by extensions ['ros']
[0.610s] Level 1:colcon.colcon_core.package_identification:_identify(zed-ros2-examples/zed_display_foxglove) by extension 'ros'
[0.610s] Level 1:colcon.colcon_core.package_identification:_identify(zed-ros2-examples/zed_display_foxglove) by extensions ['cmake', 'python']
[0.610s] Level 1:colcon.colcon_core.package_identification:_identify(zed-ros2-examples/zed_display_foxglove) by extension 'cmake'
[0.610s] Level 1:colcon.colcon_core.package_identification:_identify(zed-ros2-examples/zed_display_foxglove) by extension 'python'
[0.610s] Level 1:colcon.colcon_core.package_identification:_identify(zed-ros2-examples/zed_display_foxglove) by extensions ['python_setup_py']
[0.610s] Level 1:colcon.colcon_core.package_identification:_identify(zed-ros2-examples/zed_display_foxglove) by extension 'python_setup_py'
[0.611s] Level 1:colcon.colcon_core.package_identification:_identify(zed-ros2-examples/zed_display_foxglove/images) by extensions ['ignore', 'ignore_ament_install']
[0.611s] Level 1:colcon.colcon_core.package_identification:_identify(zed-ros2-examples/zed_display_foxglove/images) by extension 'ignore'
[0.611s] Level 1:colcon.colcon_core.package_identification:_identify(zed-ros2-examples/zed_display_foxglove/images) by extension 'ignore_ament_install'
[0.611s] Level 1:colcon.colcon_core.package_identification:_identify(zed-ros2-examples/zed_display_foxglove/images) by extensions ['colcon_pkg']
[0.611s] Level 1:colcon.colcon_core.package_identification:_identify(zed-ros2-examples/zed_display_foxglove/images) by extension 'colcon_pkg'
[0.611s] Level 1:colcon.colcon_core.package_identification:_identify(zed-ros2-examples/zed_display_foxglove/images) by extensions ['colcon_meta']
[0.611s] Level 1:colcon.colcon_core.package_identification:_identify(zed-ros2-examples/zed_display_foxglove/images) by extension 'colcon_meta'
[0.611s] Level 1:colcon.colcon_core.package_identification:_identify(zed-ros2-examples/zed_display_foxglove/images) by extensions ['ros']
[0.611s] Level 1:colcon.colcon_core.package_identification:_identify(zed-ros2-examples/zed_display_foxglove/images) by extension 'ros'
[0.611s] Level 1:colcon.colcon_core.package_identification:_identify(zed-ros2-examples/zed_display_foxglove/images) by extensions ['cmake', 'python']
[0.611s] Level 1:colcon.colcon_core.package_identification:_identify(zed-ros2-examples/zed_display_foxglove/images) by extension 'cmake'
[0.611s] Level 1:colcon.colcon_core.package_identification:_identify(zed-ros2-examples/zed_display_foxglove/images) by extension 'python'
[0.611s] Level 1:colcon.colcon_core.package_identification:_identify(zed-ros2-examples/zed_display_foxglove/images) by extensions ['python_setup_py']
[0.612s] Level 1:colcon.colcon_core.package_identification:_identify(zed-ros2-examples/zed_display_foxglove/images) by extension 'python_setup_py'
[0.612s] Level 1:colcon.colcon_core.package_identification:_identify(zed-ros2-examples/zed_display_foxglove/layouts) by extensions ['ignore', 'ignore_ament_install']
[0.612s] Level 1:colcon.colcon_core.package_identification:_identify(zed-ros2-examples/zed_display_foxglove/layouts) by extension 'ignore'
[0.612s] Level 1:colcon.colcon_core.package_identification:_identify(zed-ros2-examples/zed_display_foxglove/layouts) by extension 'ignore_ament_install'
[0.612s] Level 1:colcon.colcon_core.package_identification:_identify(zed-ros2-examples/zed_display_foxglove/layouts) by extensions ['colcon_pkg']
[0.612s] Level 1:colcon.colcon_core.package_identification:_identify(zed-ros2-examples/zed_display_foxglove/layouts) by extension 'colcon_pkg'
[0.612s] Level 1:colcon.colcon_core.package_identification:_identify(zed-ros2-examples/zed_display_foxglove/layouts) by extensions ['colcon_meta']
[0.612s] Level 1:colcon.colcon_core.package_identification:_identify(zed-ros2-examples/zed_display_foxglove/layouts) by extension 'colcon_meta'
[0.612s] Level 1:colcon.colcon_core.package_identification:_identify(zed-ros2-examples/zed_display_foxglove/layouts) by extensions ['ros']
[0.612s] Level 1:colcon.colcon_core.package_identification:_identify(zed-ros2-examples/zed_display_foxglove/layouts) by extension 'ros'
[0.612s] Level 1:colcon.colcon_core.package_identification:_identify(zed-ros2-examples/zed_display_foxglove/layouts) by extensions ['cmake', 'python']
[0.613s] Level 1:colcon.colcon_core.package_identification:_identify(zed-ros2-examples/zed_display_foxglove/layouts) by extension 'cmake'
[0.613s] Level 1:colcon.colcon_core.package_identification:_identify(zed-ros2-examples/zed_display_foxglove/layouts) by extension 'python'
[0.613s] Level 1:colcon.colcon_core.package_identification:_identify(zed-ros2-examples/zed_display_foxglove/layouts) by extensions ['python_setup_py']
[0.613s] Level 1:colcon.colcon_core.package_identification:_identify(zed-ros2-examples/zed_display_foxglove/layouts) by extension 'python_setup_py'
[0.613s] Level 1:colcon.colcon_core.package_identification:_identify(zed-ros2-examples/zed_display_rviz2) by extensions ['ignore', 'ignore_ament_install']
[0.613s] Level 1:colcon.colcon_core.package_identification:_identify(zed-ros2-examples/zed_display_rviz2) by extension 'ignore'
[0.613s] Level 1:colcon.colcon_core.package_identification:_identify(zed-ros2-examples/zed_display_rviz2) by extension 'ignore_ament_install'
[0.613s] Level 1:colcon.colcon_core.package_identification:_identify(zed-ros2-examples/zed_display_rviz2) by extensions ['colcon_pkg']
[0.613s] Level 1:colcon.colcon_core.package_identification:_identify(zed-ros2-examples/zed_display_rviz2) by extension 'colcon_pkg'
[0.613s] Level 1:colcon.colcon_core.package_identification:_identify(zed-ros2-examples/zed_display_rviz2) by extensions ['colcon_meta']
[0.613s] Level 1:colcon.colcon_core.package_identification:_identify(zed-ros2-examples/zed_display_rviz2) by extension 'colcon_meta'
[0.613s] Level 1:colcon.colcon_core.package_identification:_identify(zed-ros2-examples/zed_display_rviz2) by extensions ['ros']
[0.613s] Level 1:colcon.colcon_core.package_identification:_identify(zed-ros2-examples/zed_display_rviz2) by extension 'ros'
[0.615s] DEBUG:colcon.colcon_core.package_identification:Package 'zed-ros2-examples/zed_display_rviz2' with type 'ros.ament_cmake' and name 'zed_display_rviz2'
[0.615s] Level 1:colcon.colcon_core.package_identification:_identify(zed-ros2-interfaces) by extensions ['ignore', 'ignore_ament_install']
[0.615s] Level 1:colcon.colcon_core.package_identification:_identify(zed-ros2-interfaces) by extension 'ignore'
[0.615s] Level 1:colcon.colcon_core.package_identification:_identify(zed-ros2-interfaces) by extension 'ignore_ament_install'
[0.615s] Level 1:colcon.colcon_core.package_identification:_identify(zed-ros2-interfaces) by extensions ['colcon_pkg']
[0.615s] Level 1:colcon.colcon_core.package_identification:_identify(zed-ros2-interfaces) by extension 'colcon_pkg'
[0.615s] Level 1:colcon.colcon_core.package_identification:_identify(zed-ros2-interfaces) by extensions ['colcon_meta']
[0.615s] Level 1:colcon.colcon_core.package_identification:_identify(zed-ros2-interfaces) by extension 'colcon_meta'
[0.615s] Level 1:colcon.colcon_core.package_identification:_identify(zed-ros2-interfaces) by extensions ['ros']
[0.615s] Level 1:colcon.colcon_core.package_identification:_identify(zed-ros2-interfaces) by extension 'ros'
[0.617s] DEBUG:colcon.colcon_core.package_identification:Package 'zed-ros2-interfaces' with type 'ros.ament_cmake' and name 'zed_msgs'
[0.617s] Level 1:colcon.colcon_core.package_identification:_identify(zed-ros2-wrapper) by extensions ['ignore', 'ignore_ament_install']
[0.618s] Level 1:colcon.colcon_core.package_identification:_identify(zed-ros2-wrapper) by extension 'ignore'
[0.618s] Level 1:colcon.colcon_core.package_identification:_identify(zed-ros2-wrapper) by extension 'ignore_ament_install'
[0.618s] Level 1:colcon.colcon_core.package_identification:_identify(zed-ros2-wrapper) by extensions ['colcon_pkg']
[0.618s] Level 1:colcon.colcon_core.package_identification:_identify(zed-ros2-wrapper) by extension 'colcon_pkg'
[0.618s] Level 1:colcon.colcon_core.package_identification:_identify(zed-ros2-wrapper) by extensions ['colcon_meta']
[0.618s] Level 1:colcon.colcon_core.package_identification:_identify(zed-ros2-wrapper) by extension 'colcon_meta'
[0.618s] Level 1:colcon.colcon_core.package_identification:_identify(zed-ros2-wrapper) by extensions ['ros']
[0.618s] Level 1:colcon.colcon_core.package_identification:_identify(zed-ros2-wrapper) by extension 'ros'
[0.618s] Level 1:colcon.colcon_core.package_identification:_identify(zed-ros2-wrapper) by extensions ['cmake', 'python']
[0.618s] Level 1:colcon.colcon_core.package_identification:_identify(zed-ros2-wrapper) by extension 'cmake'
[0.618s] Level 1:colcon.colcon_core.package_identification:_identify(zed-ros2-wrapper) by extension 'python'
[0.619s] Level 1:colcon.colcon_core.package_identification:_identify(zed-ros2-wrapper) by extensions ['python_setup_py']
[0.619s] Level 1:colcon.colcon_core.package_identification:_identify(zed-ros2-wrapper) by extension 'python_setup_py'
[0.619s] Level 1:colcon.colcon_core.package_identification:_identify(zed-ros2-wrapper/docker) by extensions ['ignore', 'ignore_ament_install']
[0.619s] Level 1:colcon.colcon_core.package_identification:_identify(zed-ros2-wrapper/docker) by extension 'ignore'
[0.619s] Level 1:colcon.colcon_core.package_identification:_identify(zed-ros2-wrapper/docker) by extension 'ignore_ament_install'
[0.619s] Level 1:colcon.colcon_core.package_identification:_identify(zed-ros2-wrapper/docker) by extensions ['colcon_pkg']
[0.619s] Level 1:colcon.colcon_core.package_identification:_identify(zed-ros2-wrapper/docker) by extension 'colcon_pkg'
[0.620s] Level 1:colcon.colcon_core.package_identification:_identify(zed-ros2-wrapper/docker) by extensions ['colcon_meta']
[0.620s] Level 1:colcon.colcon_core.package_identification:_identify(zed-ros2-wrapper/docker) by extension 'colcon_meta'
[0.620s] Level 1:colcon.colcon_core.package_identification:_identify(zed-ros2-wrapper/docker) by extensions ['ros']
[0.620s] Level 1:colcon.colcon_core.package_identification:_identify(zed-ros2-wrapper/docker) by extension 'ros'
[0.620s] Level 1:colcon.colcon_core.package_identification:_identify(zed-ros2-wrapper/docker) by extensions ['cmake', 'python']
[0.620s] Level 1:colcon.colcon_core.package_identification:_identify(zed-ros2-wrapper/docker) by extension 'cmake'
[0.620s] Level 1:colcon.colcon_core.package_identification:_identify(zed-ros2-wrapper/docker) by extension 'python'
[0.620s] Level 1:colcon.colcon_core.package_identification:_identify(zed-ros2-wrapper/docker) by extensions ['python_setup_py']
[0.621s] Level 1:colcon.colcon_core.package_identification:_identify(zed-ros2-wrapper/docker) by extension 'python_setup_py'
[0.621s] Level 1:colcon.colcon_core.package_identification:_identify(zed-ros2-wrapper/images) by extensions ['ignore', 'ignore_ament_install']
[0.621s] Level 1:colcon.colcon_core.package_identification:_identify(zed-ros2-wrapper/images) by extension 'ignore'
[0.621s] Level 1:colcon.colcon_core.package_identification:_identify(zed-ros2-wrapper/images) by extension 'ignore_ament_install'
[0.622s] Level 1:colcon.colcon_core.package_identification:_identify(zed-ros2-wrapper/images) by extensions ['colcon_pkg']
[0.622s] Level 1:colcon.colcon_core.package_identification:_identify(zed-ros2-wrapper/images) by extension 'colcon_pkg'
[0.622s] Level 1:colcon.colcon_core.package_identification:_identify(zed-ros2-wrapper/images) by extensions ['colcon_meta']
[0.622s] Level 1:colcon.colcon_core.package_identification:_identify(zed-ros2-wrapper/images) by extension 'colcon_meta'
[0.622s] Level 1:colcon.colcon_core.package_identification:_identify(zed-ros2-wrapper/images) by extensions ['ros']
[0.622s] Level 1:colcon.colcon_core.package_identification:_identify(zed-ros2-wrapper/images) by extension 'ros'
[0.623s] Level 1:colcon.colcon_core.package_identification:_identify(zed-ros2-wrapper/images) by extensions ['cmake', 'python']
[0.623s] Level 1:colcon.colcon_core.package_identification:_identify(zed-ros2-wrapper/images) by extension 'cmake'
[0.623s] Level 1:colcon.colcon_core.package_identification:_identify(zed-ros2-wrapper/images) by extension 'python'
[0.623s] Level 1:colcon.colcon_core.package_identification:_identify(zed-ros2-wrapper/images) by extensions ['python_setup_py']
[0.623s] Level 1:colcon.colcon_core.package_identification:_identify(zed-ros2-wrapper/images) by extension 'python_setup_py'
[0.624s] Level 1:colcon.colcon_core.package_identification:_identify(zed-ros2-wrapper/zed_components) by extensions ['ignore', 'ignore_ament_install']
[0.624s] Level 1:colcon.colcon_core.package_identification:_identify(zed-ros2-wrapper/zed_components) by extension 'ignore'
[0.624s] Level 1:colcon.colcon_core.package_identification:_identify(zed-ros2-wrapper/zed_components) by extension 'ignore_ament_install'
[0.624s] Level 1:colcon.colcon_core.package_identification:_identify(zed-ros2-wrapper/zed_components) by extensions ['colcon_pkg']
[0.624s] Level 1:colcon.colcon_core.package_identification:_identify(zed-ros2-wrapper/zed_components) by extension 'colcon_pkg'
[0.624s] Level 1:colcon.colcon_core.package_identification:_identify(zed-ros2-wrapper/zed_components) by extensions ['colcon_meta']
[0.624s] Level 1:colcon.colcon_core.package_identification:_identify(zed-ros2-wrapper/zed_components) by extension 'colcon_meta'
[0.625s] Level 1:colcon.colcon_core.package_identification:_identify(zed-ros2-wrapper/zed_components) by extensions ['ros']
[0.625s] Level 1:colcon.colcon_core.package_identification:_identify(zed-ros2-wrapper/zed_components) by extension 'ros'
[0.627s] DEBUG:colcon.colcon_core.package_identification:Package 'zed-ros2-wrapper/zed_components' with type 'ros.ament_cmake' and name 'zed_components'
[0.628s] Level 1:colcon.colcon_core.package_identification:_identify(zed-ros2-wrapper/zed_ros2) by extensions ['ignore', 'ignore_ament_install']
[0.628s] Level 1:colcon.colcon_core.package_identification:_identify(zed-ros2-wrapper/zed_ros2) by extension 'ignore'
[0.628s] Level 1:colcon.colcon_core.package_identification:_identify(zed-ros2-wrapper/zed_ros2) by extension 'ignore_ament_install'
[0.628s] Level 1:colcon.colcon_core.package_identification:_identify(zed-ros2-wrapper/zed_ros2) by extensions ['colcon_pkg']
[0.628s] Level 1:colcon.colcon_core.package_identification:_identify(zed-ros2-wrapper/zed_ros2) by extension 'colcon_pkg'
[0.628s] Level 1:colcon.colcon_core.package_identification:_identify(zed-ros2-wrapper/zed_ros2) by extensions ['colcon_meta']
[0.628s] Level 1:colcon.colcon_core.package_identification:_identify(zed-ros2-wrapper/zed_ros2) by extension 'colcon_meta'
[0.628s] Level 1:colcon.colcon_core.package_identification:_identify(zed-ros2-wrapper/zed_ros2) by extensions ['ros']
[0.628s] Level 1:colcon.colcon_core.package_identification:_identify(zed-ros2-wrapper/zed_ros2) by extension 'ros'
[0.633s] DEBUG:colcon.colcon_core.package_identification:Package 'zed-ros2-wrapper/zed_ros2' with type 'ros.ament_cmake' and name 'zed_ros2'
[0.633s] Level 1:colcon.colcon_core.package_identification:_identify(zed-ros2-wrapper/zed_wrapper) by extensions ['ignore', 'ignore_ament_install']
[0.633s] Level 1:colcon.colcon_core.package_identification:_identify(zed-ros2-wrapper/zed_wrapper) by extension 'ignore'
[0.633s] Level 1:colcon.colcon_core.package_identification:_identify(zed-ros2-wrapper/zed_wrapper) by extension 'ignore_ament_install'
[0.634s] Level 1:colcon.colcon_core.package_identification:_identify(zed-ros2-wrapper/zed_wrapper) by extensions ['colcon_pkg']
[0.634s] Level 1:colcon.colcon_core.package_identification:_identify(zed-ros2-wrapper/zed_wrapper) by extension 'colcon_pkg'
[0.634s] Level 1:colcon.colcon_core.package_identification:_identify(zed-ros2-wrapper/zed_wrapper) by extensions ['colcon_meta']
[0.634s] Level 1:colcon.colcon_core.package_identification:_identify(zed-ros2-wrapper/zed_wrapper) by extension 'colcon_meta'
[0.634s] Level 1:colcon.colcon_core.package_identification:_identify(zed-ros2-wrapper/zed_wrapper) by extensions ['ros']
[0.634s] Level 1:colcon.colcon_core.package_identification:_identify(zed-ros2-wrapper/zed_wrapper) by extension 'ros'
[0.635s] DEBUG:colcon.colcon_core.package_identification:Package 'zed-ros2-wrapper/zed_wrapper' with type 'ros.ament_cmake' and name 'zed_wrapper'
[0.635s] Level 1:colcon.colcon_core.package_identification:_identify(zed_mini) by extensions ['ignore', 'ignore_ament_install']
[0.635s] Level 1:colcon.colcon_core.package_identification:_identify(zed_mini) by extension 'ignore'
[0.635s] Level 1:colcon.colcon_core.package_identification:_identify(zed_mini) by extension 'ignore_ament_install'
[0.636s] Level 1:colcon.colcon_core.package_identification:_identify(zed_mini) by extensions ['colcon_pkg']
[0.636s] Level 1:colcon.colcon_core.package_identification:_identify(zed_mini) by extension 'colcon_pkg'
[0.636s] Level 1:colcon.colcon_core.package_identification:_identify(zed_mini) by extensions ['colcon_meta']
[0.636s] Level 1:colcon.colcon_core.package_identification:_identify(zed_mini) by extension 'colcon_meta'
[0.636s] Level 1:colcon.colcon_core.package_identification:_identify(zed_mini) by extensions ['ros']
[0.636s] Level 1:colcon.colcon_core.package_identification:_identify(zed_mini) by extension 'ros'
[0.637s] DEBUG:colcon.colcon_core.package_identification:Package 'zed_mini' with type 'ros.ament_python' and name 'zed_mini'
[0.637s] Level 1:colcon.colcon_core.package_identification:_identify(zed_recorder_cpp) by extensions ['ignore', 'ignore_ament_install']
[0.637s] Level 1:colcon.colcon_core.package_identification:_identify(zed_recorder_cpp) by extension 'ignore'
[0.637s] Level 1:colcon.colcon_core.package_identification:_identify(zed_recorder_cpp) by extension 'ignore_ament_install'
[0.637s] Level 1:colcon.colcon_core.package_identification:_identify(zed_recorder_cpp) by extensions ['colcon_pkg']
[0.637s] Level 1:colcon.colcon_core.package_identification:_identify(zed_recorder_cpp) by extension 'colcon_pkg'
[0.637s] Level 1:colcon.colcon_core.package_identification:_identify(zed_recorder_cpp) by extensions ['colcon_meta']
[0.637s] Level 1:colcon.colcon_core.package_identification:_identify(zed_recorder_cpp) by extension 'colcon_meta'
[0.637s] Level 1:colcon.colcon_core.package_identification:_identify(zed_recorder_cpp) by extensions ['ros']
[0.637s] Level 1:colcon.colcon_core.package_identification:_identify(zed_recorder_cpp) by extension 'ros'
[0.639s] DEBUG:colcon.colcon_core.package_identification:Package 'zed_recorder_cpp' with type 'ros.ament_cmake' and name 'zed_recorder_cpp'
[0.639s] Level 1:colcon.colcon_core.package_discovery:discover_packages(recursive) using defaults
[0.639s] Level 1:colcon.colcon_core.package_discovery:discover_packages(ignore) discover
[0.639s] Level 1:colcon.colcon_core.package_discovery:discover_packages(ignore) using defaults
[0.639s] Level 1:colcon.colcon_core.package_discovery:discover_packages(path) discover
[0.639s] Level 1:colcon.colcon_core.package_discovery:discover_packages(path) using defaults
[0.726s] INFO:colcon.colcon_core.package_selection:Skipping not selected package 'apriltagdetection' in 'apriltagdetection'
[0.727s] INFO:colcon.colcon_core.package_selection:Skipping not selected package 'blink_interface' in 'blink_interface /blink_interface '
[0.727s] INFO:colcon.colcon_core.package_selection:Skipping not selected package 'egocentric_msg' in 'egocentric_msg'
[0.727s] INFO:colcon.colcon_core.package_selection:Skipping not selected package 'gaze_interface' in 'gaze_interface'
[0.727s] INFO:colcon.colcon_core.package_selection:Skipping not selected package 'imu_interface' in 'imu_interface'
[0.727s] INFO:colcon.colcon_core.package_selection:Skipping not selected package 'latency_tools' in 'latency_tools'
[0.727s] INFO:colcon.colcon_core.package_selection:Skipping not selected package 'recording_gaze' in 'recording_gaze'
[0.727s] INFO:colcon.colcon_core.package_selection:Skipping not selected package 'recording_scene' in 'recording_scene'
[0.728s] INFO:colcon.colcon_core.package_selection:Skipping not selected package 'recording_scene_cpp' in 'recording_scene_cpp'
[0.728s] INFO:colcon.colcon_core.package_selection:Skipping not selected package 'recording_scene_python' in 'recording_scene_python'
[0.728s] INFO:colcon.colcon_core.package_selection:Skipping not selected package 'recording_zed_depth' in 'recording_zed_depth'
[0.728s] INFO:colcon.colcon_core.package_selection:Skipping not selected package 'recording_zed_depth_rgb' in 'recording_zed_depth_rgb'
[0.728s] INFO:colcon.colcon_core.package_selection:Skipping not selected package 'recording_zed_rgb' in 'recording_zed_rgb'
[0.728s] INFO:colcon.colcon_core.package_selection:Skipping not selected package 'tf_recording' in 'tf_recording'
[0.728s] INFO:colcon.colcon_core.package_selection:Skipping not selected package 'zed_mini' in 'zed_mini'
[0.728s] INFO:colcon.colcon_core.package_selection:Skipping not selected package 'zed_msgs' in 'zed-ros2-interfaces'
[0.728s] INFO:colcon.colcon_core.package_selection:Skipping not selected package 'zed_recorder_cpp' in 'zed_recorder_cpp'
[0.728s] INFO:colcon.colcon_core.package_selection:Skipping not selected package 'zed_topic_benchmark_interfaces' in 'zed-ros2-examples/tools/zed_benchmark_interfaces'
[0.728s] INFO:colcon.colcon_core.package_selection:Skipping not selected package 'zed_tutorial_depth' in 'zed-ros2-examples/tutorials/zed_depth_tutorial'
[0.728s] INFO:colcon.colcon_core.package_selection:Skipping not selected package 'zed_tutorial_pos_tracking' in 'zed-ros2-examples/tutorials/zed_pose_tutorial'
[0.728s] INFO:colcon.colcon_core.package_selection:Skipping not selected package 'zed_tutorial_video' in 'zed-ros2-examples/tutorials/zed_video_tutorial'
[0.728s] INFO:colcon.colcon_core.package_selection:Skipping not selected package 'async_pupil_wrapper' in 'async_pupil_wrapper'
[0.728s] INFO:colcon.colcon_core.package_selection:Skipping not selected package 'pupil_labs_wrapper' in 'pupil_labs_wrapper'
[0.728s] INFO:colcon.colcon_core.package_selection:Skipping not selected package 'recording_blink' in 'recording_blink'
[0.728s] INFO:colcon.colcon_core.package_selection:Skipping not selected package 'recording_imu' in 'recording_imu'
[0.728s] INFO:colcon.colcon_core.package_selection:Skipping not selected package 'rviz_plugin_zed_od' in 'zed-ros2-examples/rviz-plugin-zed-od'
[0.728s] INFO:colcon.colcon_core.package_selection:Skipping not selected package 'zed_components' in 'zed-ros2-wrapper/zed_components'
[0.728s] INFO:colcon.colcon_core.package_selection:Skipping not selected package 'zed_topic_benchmark_component' in 'zed-ros2-examples/tools/zed_benchmark_component'
[0.728s] INFO:colcon.colcon_core.package_selection:Skipping not selected package 'zed_aruco_localization' in 'zed-ros2-examples/examples/zed_aruco_localization'
[0.728s] INFO:colcon.colcon_core.package_selection:Skipping not selected package 'zed_rgb_convert' in 'zed-ros2-examples/tutorials/zed_rgb_convert'
[0.728s] INFO:colcon.colcon_core.package_selection:Skipping not selected package 'zed_topic_benchmark' in 'zed-ros2-examples/tools/zed_benchmark'
[0.728s] INFO:colcon.colcon_core.package_selection:Skipping not selected package 'zed_wrapper' in 'zed-ros2-wrapper/zed_wrapper'
[0.728s] INFO:colcon.colcon_core.package_selection:Skipping not selected package 'zed_depth_to_laserscan' in 'zed-ros2-examples/examples/zed_depth_to_laserscan'
[0.728s] INFO:colcon.colcon_core.package_selection:Skipping not selected package 'zed_display_rviz2' in 'zed-ros2-examples/zed_display_rviz2'
[0.728s] INFO:colcon.colcon_core.package_selection:Skipping not selected package 'zed_multi_camera' in 'zed-ros2-examples/tutorials/zed_multi_camera'
[0.728s] INFO:colcon.colcon_core.package_selection:Skipping not selected package 'zed_robot_integration' in 'zed-ros2-examples/tutorials/zed_robot_integration'
[0.728s] INFO:colcon.colcon_core.package_selection:Skipping not selected package 'zed_ros2' in 'zed-ros2-wrapper/zed_ros2'
[0.729s] INFO:colcon.colcon_core.package_selection:Skipping not selected package 'zed_ipc' in 'zed-ros2-examples/tutorials/zed_ipc'
[0.731s] Level 1:colcon.colcon_core.package_discovery:discover_packages(prefix_path) check parameters
[0.731s] Level 1:colcon.colcon_core.package_discovery:discover_packages(prefix_path) discover
[0.746s] DEBUG:colcon.colcon_installed_package_information.package_discovery:Found 39 installed packages in /home/olhamelnyk/colcon_venv/install
[0.750s] DEBUG:colcon.colcon_installed_package_information.package_discovery:Found 419 installed packages in /opt/ros/jazzy
[0.761s] Level 1:colcon.colcon_core.package_discovery:discover_packages(prefix_path) using defaults
[1.007s] Level 5:colcon.colcon_core.verb:set package 'recording_scene_bag' build argument 'cmake_args' from command line to 'None'
[1.007s] Level 5:colcon.colcon_core.verb:set package 'recording_scene_bag' build argument 'cmake_target' from command line to 'None'
[1.007s] Level 5:colcon.colcon_core.verb:set package 'recording_scene_bag' build argument 'cmake_target_skip_unavailable' from command line to 'False'
[1.007s] Level 5:colcon.colcon_core.verb:set package 'recording_scene_bag' build argument 'cmake_clean_cache' from command line to 'False'
[1.008s] Level 5:colcon.colcon_core.verb:set package 'recording_scene_bag' build argument 'cmake_clean_first' from command line to 'False'
[1.008s] Level 5:colcon.colcon_core.verb:set package 'recording_scene_bag' build argument 'cmake_force_configure' from command line to 'False'
[1.008s] Level 5:colcon.colcon_core.verb:set package 'recording_scene_bag' build argument 'ament_cmake_args' from command line to 'None'
[1.008s] Level 5:colcon.colcon_core.verb:set package 'recording_scene_bag' build argument 'catkin_cmake_args' from command line to 'None'
[1.008s] Level 5:colcon.colcon_core.verb:set package 'recording_scene_bag' build argument 'catkin_skip_building_tests' from command line to 'False'
[1.008s] DEBUG:colcon.colcon_core.verb:Building package 'recording_scene_bag' with the following arguments: {'ament_cmake_args': None, 'build_base': '/home/olhamelnyk/colcon_venv/src/build/recording_scene_bag', 'catkin_cmake_args': None, 'catkin_skip_building_tests': False, 'cmake_args': None, 'cmake_clean_cache': False, 'cmake_clean_first': False, 'cmake_force_configure': False, 'cmake_target': None, 'cmake_target_skip_unavailable': False, 'install_base': '/home/olhamelnyk/colcon_venv/src/install/recording_scene_bag', 'merge_install': False, 'path': '/home/olhamelnyk/colcon_venv/src/recording_scene_bag', 'symlink_install': False, 'test_result_base': None}
[1.009s] Level 5:colcon.colcon_core.verb:set package 'recording_controller_pkg' build argument 'cmake_args' from command line to 'None'
[1.009s] Level 5:colcon.colcon_core.verb:set package 'recording_controller_pkg' build argument 'cmake_target' from command line to 'None'
[1.009s] Level 5:colcon.colcon_core.verb:set package 'recording_controller_pkg' build argument 'cmake_target_skip_unavailable' from command line to 'False'
[1.009s] Level 5:colcon.colcon_core.verb:set package 'recording_controller_pkg' build argument 'cmake_clean_cache' from command line to 'False'
[1.009s] Level 5:colcon.colcon_core.verb:set package 'recording_controller_pkg' build argument 'cmake_clean_first' from command line to 'False'
[1.009s] Level 5:colcon.colcon_core.verb:set package 'recording_controller_pkg' build argument 'cmake_force_configure' from command line to 'False'
[1.009s] Level 5:colcon.colcon_core.verb:set package 'recording_controller_pkg' build argument 'ament_cmake_args' from command line to 'None'
[1.010s] Level 5:colcon.colcon_core.verb:set package 'recording_controller_pkg' build argument 'catkin_cmake_args' from command line to 'None'
[1.010s] Level 5:colcon.colcon_core.verb:set package 'recording_controller_pkg' build argument 'catkin_skip_building_tests' from command line to 'False'
[1.010s] DEBUG:colcon.colcon_core.verb:Building package 'recording_controller_pkg' with the following arguments: {'ament_cmake_args': None, 'build_base': '/home/olhamelnyk/colcon_venv/src/build/recording_controller_pkg', 'catkin_cmake_args': None, 'catkin_skip_building_tests': False, 'cmake_args': None, 'cmake_clean_cache': False, 'cmake_clean_first': False, 'cmake_force_configure': False, 'cmake_target': None, 'cmake_target_skip_unavailable': False, 'install_base': '/home/olhamelnyk/colcon_venv/src/install/recording_controller_pkg', 'merge_install': False, 'path': '/home/olhamelnyk/colcon_venv/src/recording_controller_pkg', 'symlink_install': False, 'test_result_base': None}
[1.010s] INFO:colcon.colcon_core.executor:Executing jobs using 'parallel' executor
[1.015s] DEBUG:colcon.colcon_parallel_executor.executor.parallel:run_until_complete
[1.017s] INFO:colcon.colcon_ros.task.ament_python.build:Building ROS package in '/home/olhamelnyk/colcon_venv/src/recording_scene_bag' with build type 'ament_python'
[1.018s] Level 1:colcon.colcon_core.shell:create_environment_hook('recording_scene_bag', 'ament_prefix_path')
[1.022s] INFO:colcon.colcon_core.plugin_system:Skipping extension 'colcon_core.shell.bat': Not used on non-Windows systems
[1.023s] INFO:colcon.colcon_core.shell:Creating environment hook '/home/olhamelnyk/colcon_venv/src/install/recording_scene_bag/share/recording_scene_bag/hook/ament_prefix_path.ps1'
[1.024s] INFO:colcon.colcon_core.shell:Creating environment descriptor '/home/olhamelnyk/colcon_venv/src/install/recording_scene_bag/share/recording_scene_bag/hook/ament_prefix_path.dsv'
[1.025s] INFO:colcon.colcon_core.shell:Creating environment hook '/home/olhamelnyk/colcon_venv/src/install/recording_scene_bag/share/recording_scene_bag/hook/ament_prefix_path.sh'
[1.026s] INFO:colcon.colcon_core.shell:Skip shell extension 'powershell' for command environment: Not usable outside of PowerShell
[1.027s] DEBUG:colcon.colcon_core.shell:Skip shell extension 'dsv' for command environment
[1.041s] INFO:colcon.colcon_ros.task.ament_python.build:Building ROS package in '/home/olhamelnyk/colcon_venv/src/recording_controller_pkg' with build type 'ament_python'
[1.042s] Level 1:colcon.colcon_core.shell:create_environment_hook('recording_controller_pkg', 'ament_prefix_path')
[1.043s] INFO:colcon.colcon_core.shell:Creating environment hook '/home/olhamelnyk/colcon_venv/src/install/recording_controller_pkg/share/recording_controller_pkg/hook/ament_prefix_path.ps1'
[1.044s] INFO:colcon.colcon_core.shell:Creating environment descriptor '/home/olhamelnyk/colcon_venv/src/install/recording_controller_pkg/share/recording_controller_pkg/hook/ament_prefix_path.dsv'
[1.045s] INFO:colcon.colcon_core.shell:Creating environment hook '/home/olhamelnyk/colcon_venv/src/install/recording_controller_pkg/share/recording_controller_pkg/hook/ament_prefix_path.sh'
[1.047s] INFO:colcon.colcon_core.shell:Skip shell extension 'powershell' for command environment: Not usable outside of PowerShell
[1.047s] DEBUG:colcon.colcon_core.shell:Skip shell extension 'dsv' for command environment
[1.058s] WARNING:colcon.colcon_core.shell:The following packages are in the workspace but haven't been built:
- zed_msgs
They are being used from the following locations instead:
- /home/olhamelnyk/colcon_venv/install/zed_msgs
To suppress this warning ignore these packages in the workspace:
--packages-ignore zed_msgs
[1.724s] INFO:colcon.colcon_core.task.python.build:Building Python package in '/home/olhamelnyk/colcon_venv/src/recording_scene_bag'
[1.725s] INFO:colcon.colcon_core.shell:Skip shell extension 'powershell' for command environment: Not usable outside of PowerShell
[1.725s] DEBUG:colcon.colcon_core.shell:Skip shell extension 'dsv' for command environment
[2.364s] INFO:colcon.colcon_core.task.python.build:Building Python package in '/home/olhamelnyk/colcon_venv/src/recording_controller_pkg'
[2.365s] INFO:colcon.colcon_core.shell:Skip shell extension 'powershell' for command environment: Not usable outside of PowerShell
[2.365s] DEBUG:colcon.colcon_core.shell:Skip shell extension 'dsv' for command environment
[4.417s] DEBUG:colcon.colcon_core.event_handler.log_command:Invoking command in '/home/olhamelnyk/colcon_venv/src/recording_scene_bag': DEBUGINFOD_URLS=https://debuginfod.ubuntu.com PYTHONPATH=/home/olhamelnyk/colcon_venv/src/build/recording_scene_bag/prefix_override:/usr/lib/python3/dist-packages/colcon_core/task/python/colcon_distutils_commands:/home/olhamelnyk/colcon_venv/src/install/recording_scene_bag/lib/python3.12/site-packages:${PYTHONPATH} /usr/bin/python3 -W ignore:setup.py install is deprecated -W ignore:easy_install command is deprecated setup.py egg_info --egg-base ../build/recording_scene_bag build --build-base /home/olhamelnyk/colcon_venv/src/build/recording_scene_bag/build install --record /home/olhamelnyk/colcon_venv/src/build/recording_scene_bag/install.log --single-version-externally-managed install_data
[4.457s] DEBUG:colcon.colcon_core.event_handler.log_command:Invoking command in '/home/olhamelnyk/colcon_venv/src/recording_controller_pkg': DEBUGINFOD_URLS=https://debuginfod.ubuntu.com PYTHONPATH=/home/olhamelnyk/colcon_venv/src/build/recording_controller_pkg/prefix_override:/usr/lib/python3/dist-packages/colcon_core/task/python/colcon_distutils_commands:/home/olhamelnyk/colcon_venv/src/install/recording_controller_pkg/lib/python3.12/site-packages:${PYTHONPATH} /usr/bin/python3 -W ignore:setup.py install is deprecated -W ignore:easy_install command is deprecated setup.py egg_info --egg-base ../build/recording_controller_pkg build --build-base /home/olhamelnyk/colcon_venv/src/build/recording_controller_pkg/build install --record /home/olhamelnyk/colcon_venv/src/build/recording_controller_pkg/install.log --single-version-externally-managed install_data
[6.350s] DEBUG:colcon.colcon_core.event_handler.log_command:Invoked command in '/home/olhamelnyk/colcon_venv/src/recording_scene_bag' returned '0': DEBUGINFOD_URLS=https://debuginfod.ubuntu.com PYTHONPATH=/home/olhamelnyk/colcon_venv/src/build/recording_scene_bag/prefix_override:/usr/lib/python3/dist-packages/colcon_core/task/python/colcon_distutils_commands:/home/olhamelnyk/colcon_venv/src/install/recording_scene_bag/lib/python3.12/site-packages:${PYTHONPATH} /usr/bin/python3 -W ignore:setup.py install is deprecated -W ignore:easy_install command is deprecated setup.py egg_info --egg-base ../build/recording_scene_bag build --build-base /home/olhamelnyk/colcon_venv/src/build/recording_scene_bag/build install --record /home/olhamelnyk/colcon_venv/src/build/recording_scene_bag/install.log --single-version-externally-managed install_data
[6.357s] Level 1:colcon.colcon_core.environment:checking '/home/olhamelnyk/colcon_venv/src/install/recording_scene_bag' for CMake module files
[6.359s] Level 1:colcon.colcon_core.environment:checking '/home/olhamelnyk/colcon_venv/src/install/recording_scene_bag' for CMake config files
[6.360s] Level 1:colcon.colcon_core.environment:checking '/home/olhamelnyk/colcon_venv/src/install/recording_scene_bag/lib'
[6.361s] Level 1:colcon.colcon_core.environment:checking '/home/olhamelnyk/colcon_venv/src/install/recording_scene_bag/bin'
[6.361s] Level 1:colcon.colcon_core.environment:checking '/home/olhamelnyk/colcon_venv/src/install/recording_scene_bag/lib/pkgconfig/recording_scene_bag.pc'
[6.361s] Level 1:colcon.colcon_core.environment:checking '/home/olhamelnyk/colcon_venv/src/install/recording_scene_bag/lib/python3.12/site-packages'
[6.362s] Level 1:colcon.colcon_core.shell:create_environment_hook('recording_scene_bag', 'pythonpath')
[6.363s] INFO:colcon.colcon_core.shell:Creating environment hook '/home/olhamelnyk/colcon_venv/src/install/recording_scene_bag/share/recording_scene_bag/hook/pythonpath.ps1'
[6.365s] INFO:colcon.colcon_core.shell:Creating environment descriptor '/home/olhamelnyk/colcon_venv/src/install/recording_scene_bag/share/recording_scene_bag/hook/pythonpath.dsv'
[6.366s] INFO:colcon.colcon_core.shell:Creating environment hook '/home/olhamelnyk/colcon_venv/src/install/recording_scene_bag/share/recording_scene_bag/hook/pythonpath.sh'
[6.367s] Level 1:colcon.colcon_core.environment:checking '/home/olhamelnyk/colcon_venv/src/install/recording_scene_bag/bin'
[6.368s] Level 1:colcon.colcon_core.environment:create_environment_scripts_only(recording_scene_bag)
[6.369s] INFO:colcon.colcon_core.shell:Creating package script '/home/olhamelnyk/colcon_venv/src/install/recording_scene_bag/share/recording_scene_bag/package.ps1'
[6.375s] INFO:colcon.colcon_core.shell:Creating package descriptor '/home/olhamelnyk/colcon_venv/src/install/recording_scene_bag/share/recording_scene_bag/package.dsv'
[6.378s] INFO:colcon.colcon_core.shell:Creating package script '/home/olhamelnyk/colcon_venv/src/install/recording_scene_bag/share/recording_scene_bag/package.sh'
[6.384s] INFO:colcon.colcon_core.shell:Creating package script '/home/olhamelnyk/colcon_venv/src/install/recording_scene_bag/share/recording_scene_bag/package.bash'
[6.385s] INFO:colcon.colcon_core.shell:Creating package script '/home/olhamelnyk/colcon_venv/src/install/recording_scene_bag/share/recording_scene_bag/package.zsh'
[6.386s] Level 1:colcon.colcon_core.environment:create_file_with_runtime_dependencies(/home/olhamelnyk/colcon_venv/src/install/recording_scene_bag/share/colcon-core/packages/recording_scene_bag)
[6.502s] Level 1:colcon.colcon_core.environment:checking '/home/olhamelnyk/colcon_venv/src/install/recording_controller_pkg' for CMake module files
[6.503s] DEBUG:colcon.colcon_core.event_handler.log_command:Invoked command in '/home/olhamelnyk/colcon_venv/src/recording_controller_pkg' returned '0': DEBUGINFOD_URLS=https://debuginfod.ubuntu.com PYTHONPATH=/home/olhamelnyk/colcon_venv/src/build/recording_controller_pkg/prefix_override:/usr/lib/python3/dist-packages/colcon_core/task/python/colcon_distutils_commands:/home/olhamelnyk/colcon_venv/src/install/recording_controller_pkg/lib/python3.12/site-packages:${PYTHONPATH} /usr/bin/python3 -W ignore:setup.py install is deprecated -W ignore:easy_install command is deprecated setup.py egg_info --egg-base ../build/recording_controller_pkg build --build-base /home/olhamelnyk/colcon_venv/src/build/recording_controller_pkg/build install --record /home/olhamelnyk/colcon_venv/src/build/recording_controller_pkg/install.log --single-version-externally-managed install_data
[6.503s] Level 1:colcon.colcon_core.environment:checking '/home/olhamelnyk/colcon_venv/src/install/recording_controller_pkg' for CMake config files
[6.504s] Level 1:colcon.colcon_core.environment:checking '/home/olhamelnyk/colcon_venv/src/install/recording_controller_pkg/lib'
[6.504s] Level 1:colcon.colcon_core.environment:checking '/home/olhamelnyk/colcon_venv/src/install/recording_controller_pkg/bin'
[6.504s] Level 1:colcon.colcon_core.environment:checking '/home/olhamelnyk/colcon_venv/src/install/recording_controller_pkg/lib/pkgconfig/recording_controller_pkg.pc'
[6.505s] Level 1:colcon.colcon_core.environment:checking '/home/olhamelnyk/colcon_venv/src/install/recording_controller_pkg/lib/python3.12/site-packages'
[6.505s] Level 1:colcon.colcon_core.shell:create_environment_hook('recording_controller_pkg', 'pythonpath')
[6.505s] INFO:colcon.colcon_core.shell:Creating environment hook '/home/olhamelnyk/colcon_venv/src/install/recording_controller_pkg/share/recording_controller_pkg/hook/pythonpath.ps1'
[6.506s] INFO:colcon.colcon_core.shell:Creating environment descriptor '/home/olhamelnyk/colcon_venv/src/install/recording_controller_pkg/share/recording_controller_pkg/hook/pythonpath.dsv'
[6.507s] INFO:colcon.colcon_core.shell:Creating environment hook '/home/olhamelnyk/colcon_venv/src/install/recording_controller_pkg/share/recording_controller_pkg/hook/pythonpath.sh'
[6.508s] Level 1:colcon.colcon_core.environment:checking '/home/olhamelnyk/colcon_venv/src/install/recording_controller_pkg/bin'
[6.508s] Level 1:colcon.colcon_core.environment:create_environment_scripts_only(recording_controller_pkg)
[6.509s] INFO:colcon.colcon_core.shell:Creating package script '/home/olhamelnyk/colcon_venv/src/install/recording_controller_pkg/share/recording_controller_pkg/package.ps1'
[6.510s] INFO:colcon.colcon_core.shell:Creating package descriptor '/home/olhamelnyk/colcon_venv/src/install/recording_controller_pkg/share/recording_controller_pkg/package.dsv'
[6.512s] INFO:colcon.colcon_core.shell:Creating package script '/home/olhamelnyk/colcon_venv/src/install/recording_controller_pkg/share/recording_controller_pkg/package.sh'
[6.516s] INFO:colcon.colcon_core.shell:Creating package script '/home/olhamelnyk/colcon_venv/src/install/recording_controller_pkg/share/recording_controller_pkg/package.bash'
[6.519s] INFO:colcon.colcon_core.shell:Creating package script '/home/olhamelnyk/colcon_venv/src/install/recording_controller_pkg/share/recording_controller_pkg/package.zsh'
[6.520s] Level 1:colcon.colcon_core.environment:create_file_with_runtime_dependencies(/home/olhamelnyk/colcon_venv/src/install/recording_controller_pkg/share/colcon-core/packages/recording_controller_pkg)
[6.521s] DEBUG:colcon.colcon_parallel_executor.executor.parallel:closing loop
[6.521s] DEBUG:colcon.colcon_parallel_executor.executor.parallel:loop closed
[6.521s] DEBUG:colcon.colcon_parallel_executor.executor.parallel:run_until_complete finished with '0'
[6.521s] DEBUG:colcon.colcon_core.event_reactor:joining thread
[6.541s] INFO:colcon.colcon_core.plugin_system:Skipping extension 'colcon_notification.desktop_notification.terminal_notifier': Not used on non-Darwin systems
[6.541s] INFO:colcon.colcon_core.plugin_system:Skipping extension 'colcon_notification.desktop_notification.win32': Not used on non-Windows systems
[6.541s] INFO:colcon.colcon_notification.desktop_notification:Sending desktop notification using 'notify2'
[6.541s] DEBUG:colcon.colcon_notification.desktop_notification.notify2:Failed to initialize notify2: org.freedesktop.DBus.Error.AccessDenied: Failed to connect to socket /run/user/1001/bus: Operation not permitted
[6.542s] DEBUG:colcon.colcon_core.event_reactor:joined thread
[6.543s] INFO:colcon.colcon_core.shell:Creating prefix script '/home/olhamelnyk/colcon_venv/src/install/local_setup.ps1'
[6.545s] INFO:colcon.colcon_core.shell:Creating prefix util module '/home/olhamelnyk/colcon_venv/src/install/_local_setup_util_ps1.py'
[6.549s] INFO:colcon.colcon_core.shell:Creating prefix chain script '/home/olhamelnyk/colcon_venv/src/install/setup.ps1'
[6.558s] INFO:colcon.colcon_core.shell:Creating prefix script '/home/olhamelnyk/colcon_venv/src/install/local_setup.sh'
[6.559s] INFO:colcon.colcon_core.shell:Creating prefix util module '/home/olhamelnyk/colcon_venv/src/install/_local_setup_util_sh.py'
[6.561s] INFO:colcon.colcon_core.shell:Creating prefix chain script '/home/olhamelnyk/colcon_venv/src/install/setup.sh'
[6.573s] INFO:colcon.colcon_core.shell:Creating prefix script '/home/olhamelnyk/colcon_venv/src/install/local_setup.bash'
[6.575s] INFO:colcon.colcon_core.shell:Creating prefix chain script '/home/olhamelnyk/colcon_venv/src/install/setup.bash'
[6.584s] INFO:colcon.colcon_core.shell:Creating prefix script '/home/olhamelnyk/colcon_venv/src/install/local_setup.zsh'
[6.585s] INFO:colcon.colcon_core.shell:Creating prefix chain script '/home/olhamelnyk/colcon_venv/src/install/setup.zsh'
