[0.139s] DEBUG:colcon:Command line arguments: ['/usr/bin/colcon', 'build', '--packages-select', 'imu_interface', 'async_pupil_wrapper', '--event-handlers', 'console_direct+']
[0.139s] DEBUG:colcon:Parsed command line arguments: Namespace(log_base=None, log_level=None, verb_name='build', build_base='build', install_base='install', merge_install=False, symlink_install=False, test_result_base=None, continue_on_error=False, executor='parallel', parallel_workers=16, event_handlers=['console_direct+'], ignore_user_meta=False, metas=['./colcon.meta'], base_paths=['.'], packages_ignore=None, packages_ignore_regex=None, paths=None, packages_up_to=None, packages_up_to_regex=None, packages_above=None, packages_above_and_dependencies=None, packages_above_depth=None, packages_select_by_dep=None, packages_skip_by_dep=None, packages_skip_up_to=None, packages_select_build_failed=False, packages_skip_build_finished=False, packages_select_test_failures=False, packages_skip_test_passed=False, packages_select=['imu_interface', 'async_pupil_wrapper'], packages_skip=None, packages_select_regex=None, packages_skip_regex=None, packages_start=None, packages_end=None, allow_overriding=[], cmake_args=None, cmake_target=None, cmake_target_skip_unavailable=False, cmake_clean_cache=False, cmake_clean_first=False, cmake_force_configure=False, ament_cmake_args=None, catkin_cmake_args=None, catkin_skip_building_tests=False, verb_parser=<colcon_defaults.argument_parser.defaults.DefaultArgumentsDecorator object at 0x7b5a3d1cdc40>, verb_extension=<colcon_core.verb.build.BuildVerb object at 0x7b5a3d1cd760>, main=<bound method BuildVerb.main of <colcon_core.verb.build.BuildVerb object at 0x7b5a3d1cd760>>)
[0.200s] Level 1:colcon.colcon_core.package_discovery:discover_packages(colcon_meta) check parameters
[0.200s] Level 1:colcon.colcon_core.package_discovery:discover_packages(recursive) check parameters
[0.200s] Level 1:colcon.colcon_core.package_discovery:discover_packages(ignore) check parameters
[0.200s] Level 1:colcon.colcon_core.package_discovery:discover_packages(path) check parameters
[0.200s] Level 1:colcon.colcon_core.package_discovery:discover_packages(colcon_meta) discover
[0.200s] Level 1:colcon.colcon_core.package_discovery:discover_packages(recursive) discover
[0.200s] INFO:colcon.colcon_core.package_discovery:Crawling recursively for packages in '/home/olhamelnyk/colcon_venv/src'
[0.200s] Level 1:colcon.colcon_core.package_identification:_identify(.) by extensions ['ignore', 'ignore_ament_install']
[0.200s] Level 1:colcon.colcon_core.package_identification:_identify(.) by extension 'ignore'
[0.200s] Level 1:colcon.colcon_core.package_identification:_identify(.) by extension 'ignore_ament_install'
[0.200s] Level 1:colcon.colcon_core.package_identification:_identify(.) by extensions ['colcon_pkg']
[0.200s] Level 1:colcon.colcon_core.package_identification:_identify(.) by extension 'colcon_pkg'
[0.200s] Level 1:colcon.colcon_core.package_identification:_identify(.) by extensions ['colcon_meta']
[0.200s] Level 1:colcon.colcon_core.package_identification:_identify(.) by extension 'colcon_meta'
[0.200s] Level 1:colcon.colcon_core.package_identification:_identify(.) by extensions ['ros']
[0.200s] Level 1:colcon.colcon_core.package_identification:_identify(.) by extension 'ros'
[0.231s] Level 1:colcon.colcon_core.package_identification:_identify(.) by extensions ['cmake', 'python']
[0.231s] Level 1:colcon.colcon_core.package_identification:_identify(.) by extension 'cmake'
[0.231s] Level 1:colcon.colcon_core.package_identification:_identify(.) by extension 'python'
[0.231s] Level 1:colcon.colcon_core.package_identification:_identify(.) by extensions ['python_setup_py']
[0.231s] Level 1:colcon.colcon_core.package_identification:_identify(.) by extension 'python_setup_py'
[0.231s] Level 1:colcon.colcon_core.package_identification:_identify(__pycache__) by extensions ['ignore', 'ignore_ament_install']
[0.231s] Level 1:colcon.colcon_core.package_identification:_identify(__pycache__) by extension 'ignore'
[0.232s] Level 1:colcon.colcon_core.package_identification:_identify(__pycache__) by extension 'ignore_ament_install'
[0.232s] Level 1:colcon.colcon_core.package_identification:_identify(__pycache__) by extensions ['colcon_pkg']
[0.232s] Level 1:colcon.colcon_core.package_identification:_identify(__pycache__) by extension 'colcon_pkg'
[0.232s] Level 1:colcon.colcon_core.package_identification:_identify(__pycache__) by extensions ['colcon_meta']
[0.232s] Level 1:colcon.colcon_core.package_identification:_identify(__pycache__) by extension 'colcon_meta'
[0.232s] Level 1:colcon.colcon_core.package_identification:_identify(__pycache__) by extensions ['ros']
[0.232s] Level 1:colcon.colcon_core.package_identification:_identify(__pycache__) by extension 'ros'
[0.232s] Level 1:colcon.colcon_core.package_identification:_identify(__pycache__) by extensions ['cmake', 'python']
[0.232s] Level 1:colcon.colcon_core.package_identification:_identify(__pycache__) by extension 'cmake'
[0.232s] Level 1:colcon.colcon_core.package_identification:_identify(__pycache__) by extension 'python'
[0.232s] Level 1:colcon.colcon_core.package_identification:_identify(__pycache__) by extensions ['python_setup_py']
[0.232s] Level 1:colcon.colcon_core.package_identification:_identify(__pycache__) by extension 'python_setup_py'
[0.232s] Level 1:colcon.colcon_core.package_identification:_identify(apriltagdetection) by extensions ['ignore', 'ignore_ament_install']
[0.232s] Level 1:colcon.colcon_core.package_identification:_identify(apriltagdetection) by extension 'ignore'
[0.232s] Level 1:colcon.colcon_core.package_identification:_identify(apriltagdetection) by extension 'ignore_ament_install'
[0.232s] Level 1:colcon.colcon_core.package_identification:_identify(apriltagdetection) by extensions ['colcon_pkg']
[0.232s] Level 1:colcon.colcon_core.package_identification:_identify(apriltagdetection) by extension 'colcon_pkg'
[0.233s] Level 1:colcon.colcon_core.package_identification:_identify(apriltagdetection) by extensions ['colcon_meta']
[0.233s] Level 1:colcon.colcon_core.package_identification:_identify(apriltagdetection) by extension 'colcon_meta'
[0.233s] Level 1:colcon.colcon_core.package_identification:_identify(apriltagdetection) by extensions ['ros']
[0.233s] Level 1:colcon.colcon_core.package_identification:_identify(apriltagdetection) by extension 'ros'
[0.235s] DEBUG:colcon.colcon_core.package_identification:Package 'apriltagdetection' with type 'ros.ament_cmake' and name 'apriltagdetection'
[0.235s] Level 1:colcon.colcon_core.package_identification:_identify(async_pupil_wrapper) by extensions ['ignore', 'ignore_ament_install']
[0.235s] Level 1:colcon.colcon_core.package_identification:_identify(async_pupil_wrapper) by extension 'ignore'
[0.235s] Level 1:colcon.colcon_core.package_identification:_identify(async_pupil_wrapper) by extension 'ignore_ament_install'
[0.236s] Level 1:colcon.colcon_core.package_identification:_identify(async_pupil_wrapper) by extensions ['colcon_pkg']
[0.236s] Level 1:colcon.colcon_core.package_identification:_identify(async_pupil_wrapper) by extension 'colcon_pkg'
[0.236s] Level 1:colcon.colcon_core.package_identification:_identify(async_pupil_wrapper) by extensions ['colcon_meta']
[0.236s] Level 1:colcon.colcon_core.package_identification:_identify(async_pupil_wrapper) by extension 'colcon_meta'
[0.236s] Level 1:colcon.colcon_core.package_identification:_identify(async_pupil_wrapper) by extensions ['ros']
[0.236s] Level 1:colcon.colcon_core.package_identification:_identify(async_pupil_wrapper) by extension 'ros'
[0.236s] DEBUG:colcon.colcon_core.package_identification:Package 'async_pupil_wrapper' with type 'ros.ament_python' and name 'async_pupil_wrapper'
[0.237s] Level 1:colcon.colcon_core.package_identification:_identify(blink_interface ) by extensions ['ignore', 'ignore_ament_install']
[0.237s] Level 1:colcon.colcon_core.package_identification:_identify(blink_interface ) by extension 'ignore'
[0.237s] Level 1:colcon.colcon_core.package_identification:_identify(blink_interface ) by extension 'ignore_ament_install'
[0.237s] Level 1:colcon.colcon_core.package_identification:_identify(blink_interface ) by extensions ['colcon_pkg']
[0.237s] Level 1:colcon.colcon_core.package_identification:_identify(blink_interface ) by extension 'colcon_pkg'
[0.237s] Level 1:colcon.colcon_core.package_identification:_identify(blink_interface ) by extensions ['colcon_meta']
[0.237s] Level 1:colcon.colcon_core.package_identification:_identify(blink_interface ) by extension 'colcon_meta'
[0.237s] Level 1:colcon.colcon_core.package_identification:_identify(blink_interface ) by extensions ['ros']
[0.237s] Level 1:colcon.colcon_core.package_identification:_identify(blink_interface ) by extension 'ros'
[0.237s] Level 1:colcon.colcon_core.package_identification:_identify(blink_interface ) by extensions ['cmake', 'python']
[0.237s] Level 1:colcon.colcon_core.package_identification:_identify(blink_interface ) by extension 'cmake'
[0.237s] Level 1:colcon.colcon_core.package_identification:_identify(blink_interface ) by extension 'python'
[0.237s] Level 1:colcon.colcon_core.package_identification:_identify(blink_interface ) by extensions ['python_setup_py']
[0.237s] Level 1:colcon.colcon_core.package_identification:_identify(blink_interface ) by extension 'python_setup_py'
[0.237s] Level 1:colcon.colcon_core.package_identification:_identify(blink_interface /blink_interface ) by extensions ['ignore', 'ignore_ament_install']
[0.237s] Level 1:colcon.colcon_core.package_identification:_identify(blink_interface /blink_interface ) by extension 'ignore'
[0.237s] Level 1:colcon.colcon_core.package_identification:_identify(blink_interface /blink_interface ) by extension 'ignore_ament_install'
[0.238s] Level 1:colcon.colcon_core.package_identification:_identify(blink_interface /blink_interface ) by extensions ['colcon_pkg']
[0.238s] Level 1:colcon.colcon_core.package_identification:_identify(blink_interface /blink_interface ) by extension 'colcon_pkg'
[0.238s] Level 1:colcon.colcon_core.package_identification:_identify(blink_interface /blink_interface ) by extensions ['colcon_meta']
[0.238s] Level 1:colcon.colcon_core.package_identification:_identify(blink_interface /blink_interface ) by extension 'colcon_meta'
[0.238s] Level 1:colcon.colcon_core.package_identification:_identify(blink_interface /blink_interface ) by extensions ['ros']
[0.238s] Level 1:colcon.colcon_core.package_identification:_identify(blink_interface /blink_interface ) by extension 'ros'
[0.238s] DEBUG:colcon.colcon_core.package_identification:Package 'blink_interface /blink_interface ' with type 'ros.ament_cmake' and name 'blink_interface'
[0.239s] Level 1:colcon.colcon_core.package_identification:_identify(build) by extensions ['ignore', 'ignore_ament_install']
[0.239s] Level 1:colcon.colcon_core.package_identification:_identify(build) by extension 'ignore'
[0.239s] Level 1:colcon.colcon_core.package_identification:_identify(build) ignored
[0.239s] Level 1:colcon.colcon_core.package_identification:_identify(egocentric_msg) by extensions ['ignore', 'ignore_ament_install']
[0.239s] Level 1:colcon.colcon_core.package_identification:_identify(egocentric_msg) by extension 'ignore'
[0.239s] Level 1:colcon.colcon_core.package_identification:_identify(egocentric_msg) by extension 'ignore_ament_install'
[0.239s] Level 1:colcon.colcon_core.package_identification:_identify(egocentric_msg) by extensions ['colcon_pkg']
[0.239s] Level 1:colcon.colcon_core.package_identification:_identify(egocentric_msg) by extension 'colcon_pkg'
[0.239s] Level 1:colcon.colcon_core.package_identification:_identify(egocentric_msg) by extensions ['colcon_meta']
[0.239s] Level 1:colcon.colcon_core.package_identification:_identify(egocentric_msg) by extension 'colcon_meta'
[0.239s] Level 1:colcon.colcon_core.package_identification:_identify(egocentric_msg) by extensions ['ros']
[0.239s] Level 1:colcon.colcon_core.package_identification:_identify(egocentric_msg) by extension 'ros'
[0.240s] DEBUG:colcon.colcon_core.package_identification:Package 'egocentric_msg' with type 'ros.ament_cmake' and name 'egocentric_msg'
[0.240s] Level 1:colcon.colcon_core.package_identification:_identify(gaze_interface) by extensions ['ignore', 'ignore_ament_install']
[0.240s] Level 1:colcon.colcon_core.package_identification:_identify(gaze_interface) by extension 'ignore'
[0.240s] Level 1:colcon.colcon_core.package_identification:_identify(gaze_interface) by extension 'ignore_ament_install'
[0.240s] Level 1:colcon.colcon_core.package_identification:_identify(gaze_interface) by extensions ['colcon_pkg']
[0.240s] Level 1:colcon.colcon_core.package_identification:_identify(gaze_interface) by extension 'colcon_pkg'
[0.240s] Level 1:colcon.colcon_core.package_identification:_identify(gaze_interface) by extensions ['colcon_meta']
[0.240s] Level 1:colcon.colcon_core.package_identification:_identify(gaze_interface) by extension 'colcon_meta'
[0.240s] Level 1:colcon.colcon_core.package_identification:_identify(gaze_interface) by extensions ['ros']
[0.240s] Level 1:colcon.colcon_core.package_identification:_identify(gaze_interface) by extension 'ros'
[0.241s] DEBUG:colcon.colcon_core.package_identification:Package 'gaze_interface' with type 'ros.ament_cmake' and name 'gaze_interface'
[0.241s] Level 1:colcon.colcon_core.package_identification:_identify(imu_interface) by extensions ['ignore', 'ignore_ament_install']
[0.241s] Level 1:colcon.colcon_core.package_identification:_identify(imu_interface) by extension 'ignore'
[0.241s] Level 1:colcon.colcon_core.package_identification:_identify(imu_interface) by extension 'ignore_ament_install'
[0.241s] Level 1:colcon.colcon_core.package_identification:_identify(imu_interface) by extensions ['colcon_pkg']
[0.241s] Level 1:colcon.colcon_core.package_identification:_identify(imu_interface) by extension 'colcon_pkg'
[0.241s] Level 1:colcon.colcon_core.package_identification:_identify(imu_interface) by extensions ['colcon_meta']
[0.241s] Level 1:colcon.colcon_core.package_identification:_identify(imu_interface) by extension 'colcon_meta'
[0.241s] Level 1:colcon.colcon_core.package_identification:_identify(imu_interface) by extensions ['ros']
[0.241s] Level 1:colcon.colcon_core.package_identification:_identify(imu_interface) by extension 'ros'
[0.242s] DEBUG:colcon.colcon_core.package_identification:Package 'imu_interface' with type 'ros.ament_cmake' and name 'imu_interface'
[0.242s] Level 1:colcon.colcon_core.package_identification:_identify(install) by extensions ['ignore', 'ignore_ament_install']
[0.242s] Level 1:colcon.colcon_core.package_identification:_identify(install) by extension 'ignore'
[0.242s] Level 1:colcon.colcon_core.package_identification:_identify(install) ignored
[0.242s] Level 1:colcon.colcon_core.package_identification:_identify(latency_tools) by extensions ['ignore', 'ignore_ament_install']
[0.243s] Level 1:colcon.colcon_core.package_identification:_identify(latency_tools) by extension 'ignore'
[0.243s] Level 1:colcon.colcon_core.package_identification:_identify(latency_tools) by extension 'ignore_ament_install'
[0.243s] Level 1:colcon.colcon_core.package_identification:_identify(latency_tools) by extensions ['colcon_pkg']
[0.243s] Level 1:colcon.colcon_core.package_identification:_identify(latency_tools) by extension 'colcon_pkg'
[0.243s] Level 1:colcon.colcon_core.package_identification:_identify(latency_tools) by extensions ['colcon_meta']
[0.243s] Level 1:colcon.colcon_core.package_identification:_identify(latency_tools) by extension 'colcon_meta'
[0.243s] Level 1:colcon.colcon_core.package_identification:_identify(latency_tools) by extensions ['ros']
[0.243s] Level 1:colcon.colcon_core.package_identification:_identify(latency_tools) by extension 'ros'
[0.244s] DEBUG:colcon.colcon_core.package_identification:Package 'latency_tools' with type 'ros.ament_python' and name 'latency_tools'
[0.244s] Level 1:colcon.colcon_core.package_identification:_identify(log) by extensions ['ignore', 'ignore_ament_install']
[0.244s] Level 1:colcon.colcon_core.package_identification:_identify(log) by extension 'ignore'
[0.244s] Level 1:colcon.colcon_core.package_identification:_identify(log) ignored
[0.244s] Level 1:colcon.colcon_core.package_identification:_identify(pupil_labs_wrapper) by extensions ['ignore', 'ignore_ament_install']
[0.244s] Level 1:colcon.colcon_core.package_identification:_identify(pupil_labs_wrapper) by extension 'ignore'
[0.244s] Level 1:colcon.colcon_core.package_identification:_identify(pupil_labs_wrapper) by extension 'ignore_ament_install'
[0.244s] Level 1:colcon.colcon_core.package_identification:_identify(pupil_labs_wrapper) by extensions ['colcon_pkg']
[0.244s] Level 1:colcon.colcon_core.package_identification:_identify(pupil_labs_wrapper) by extension 'colcon_pkg'
[0.244s] Level 1:colcon.colcon_core.package_identification:_identify(pupil_labs_wrapper) by extensions ['colcon_meta']
[0.244s] Level 1:colcon.colcon_core.package_identification:_identify(pupil_labs_wrapper) by extension 'colcon_meta'
[0.244s] Level 1:colcon.colcon_core.package_identification:_identify(pupil_labs_wrapper) by extensions ['ros']
[0.244s] Level 1:colcon.colcon_core.package_identification:_identify(pupil_labs_wrapper) by extension 'ros'
[0.245s] DEBUG:colcon.colcon_core.package_identification:Package 'pupil_labs_wrapper' with type 'ros.ament_python' and name 'pupil_labs_wrapper'
[0.245s] Level 1:colcon.colcon_core.package_identification:_identify(recording_controller_pkg) by extensions ['ignore', 'ignore_ament_install']
[0.245s] Level 1:colcon.colcon_core.package_identification:_identify(recording_controller_pkg) by extension 'ignore'
[0.245s] Level 1:colcon.colcon_core.package_identification:_identify(recording_controller_pkg) by extension 'ignore_ament_install'
[0.245s] Level 1:colcon.colcon_core.package_identification:_identify(recording_controller_pkg) by extensions ['colcon_pkg']
[0.245s] Level 1:colcon.colcon_core.package_identification:_identify(recording_controller_pkg) by extension 'colcon_pkg'
[0.245s] Level 1:colcon.colcon_core.package_identification:_identify(recording_controller_pkg) by extensions ['colcon_meta']
[0.245s] Level 1:colcon.colcon_core.package_identification:_identify(recording_controller_pkg) by extension 'colcon_meta'
[0.245s] Level 1:colcon.colcon_core.package_identification:_identify(recording_controller_pkg) by extensions ['ros']
[0.245s] Level 1:colcon.colcon_core.package_identification:_identify(recording_controller_pkg) by extension 'ros'
[0.246s] DEBUG:colcon.colcon_core.package_identification:Package 'recording_controller_pkg' with type 'ros.ament_python' and name 'recording_controller_pkg'
[0.246s] Level 1:colcon.colcon_core.package_identification:_identify(recording_gaze) by extensions ['ignore', 'ignore_ament_install']
[0.246s] Level 1:colcon.colcon_core.package_identification:_identify(recording_gaze) by extension 'ignore'
[0.246s] Level 1:colcon.colcon_core.package_identification:_identify(recording_gaze) by extension 'ignore_ament_install'
[0.246s] Level 1:colcon.colcon_core.package_identification:_identify(recording_gaze) by extensions ['colcon_pkg']
[0.247s] Level 1:colcon.colcon_core.package_identification:_identify(recording_gaze) by extension 'colcon_pkg'
[0.247s] Level 1:colcon.colcon_core.package_identification:_identify(recording_gaze) by extensions ['colcon_meta']
[0.247s] Level 1:colcon.colcon_core.package_identification:_identify(recording_gaze) by extension 'colcon_meta'
[0.247s] Level 1:colcon.colcon_core.package_identification:_identify(recording_gaze) by extensions ['ros']
[0.247s] Level 1:colcon.colcon_core.package_identification:_identify(recording_gaze) by extension 'ros'
[0.247s] DEBUG:colcon.colcon_core.package_identification:Package 'recording_gaze' with type 'ros.ament_python' and name 'recording_gaze'
[0.248s] Level 1:colcon.colcon_core.package_identification:_identify(recording_scene) by extensions ['ignore', 'ignore_ament_install']
[0.248s] Level 1:colcon.colcon_core.package_identification:_identify(recording_scene) by extension 'ignore'
[0.248s] Level 1:colcon.colcon_core.package_identification:_identify(recording_scene) by extension 'ignore_ament_install'
[0.248s] Level 1:colcon.colcon_core.package_identification:_identify(recording_scene) by extensions ['colcon_pkg']
[0.248s] Level 1:colcon.colcon_core.package_identification:_identify(recording_scene) by extension 'colcon_pkg'
[0.248s] Level 1:colcon.colcon_core.package_identification:_identify(recording_scene) by extensions ['colcon_meta']
[0.248s] Level 1:colcon.colcon_core.package_identification:_identify(recording_scene) by extension 'colcon_meta'
[0.248s] Level 1:colcon.colcon_core.package_identification:_identify(recording_scene) by extensions ['ros']
[0.248s] Level 1:colcon.colcon_core.package_identification:_identify(recording_scene) by extension 'ros'
[0.249s] DEBUG:colcon.colcon_core.package_identification:Package 'recording_scene' with type 'ros.ament_python' and name 'recording_scene'
[0.249s] Level 1:colcon.colcon_core.package_identification:_identify(recording_zed_depth) by extensions ['ignore', 'ignore_ament_install']
[0.249s] Level 1:colcon.colcon_core.package_identification:_identify(recording_zed_depth) by extension 'ignore'
[0.249s] Level 1:colcon.colcon_core.package_identification:_identify(recording_zed_depth) by extension 'ignore_ament_install'
[0.249s] Level 1:colcon.colcon_core.package_identification:_identify(recording_zed_depth) by extensions ['colcon_pkg']
[0.249s] Level 1:colcon.colcon_core.package_identification:_identify(recording_zed_depth) by extension 'colcon_pkg'
[0.249s] Level 1:colcon.colcon_core.package_identification:_identify(recording_zed_depth) by extensions ['colcon_meta']
[0.249s] Level 1:colcon.colcon_core.package_identification:_identify(recording_zed_depth) by extension 'colcon_meta'
[0.249s] Level 1:colcon.colcon_core.package_identification:_identify(recording_zed_depth) by extensions ['ros']
[0.249s] Level 1:colcon.colcon_core.package_identification:_identify(recording_zed_depth) by extension 'ros'
[0.250s] DEBUG:colcon.colcon_core.package_identification:Package 'recording_zed_depth' with type 'ros.ament_python' and name 'recording_zed_depth'
[0.250s] Level 1:colcon.colcon_core.package_identification:_identify(recording_zed_depth_rgb) by extensions ['ignore', 'ignore_ament_install']
[0.250s] Level 1:colcon.colcon_core.package_identification:_identify(recording_zed_depth_rgb) by extension 'ignore'
[0.250s] Level 1:colcon.colcon_core.package_identification:_identify(recording_zed_depth_rgb) by extension 'ignore_ament_install'
[0.250s] Level 1:colcon.colcon_core.package_identification:_identify(recording_zed_depth_rgb) by extensions ['colcon_pkg']
[0.250s] Level 1:colcon.colcon_core.package_identification:_identify(recording_zed_depth_rgb) by extension 'colcon_pkg'
[0.250s] Level 1:colcon.colcon_core.package_identification:_identify(recording_zed_depth_rgb) by extensions ['colcon_meta']
[0.250s] Level 1:colcon.colcon_core.package_identification:_identify(recording_zed_depth_rgb) by extension 'colcon_meta'
[0.250s] Level 1:colcon.colcon_core.package_identification:_identify(recording_zed_depth_rgb) by extensions ['ros']
[0.250s] Level 1:colcon.colcon_core.package_identification:_identify(recording_zed_depth_rgb) by extension 'ros'
[0.251s] DEBUG:colcon.colcon_core.package_identification:Package 'recording_zed_depth_rgb' with type 'ros.ament_python' and name 'recording_zed_depth_rgb'
[0.251s] Level 1:colcon.colcon_core.package_identification:_identify(recording_zed_rgb) by extensions ['ignore', 'ignore_ament_install']
[0.251s] Level 1:colcon.colcon_core.package_identification:_identify(recording_zed_rgb) by extension 'ignore'
[0.251s] Level 1:colcon.colcon_core.package_identification:_identify(recording_zed_rgb) by extension 'ignore_ament_install'
[0.251s] Level 1:colcon.colcon_core.package_identification:_identify(recording_zed_rgb) by extensions ['colcon_pkg']
[0.252s] Level 1:colcon.colcon_core.package_identification:_identify(recording_zed_rgb) by extension 'colcon_pkg'
[0.252s] Level 1:colcon.colcon_core.package_identification:_identify(recording_zed_rgb) by extensions ['colcon_meta']
[0.252s] Level 1:colcon.colcon_core.package_identification:_identify(recording_zed_rgb) by extension 'colcon_meta'
[0.252s] Level 1:colcon.colcon_core.package_identification:_identify(recording_zed_rgb) by extensions ['ros']
[0.252s] Level 1:colcon.colcon_core.package_identification:_identify(recording_zed_rgb) by extension 'ros'
[0.253s] DEBUG:colcon.colcon_core.package_identification:Package 'recording_zed_rgb' with type 'ros.ament_python' and name 'recording_zed_rgb'
[0.253s] Level 1:colcon.colcon_core.package_identification:_identify(testing_realtime_api) by extensions ['ignore', 'ignore_ament_install']
[0.253s] Level 1:colcon.colcon_core.package_identification:_identify(testing_realtime_api) by extension 'ignore'
[0.253s] Level 1:colcon.colcon_core.package_identification:_identify(testing_realtime_api) by extension 'ignore_ament_install'
[0.253s] Level 1:colcon.colcon_core.package_identification:_identify(testing_realtime_api) by extensions ['colcon_pkg']
[0.253s] Level 1:colcon.colcon_core.package_identification:_identify(testing_realtime_api) by extension 'colcon_pkg'
[0.253s] Level 1:colcon.colcon_core.package_identification:_identify(testing_realtime_api) by extensions ['colcon_meta']
[0.253s] Level 1:colcon.colcon_core.package_identification:_identify(testing_realtime_api) by extension 'colcon_meta'
[0.253s] Level 1:colcon.colcon_core.package_identification:_identify(testing_realtime_api) by extensions ['ros']
[0.253s] Level 1:colcon.colcon_core.package_identification:_identify(testing_realtime_api) by extension 'ros'
[0.253s] Level 1:colcon.colcon_core.package_identification:_identify(testing_realtime_api) by extensions ['cmake', 'python']
[0.253s] Level 1:colcon.colcon_core.package_identification:_identify(testing_realtime_api) by extension 'cmake'
[0.253s] Level 1:colcon.colcon_core.package_identification:_identify(testing_realtime_api) by extension 'python'
[0.253s] Level 1:colcon.colcon_core.package_identification:_identify(testing_realtime_api) by extensions ['python_setup_py']
[0.253s] Level 1:colcon.colcon_core.package_identification:_identify(testing_realtime_api) by extension 'python_setup_py'
[0.253s] Level 1:colcon.colcon_core.package_identification:_identify(testing_realtime_api/ ) by extensions ['ignore', 'ignore_ament_install']
[0.253s] Level 1:colcon.colcon_core.package_identification:_identify(testing_realtime_api/ ) by extension 'ignore'
[0.254s] Level 1:colcon.colcon_core.package_identification:_identify(testing_realtime_api/ ) by extension 'ignore_ament_install'
[0.254s] Level 1:colcon.colcon_core.package_identification:_identify(testing_realtime_api/ ) by extensions ['colcon_pkg']
[0.254s] Level 1:colcon.colcon_core.package_identification:_identify(testing_realtime_api/ ) by extension 'colcon_pkg'
[0.254s] Level 1:colcon.colcon_core.package_identification:_identify(testing_realtime_api/ ) by extensions ['colcon_meta']
[0.254s] Level 1:colcon.colcon_core.package_identification:_identify(testing_realtime_api/ ) by extension 'colcon_meta'
[0.254s] Level 1:colcon.colcon_core.package_identification:_identify(testing_realtime_api/ ) by extensions ['ros']
[0.254s] Level 1:colcon.colcon_core.package_identification:_identify(testing_realtime_api/ ) by extension 'ros'
[0.254s] Level 1:colcon.colcon_core.package_identification:_identify(testing_realtime_api/ ) by extensions ['cmake', 'python']
[0.254s] Level 1:colcon.colcon_core.package_identification:_identify(testing_realtime_api/ ) by extension 'cmake'
[0.254s] Level 1:colcon.colcon_core.package_identification:_identify(testing_realtime_api/ ) by extension 'python'
[0.254s] Level 1:colcon.colcon_core.package_identification:_identify(testing_realtime_api/ ) by extensions ['python_setup_py']
[0.254s] Level 1:colcon.colcon_core.package_identification:_identify(testing_realtime_api/ ) by extension 'python_setup_py'
[0.254s] Level 1:colcon.colcon_core.package_identification:_identify(testing_realtime_api/ /home) by extensions ['ignore', 'ignore_ament_install']
[0.254s] Level 1:colcon.colcon_core.package_identification:_identify(testing_realtime_api/ /home) by extension 'ignore'
[0.254s] Level 1:colcon.colcon_core.package_identification:_identify(testing_realtime_api/ /home) by extension 'ignore_ament_install'
[0.254s] Level 1:colcon.colcon_core.package_identification:_identify(testing_realtime_api/ /home) by extensions ['colcon_pkg']
[0.254s] Level 1:colcon.colcon_core.package_identification:_identify(testing_realtime_api/ /home) by extension 'colcon_pkg'
[0.254s] Level 1:colcon.colcon_core.package_identification:_identify(testing_realtime_api/ /home) by extensions ['colcon_meta']
[0.255s] Level 1:colcon.colcon_core.package_identification:_identify(testing_realtime_api/ /home) by extension 'colcon_meta'
[0.255s] Level 1:colcon.colcon_core.package_identification:_identify(testing_realtime_api/ /home) by extensions ['ros']
[0.255s] Level 1:colcon.colcon_core.package_identification:_identify(testing_realtime_api/ /home) by extension 'ros'
[0.255s] Level 1:colcon.colcon_core.package_identification:_identify(testing_realtime_api/ /home) by extensions ['cmake', 'python']
[0.255s] Level 1:colcon.colcon_core.package_identification:_identify(testing_realtime_api/ /home) by extension 'cmake'
[0.255s] Level 1:colcon.colcon_core.package_identification:_identify(testing_realtime_api/ /home) by extension 'python'
[0.255s] Level 1:colcon.colcon_core.package_identification:_identify(testing_realtime_api/ /home) by extensions ['python_setup_py']
[0.255s] Level 1:colcon.colcon_core.package_identification:_identify(testing_realtime_api/ /home) by extension 'python_setup_py'
[0.255s] Level 1:colcon.colcon_core.package_identification:_identify(testing_realtime_api/ /home/olhamelnyk) by extensions ['ignore', 'ignore_ament_install']
[0.255s] Level 1:colcon.colcon_core.package_identification:_identify(testing_realtime_api/ /home/olhamelnyk) by extension 'ignore'
[0.255s] Level 1:colcon.colcon_core.package_identification:_identify(testing_realtime_api/ /home/olhamelnyk) by extension 'ignore_ament_install'
[0.255s] Level 1:colcon.colcon_core.package_identification:_identify(testing_realtime_api/ /home/olhamelnyk) by extensions ['colcon_pkg']
[0.255s] Level 1:colcon.colcon_core.package_identification:_identify(testing_realtime_api/ /home/olhamelnyk) by extension 'colcon_pkg'
[0.255s] Level 1:colcon.colcon_core.package_identification:_identify(testing_realtime_api/ /home/olhamelnyk) by extensions ['colcon_meta']
[0.255s] Level 1:colcon.colcon_core.package_identification:_identify(testing_realtime_api/ /home/olhamelnyk) by extension 'colcon_meta'
[0.255s] Level 1:colcon.colcon_core.package_identification:_identify(testing_realtime_api/ /home/olhamelnyk) by extensions ['ros']
[0.255s] Level 1:colcon.colcon_core.package_identification:_identify(testing_realtime_api/ /home/olhamelnyk) by extension 'ros'
[0.255s] Level 1:colcon.colcon_core.package_identification:_identify(testing_realtime_api/ /home/olhamelnyk) by extensions ['cmake', 'python']
[0.256s] Level 1:colcon.colcon_core.package_identification:_identify(testing_realtime_api/ /home/olhamelnyk) by extension 'cmake'
[0.256s] Level 1:colcon.colcon_core.package_identification:_identify(testing_realtime_api/ /home/olhamelnyk) by extension 'python'
[0.256s] Level 1:colcon.colcon_core.package_identification:_identify(testing_realtime_api/ /home/olhamelnyk) by extensions ['python_setup_py']
[0.256s] Level 1:colcon.colcon_core.package_identification:_identify(testing_realtime_api/ /home/olhamelnyk) by extension 'python_setup_py'
[0.256s] Level 1:colcon.colcon_core.package_identification:_identify(testing_realtime_api/ /home/olhamelnyk/colcon_venv) by extensions ['ignore', 'ignore_ament_install']
[0.256s] Level 1:colcon.colcon_core.package_identification:_identify(testing_realtime_api/ /home/olhamelnyk/colcon_venv) by extension 'ignore'
[0.256s] Level 1:colcon.colcon_core.package_identification:_identify(testing_realtime_api/ /home/olhamelnyk/colcon_venv) by extension 'ignore_ament_install'
[0.256s] Level 1:colcon.colcon_core.package_identification:_identify(testing_realtime_api/ /home/olhamelnyk/colcon_venv) by extensions ['colcon_pkg']
[0.256s] Level 1:colcon.colcon_core.package_identification:_identify(testing_realtime_api/ /home/olhamelnyk/colcon_venv) by extension 'colcon_pkg'
[0.256s] Level 1:colcon.colcon_core.package_identification:_identify(testing_realtime_api/ /home/olhamelnyk/colcon_venv) by extensions ['colcon_meta']
[0.256s] Level 1:colcon.colcon_core.package_identification:_identify(testing_realtime_api/ /home/olhamelnyk/colcon_venv) by extension 'colcon_meta'
[0.256s] Level 1:colcon.colcon_core.package_identification:_identify(testing_realtime_api/ /home/olhamelnyk/colcon_venv) by extensions ['ros']
[0.256s] Level 1:colcon.colcon_core.package_identification:_identify(testing_realtime_api/ /home/olhamelnyk/colcon_venv) by extension 'ros'
[0.256s] Level 1:colcon.colcon_core.package_identification:_identify(testing_realtime_api/ /home/olhamelnyk/colcon_venv) by extensions ['cmake', 'python']
[0.256s] Level 1:colcon.colcon_core.package_identification:_identify(testing_realtime_api/ /home/olhamelnyk/colcon_venv) by extension 'cmake'
[0.256s] Level 1:colcon.colcon_core.package_identification:_identify(testing_realtime_api/ /home/olhamelnyk/colcon_venv) by extension 'python'
[0.256s] Level 1:colcon.colcon_core.package_identification:_identify(testing_realtime_api/ /home/olhamelnyk/colcon_venv) by extensions ['python_setup_py']
[0.256s] Level 1:colcon.colcon_core.package_identification:_identify(testing_realtime_api/ /home/olhamelnyk/colcon_venv) by extension 'python_setup_py'
[0.257s] Level 1:colcon.colcon_core.package_identification:_identify(testing_realtime_api/ /home/olhamelnyk/colcon_venv/recordings) by extensions ['ignore', 'ignore_ament_install']
[0.257s] Level 1:colcon.colcon_core.package_identification:_identify(testing_realtime_api/ /home/olhamelnyk/colcon_venv/recordings) by extension 'ignore'
[0.257s] Level 1:colcon.colcon_core.package_identification:_identify(testing_realtime_api/ /home/olhamelnyk/colcon_venv/recordings) by extension 'ignore_ament_install'
[0.257s] Level 1:colcon.colcon_core.package_identification:_identify(testing_realtime_api/ /home/olhamelnyk/colcon_venv/recordings) by extensions ['colcon_pkg']
[0.257s] Level 1:colcon.colcon_core.package_identification:_identify(testing_realtime_api/ /home/olhamelnyk/colcon_venv/recordings) by extension 'colcon_pkg'
[0.257s] Level 1:colcon.colcon_core.package_identification:_identify(testing_realtime_api/ /home/olhamelnyk/colcon_venv/recordings) by extensions ['colcon_meta']
[0.257s] Level 1:colcon.colcon_core.package_identification:_identify(testing_realtime_api/ /home/olhamelnyk/colcon_venv/recordings) by extension 'colcon_meta'
[0.257s] Level 1:colcon.colcon_core.package_identification:_identify(testing_realtime_api/ /home/olhamelnyk/colcon_venv/recordings) by extensions ['ros']
[0.257s] Level 1:colcon.colcon_core.package_identification:_identify(testing_realtime_api/ /home/olhamelnyk/colcon_venv/recordings) by extension 'ros'
[0.257s] Level 1:colcon.colcon_core.package_identification:_identify(testing_realtime_api/ /home/olhamelnyk/colcon_venv/recordings) by extensions ['cmake', 'python']
[0.257s] Level 1:colcon.colcon_core.package_identification:_identify(testing_realtime_api/ /home/olhamelnyk/colcon_venv/recordings) by extension 'cmake'
[0.257s] Level 1:colcon.colcon_core.package_identification:_identify(testing_realtime_api/ /home/olhamelnyk/colcon_venv/recordings) by extension 'python'
[0.257s] Level 1:colcon.colcon_core.package_identification:_identify(testing_realtime_api/ /home/olhamelnyk/colcon_venv/recordings) by extensions ['python_setup_py']
[0.257s] Level 1:colcon.colcon_core.package_identification:_identify(testing_realtime_api/ /home/olhamelnyk/colcon_venv/recordings) by extension 'python_setup_py'
[0.257s] Level 1:colcon.colcon_core.package_identification:_identify(testing_realtime_api/ /home/olhamelnyk/colcon_venv/recordings/recording_BEFR07_comp) by extensions ['ignore', 'ignore_ament_install']
[0.258s] Level 1:colcon.colcon_core.package_identification:_identify(testing_realtime_api/ /home/olhamelnyk/colcon_venv/recordings/recording_BEFR07_comp) by extension 'ignore'
[0.258s] Level 1:colcon.colcon_core.package_identification:_identify(testing_realtime_api/ /home/olhamelnyk/colcon_venv/recordings/recording_BEFR07_comp) by extension 'ignore_ament_install'
[0.258s] Level 1:colcon.colcon_core.package_identification:_identify(testing_realtime_api/ /home/olhamelnyk/colcon_venv/recordings/recording_BEFR07_comp) by extensions ['colcon_pkg']
[0.258s] Level 1:colcon.colcon_core.package_identification:_identify(testing_realtime_api/ /home/olhamelnyk/colcon_venv/recordings/recording_BEFR07_comp) by extension 'colcon_pkg'
[0.258s] Level 1:colcon.colcon_core.package_identification:_identify(testing_realtime_api/ /home/olhamelnyk/colcon_venv/recordings/recording_BEFR07_comp) by extensions ['colcon_meta']
[0.258s] Level 1:colcon.colcon_core.package_identification:_identify(testing_realtime_api/ /home/olhamelnyk/colcon_venv/recordings/recording_BEFR07_comp) by extension 'colcon_meta'
[0.258s] Level 1:colcon.colcon_core.package_identification:_identify(testing_realtime_api/ /home/olhamelnyk/colcon_venv/recordings/recording_BEFR07_comp) by extensions ['ros']
[0.258s] Level 1:colcon.colcon_core.package_identification:_identify(testing_realtime_api/ /home/olhamelnyk/colcon_venv/recordings/recording_BEFR07_comp) by extension 'ros'
[0.258s] Level 1:colcon.colcon_core.package_identification:_identify(testing_realtime_api/ /home/olhamelnyk/colcon_venv/recordings/recording_BEFR07_comp) by extensions ['cmake', 'python']
[0.258s] Level 1:colcon.colcon_core.package_identification:_identify(testing_realtime_api/ /home/olhamelnyk/colcon_venv/recordings/recording_BEFR07_comp) by extension 'cmake'
[0.258s] Level 1:colcon.colcon_core.package_identification:_identify(testing_realtime_api/ /home/olhamelnyk/colcon_venv/recordings/recording_BEFR07_comp) by extension 'python'
[0.258s] Level 1:colcon.colcon_core.package_identification:_identify(testing_realtime_api/ /home/olhamelnyk/colcon_venv/recordings/recording_BEFR07_comp) by extensions ['python_setup_py']
[0.258s] Level 1:colcon.colcon_core.package_identification:_identify(testing_realtime_api/ /home/olhamelnyk/colcon_venv/recordings/recording_BEFR07_comp) by extension 'python_setup_py'
[0.258s] Level 1:colcon.colcon_core.package_identification:_identify(testing_realtime_api/ /home/olhamelnyk/colcon_venv/recordings/recording_MALU09_comp) by extensions ['ignore', 'ignore_ament_install']
[0.258s] Level 1:colcon.colcon_core.package_identification:_identify(testing_realtime_api/ /home/olhamelnyk/colcon_venv/recordings/recording_MALU09_comp) by extension 'ignore'
[0.259s] Level 1:colcon.colcon_core.package_identification:_identify(testing_realtime_api/ /home/olhamelnyk/colcon_venv/recordings/recording_MALU09_comp) by extension 'ignore_ament_install'
[0.259s] Level 1:colcon.colcon_core.package_identification:_identify(testing_realtime_api/ /home/olhamelnyk/colcon_venv/recordings/recording_MALU09_comp) by extensions ['colcon_pkg']
[0.259s] Level 1:colcon.colcon_core.package_identification:_identify(testing_realtime_api/ /home/olhamelnyk/colcon_venv/recordings/recording_MALU09_comp) by extension 'colcon_pkg'
[0.259s] Level 1:colcon.colcon_core.package_identification:_identify(testing_realtime_api/ /home/olhamelnyk/colcon_venv/recordings/recording_MALU09_comp) by extensions ['colcon_meta']
[0.259s] Level 1:colcon.colcon_core.package_identification:_identify(testing_realtime_api/ /home/olhamelnyk/colcon_venv/recordings/recording_MALU09_comp) by extension 'colcon_meta'
[0.259s] Level 1:colcon.colcon_core.package_identification:_identify(testing_realtime_api/ /home/olhamelnyk/colcon_venv/recordings/recording_MALU09_comp) by extensions ['ros']
[0.259s] Level 1:colcon.colcon_core.package_identification:_identify(testing_realtime_api/ /home/olhamelnyk/colcon_venv/recordings/recording_MALU09_comp) by extension 'ros'
[0.259s] Level 1:colcon.colcon_core.package_identification:_identify(testing_realtime_api/ /home/olhamelnyk/colcon_venv/recordings/recording_MALU09_comp) by extensions ['cmake', 'python']
[0.259s] Level 1:colcon.colcon_core.package_identification:_identify(testing_realtime_api/ /home/olhamelnyk/colcon_venv/recordings/recording_MALU09_comp) by extension 'cmake'
[0.259s] Level 1:colcon.colcon_core.package_identification:_identify(testing_realtime_api/ /home/olhamelnyk/colcon_venv/recordings/recording_MALU09_comp) by extension 'python'
[0.259s] Level 1:colcon.colcon_core.package_identification:_identify(testing_realtime_api/ /home/olhamelnyk/colcon_venv/recordings/recording_MALU09_comp) by extensions ['python_setup_py']
[0.259s] Level 1:colcon.colcon_core.package_identification:_identify(testing_realtime_api/ /home/olhamelnyk/colcon_venv/recordings/recording_MALU09_comp) by extension 'python_setup_py'
[0.259s] Level 1:colcon.colcon_core.package_identification:_identify(testing_realtime_api/ /home/olhamelnyk/colcon_venv/recordings/recording_RAHO11_comp) by extensions ['ignore', 'ignore_ament_install']
[0.259s] Level 1:colcon.colcon_core.package_identification:_identify(testing_realtime_api/ /home/olhamelnyk/colcon_venv/recordings/recording_RAHO11_comp) by extension 'ignore'
[0.259s] Level 1:colcon.colcon_core.package_identification:_identify(testing_realtime_api/ /home/olhamelnyk/colcon_venv/recordings/recording_RAHO11_comp) by extension 'ignore_ament_install'
[0.260s] Level 1:colcon.colcon_core.package_identification:_identify(testing_realtime_api/ /home/olhamelnyk/colcon_venv/recordings/recording_RAHO11_comp) by extensions ['colcon_pkg']
[0.260s] Level 1:colcon.colcon_core.package_identification:_identify(testing_realtime_api/ /home/olhamelnyk/colcon_venv/recordings/recording_RAHO11_comp) by extension 'colcon_pkg'
[0.260s] Level 1:colcon.colcon_core.package_identification:_identify(testing_realtime_api/ /home/olhamelnyk/colcon_venv/recordings/recording_RAHO11_comp) by extensions ['colcon_meta']
[0.260s] Level 1:colcon.colcon_core.package_identification:_identify(testing_realtime_api/ /home/olhamelnyk/colcon_venv/recordings/recording_RAHO11_comp) by extension 'colcon_meta'
[0.260s] Level 1:colcon.colcon_core.package_identification:_identify(testing_realtime_api/ /home/olhamelnyk/colcon_venv/recordings/recording_RAHO11_comp) by extensions ['ros']
[0.260s] Level 1:colcon.colcon_core.package_identification:_identify(testing_realtime_api/ /home/olhamelnyk/colcon_venv/recordings/recording_RAHO11_comp) by extension 'ros'
[0.260s] Level 1:colcon.colcon_core.package_identification:_identify(testing_realtime_api/ /home/olhamelnyk/colcon_venv/recordings/recording_RAHO11_comp) by extensions ['cmake', 'python']
[0.260s] Level 1:colcon.colcon_core.package_identification:_identify(testing_realtime_api/ /home/olhamelnyk/colcon_venv/recordings/recording_RAHO11_comp) by extension 'cmake'
[0.260s] Level 1:colcon.colcon_core.package_identification:_identify(testing_realtime_api/ /home/olhamelnyk/colcon_venv/recordings/recording_RAHO11_comp) by extension 'python'
[0.260s] Level 1:colcon.colcon_core.package_identification:_identify(testing_realtime_api/ /home/olhamelnyk/colcon_venv/recordings/recording_RAHO11_comp) by extensions ['python_setup_py']
[0.260s] Level 1:colcon.colcon_core.package_identification:_identify(testing_realtime_api/ /home/olhamelnyk/colcon_venv/recordings/recording_RAHO11_comp) by extension 'python_setup_py'
[0.260s] Level 1:colcon.colcon_core.package_identification:_identify(testing_realtime_api/ /home/olhamelnyk/colcon_venv/recordings/recording_TETO07_comp) by extensions ['ignore', 'ignore_ament_install']
[0.260s] Level 1:colcon.colcon_core.package_identification:_identify(testing_realtime_api/ /home/olhamelnyk/colcon_venv/recordings/recording_TETO07_comp) by extension 'ignore'
[0.260s] Level 1:colcon.colcon_core.package_identification:_identify(testing_realtime_api/ /home/olhamelnyk/colcon_venv/recordings/recording_TETO07_comp) by extension 'ignore_ament_install'
[0.260s] Level 1:colcon.colcon_core.package_identification:_identify(testing_realtime_api/ /home/olhamelnyk/colcon_venv/recordings/recording_TETO07_comp) by extensions ['colcon_pkg']
[0.260s] Level 1:colcon.colcon_core.package_identification:_identify(testing_realtime_api/ /home/olhamelnyk/colcon_venv/recordings/recording_TETO07_comp) by extension 'colcon_pkg'
[0.260s] Level 1:colcon.colcon_core.package_identification:_identify(testing_realtime_api/ /home/olhamelnyk/colcon_venv/recordings/recording_TETO07_comp) by extensions ['colcon_meta']
[0.261s] Level 1:colcon.colcon_core.package_identification:_identify(testing_realtime_api/ /home/olhamelnyk/colcon_venv/recordings/recording_TETO07_comp) by extension 'colcon_meta'
[0.261s] Level 1:colcon.colcon_core.package_identification:_identify(testing_realtime_api/ /home/olhamelnyk/colcon_venv/recordings/recording_TETO07_comp) by extensions ['ros']
[0.261s] Level 1:colcon.colcon_core.package_identification:_identify(testing_realtime_api/ /home/olhamelnyk/colcon_venv/recordings/recording_TETO07_comp) by extension 'ros'
[0.261s] Level 1:colcon.colcon_core.package_identification:_identify(testing_realtime_api/ /home/olhamelnyk/colcon_venv/recordings/recording_TETO07_comp) by extensions ['cmake', 'python']
[0.261s] Level 1:colcon.colcon_core.package_identification:_identify(testing_realtime_api/ /home/olhamelnyk/colcon_venv/recordings/recording_TETO07_comp) by extension 'cmake'
[0.261s] Level 1:colcon.colcon_core.package_identification:_identify(testing_realtime_api/ /home/olhamelnyk/colcon_venv/recordings/recording_TETO07_comp) by extension 'python'
[0.261s] Level 1:colcon.colcon_core.package_identification:_identify(testing_realtime_api/ /home/olhamelnyk/colcon_venv/recordings/recording_TETO07_comp) by extensions ['python_setup_py']
[0.261s] Level 1:colcon.colcon_core.package_identification:_identify(testing_realtime_api/ /home/olhamelnyk/colcon_venv/recordings/recording_TETO07_comp) by extension 'python_setup_py'
[0.261s] Level 1:colcon.colcon_core.package_identification:_identify(tf_recording) by extensions ['ignore', 'ignore_ament_install']
[0.261s] Level 1:colcon.colcon_core.package_identification:_identify(tf_recording) by extension 'ignore'
[0.261s] Level 1:colcon.colcon_core.package_identification:_identify(tf_recording) by extension 'ignore_ament_install'
[0.261s] Level 1:colcon.colcon_core.package_identification:_identify(tf_recording) by extensions ['colcon_pkg']
[0.261s] Level 1:colcon.colcon_core.package_identification:_identify(tf_recording) by extension 'colcon_pkg'
[0.261s] Level 1:colcon.colcon_core.package_identification:_identify(tf_recording) by extensions ['colcon_meta']
[0.261s] Level 1:colcon.colcon_core.package_identification:_identify(tf_recording) by extension 'colcon_meta'
[0.261s] Level 1:colcon.colcon_core.package_identification:_identify(tf_recording) by extensions ['ros']
[0.261s] Level 1:colcon.colcon_core.package_identification:_identify(tf_recording) by extension 'ros'
[0.262s] DEBUG:colcon.colcon_core.package_identification:Package 'tf_recording' with type 'ros.ament_python' and name 'tf_recording'
[0.262s] Level 1:colcon.colcon_core.package_identification:_identify(zed-ros2-examples) by extensions ['ignore', 'ignore_ament_install']
[0.262s] Level 1:colcon.colcon_core.package_identification:_identify(zed-ros2-examples) by extension 'ignore'
[0.262s] Level 1:colcon.colcon_core.package_identification:_identify(zed-ros2-examples) by extension 'ignore_ament_install'
[0.262s] Level 1:colcon.colcon_core.package_identification:_identify(zed-ros2-examples) by extensions ['colcon_pkg']
[0.262s] Level 1:colcon.colcon_core.package_identification:_identify(zed-ros2-examples) by extension 'colcon_pkg'
[0.262s] Level 1:colcon.colcon_core.package_identification:_identify(zed-ros2-examples) by extensions ['colcon_meta']
[0.262s] Level 1:colcon.colcon_core.package_identification:_identify(zed-ros2-examples) by extension 'colcon_meta'
[0.262s] Level 1:colcon.colcon_core.package_identification:_identify(zed-ros2-examples) by extensions ['ros']
[0.262s] Level 1:colcon.colcon_core.package_identification:_identify(zed-ros2-examples) by extension 'ros'
[0.262s] Level 1:colcon.colcon_core.package_identification:_identify(zed-ros2-examples) by extensions ['cmake', 'python']
[0.263s] Level 1:colcon.colcon_core.package_identification:_identify(zed-ros2-examples) by extension 'cmake'
[0.263s] Level 1:colcon.colcon_core.package_identification:_identify(zed-ros2-examples) by extension 'python'
[0.263s] Level 1:colcon.colcon_core.package_identification:_identify(zed-ros2-examples) by extensions ['python_setup_py']
[0.263s] Level 1:colcon.colcon_core.package_identification:_identify(zed-ros2-examples) by extension 'python_setup_py'
[0.263s] Level 1:colcon.colcon_core.package_identification:_identify(zed-ros2-examples/examples) by extensions ['ignore', 'ignore_ament_install']
[0.263s] Level 1:colcon.colcon_core.package_identification:_identify(zed-ros2-examples/examples) by extension 'ignore'
[0.263s] Level 1:colcon.colcon_core.package_identification:_identify(zed-ros2-examples/examples) by extension 'ignore_ament_install'
[0.263s] Level 1:colcon.colcon_core.package_identification:_identify(zed-ros2-examples/examples) by extensions ['colcon_pkg']
[0.263s] Level 1:colcon.colcon_core.package_identification:_identify(zed-ros2-examples/examples) by extension 'colcon_pkg'
[0.263s] Level 1:colcon.colcon_core.package_identification:_identify(zed-ros2-examples/examples) by extensions ['colcon_meta']
[0.263s] Level 1:colcon.colcon_core.package_identification:_identify(zed-ros2-examples/examples) by extension 'colcon_meta'
[0.263s] Level 1:colcon.colcon_core.package_identification:_identify(zed-ros2-examples/examples) by extensions ['ros']
[0.263s] Level 1:colcon.colcon_core.package_identification:_identify(zed-ros2-examples/examples) by extension 'ros'
[0.263s] Level 1:colcon.colcon_core.package_identification:_identify(zed-ros2-examples/examples) by extensions ['cmake', 'python']
[0.263s] Level 1:colcon.colcon_core.package_identification:_identify(zed-ros2-examples/examples) by extension 'cmake'
[0.263s] Level 1:colcon.colcon_core.package_identification:_identify(zed-ros2-examples/examples) by extension 'python'
[0.263s] Level 1:colcon.colcon_core.package_identification:_identify(zed-ros2-examples/examples) by extensions ['python_setup_py']
[0.263s] Level 1:colcon.colcon_core.package_identification:_identify(zed-ros2-examples/examples) by extension 'python_setup_py'
[0.264s] Level 1:colcon.colcon_core.package_identification:_identify(zed-ros2-examples/examples/zed_aruco_localization) by extensions ['ignore', 'ignore_ament_install']
[0.264s] Level 1:colcon.colcon_core.package_identification:_identify(zed-ros2-examples/examples/zed_aruco_localization) by extension 'ignore'
[0.264s] Level 1:colcon.colcon_core.package_identification:_identify(zed-ros2-examples/examples/zed_aruco_localization) by extension 'ignore_ament_install'
[0.264s] Level 1:colcon.colcon_core.package_identification:_identify(zed-ros2-examples/examples/zed_aruco_localization) by extensions ['colcon_pkg']
[0.264s] Level 1:colcon.colcon_core.package_identification:_identify(zed-ros2-examples/examples/zed_aruco_localization) by extension 'colcon_pkg'
[0.264s] Level 1:colcon.colcon_core.package_identification:_identify(zed-ros2-examples/examples/zed_aruco_localization) by extensions ['colcon_meta']
[0.264s] Level 1:colcon.colcon_core.package_identification:_identify(zed-ros2-examples/examples/zed_aruco_localization) by extension 'colcon_meta'
[0.264s] Level 1:colcon.colcon_core.package_identification:_identify(zed-ros2-examples/examples/zed_aruco_localization) by extensions ['ros']
[0.264s] Level 1:colcon.colcon_core.package_identification:_identify(zed-ros2-examples/examples/zed_aruco_localization) by extension 'ros'
[0.265s] DEBUG:colcon.colcon_core.package_identification:Package 'zed-ros2-examples/examples/zed_aruco_localization' with type 'ros.ament_cmake' and name 'zed_aruco_localization'
[0.265s] Level 1:colcon.colcon_core.package_identification:_identify(zed-ros2-examples/examples/zed_depth_to_laserscan) by extensions ['ignore', 'ignore_ament_install']
[0.265s] Level 1:colcon.colcon_core.package_identification:_identify(zed-ros2-examples/examples/zed_depth_to_laserscan) by extension 'ignore'
[0.265s] Level 1:colcon.colcon_core.package_identification:_identify(zed-ros2-examples/examples/zed_depth_to_laserscan) by extension 'ignore_ament_install'
[0.265s] Level 1:colcon.colcon_core.package_identification:_identify(zed-ros2-examples/examples/zed_depth_to_laserscan) by extensions ['colcon_pkg']
[0.265s] Level 1:colcon.colcon_core.package_identification:_identify(zed-ros2-examples/examples/zed_depth_to_laserscan) by extension 'colcon_pkg'
[0.265s] Level 1:colcon.colcon_core.package_identification:_identify(zed-ros2-examples/examples/zed_depth_to_laserscan) by extensions ['colcon_meta']
[0.265s] Level 1:colcon.colcon_core.package_identification:_identify(zed-ros2-examples/examples/zed_depth_to_laserscan) by extension 'colcon_meta'
[0.265s] Level 1:colcon.colcon_core.package_identification:_identify(zed-ros2-examples/examples/zed_depth_to_laserscan) by extensions ['ros']
[0.265s] Level 1:colcon.colcon_core.package_identification:_identify(zed-ros2-examples/examples/zed_depth_to_laserscan) by extension 'ros'
[0.267s] DEBUG:colcon.colcon_core.package_identification:Package 'zed-ros2-examples/examples/zed_depth_to_laserscan' with type 'ros.ament_cmake' and name 'zed_depth_to_laserscan'
[0.267s] Level 1:colcon.colcon_core.package_identification:_identify(zed-ros2-examples/images) by extensions ['ignore', 'ignore_ament_install']
[0.267s] Level 1:colcon.colcon_core.package_identification:_identify(zed-ros2-examples/images) by extension 'ignore'
[0.267s] Level 1:colcon.colcon_core.package_identification:_identify(zed-ros2-examples/images) by extension 'ignore_ament_install'
[0.267s] Level 1:colcon.colcon_core.package_identification:_identify(zed-ros2-examples/images) by extensions ['colcon_pkg']
[0.267s] Level 1:colcon.colcon_core.package_identification:_identify(zed-ros2-examples/images) by extension 'colcon_pkg'
[0.267s] Level 1:colcon.colcon_core.package_identification:_identify(zed-ros2-examples/images) by extensions ['colcon_meta']
[0.267s] Level 1:colcon.colcon_core.package_identification:_identify(zed-ros2-examples/images) by extension 'colcon_meta'
[0.267s] Level 1:colcon.colcon_core.package_identification:_identify(zed-ros2-examples/images) by extensions ['ros']
[0.267s] Level 1:colcon.colcon_core.package_identification:_identify(zed-ros2-examples/images) by extension 'ros'
[0.267s] Level 1:colcon.colcon_core.package_identification:_identify(zed-ros2-examples/images) by extensions ['cmake', 'python']
[0.267s] Level 1:colcon.colcon_core.package_identification:_identify(zed-ros2-examples/images) by extension 'cmake'
[0.267s] Level 1:colcon.colcon_core.package_identification:_identify(zed-ros2-examples/images) by extension 'python'
[0.267s] Level 1:colcon.colcon_core.package_identification:_identify(zed-ros2-examples/images) by extensions ['python_setup_py']
[0.267s] Level 1:colcon.colcon_core.package_identification:_identify(zed-ros2-examples/images) by extension 'python_setup_py'
[0.267s] Level 1:colcon.colcon_core.package_identification:_identify(zed-ros2-examples/rviz-plugin-zed-od) by extensions ['ignore', 'ignore_ament_install']
[0.268s] Level 1:colcon.colcon_core.package_identification:_identify(zed-ros2-examples/rviz-plugin-zed-od) by extension 'ignore'
[0.268s] Level 1:colcon.colcon_core.package_identification:_identify(zed-ros2-examples/rviz-plugin-zed-od) by extension 'ignore_ament_install'
[0.268s] Level 1:colcon.colcon_core.package_identification:_identify(zed-ros2-examples/rviz-plugin-zed-od) by extensions ['colcon_pkg']
[0.268s] Level 1:colcon.colcon_core.package_identification:_identify(zed-ros2-examples/rviz-plugin-zed-od) by extension 'colcon_pkg'
[0.268s] Level 1:colcon.colcon_core.package_identification:_identify(zed-ros2-examples/rviz-plugin-zed-od) by extensions ['colcon_meta']
[0.268s] Level 1:colcon.colcon_core.package_identification:_identify(zed-ros2-examples/rviz-plugin-zed-od) by extension 'colcon_meta'
[0.268s] Level 1:colcon.colcon_core.package_identification:_identify(zed-ros2-examples/rviz-plugin-zed-od) by extensions ['ros']
[0.268s] Level 1:colcon.colcon_core.package_identification:_identify(zed-ros2-examples/rviz-plugin-zed-od) by extension 'ros'
[0.269s] DEBUG:colcon.colcon_core.package_identification:Package 'zed-ros2-examples/rviz-plugin-zed-od' with type 'ros.ament_cmake' and name 'rviz_plugin_zed_od'
[0.269s] Level 1:colcon.colcon_core.package_identification:_identify(zed-ros2-examples/tools) by extensions ['ignore', 'ignore_ament_install']
[0.269s] Level 1:colcon.colcon_core.package_identification:_identify(zed-ros2-examples/tools) by extension 'ignore'
[0.269s] Level 1:colcon.colcon_core.package_identification:_identify(zed-ros2-examples/tools) by extension 'ignore_ament_install'
[0.269s] Level 1:colcon.colcon_core.package_identification:_identify(zed-ros2-examples/tools) by extensions ['colcon_pkg']
[0.269s] Level 1:colcon.colcon_core.package_identification:_identify(zed-ros2-examples/tools) by extension 'colcon_pkg'
[0.269s] Level 1:colcon.colcon_core.package_identification:_identify(zed-ros2-examples/tools) by extensions ['colcon_meta']
[0.269s] Level 1:colcon.colcon_core.package_identification:_identify(zed-ros2-examples/tools) by extension 'colcon_meta'
[0.269s] Level 1:colcon.colcon_core.package_identification:_identify(zed-ros2-examples/tools) by extensions ['ros']
[0.269s] Level 1:colcon.colcon_core.package_identification:_identify(zed-ros2-examples/tools) by extension 'ros'
[0.269s] Level 1:colcon.colcon_core.package_identification:_identify(zed-ros2-examples/tools) by extensions ['cmake', 'python']
[0.269s] Level 1:colcon.colcon_core.package_identification:_identify(zed-ros2-examples/tools) by extension 'cmake'
[0.269s] Level 1:colcon.colcon_core.package_identification:_identify(zed-ros2-examples/tools) by extension 'python'
[0.269s] Level 1:colcon.colcon_core.package_identification:_identify(zed-ros2-examples/tools) by extensions ['python_setup_py']
[0.269s] Level 1:colcon.colcon_core.package_identification:_identify(zed-ros2-examples/tools) by extension 'python_setup_py'
[0.269s] Level 1:colcon.colcon_core.package_identification:_identify(zed-ros2-examples/tools/zed_benchmark) by extensions ['ignore', 'ignore_ament_install']
[0.270s] Level 1:colcon.colcon_core.package_identification:_identify(zed-ros2-examples/tools/zed_benchmark) by extension 'ignore'
[0.270s] Level 1:colcon.colcon_core.package_identification:_identify(zed-ros2-examples/tools/zed_benchmark) by extension 'ignore_ament_install'
[0.270s] Level 1:colcon.colcon_core.package_identification:_identify(zed-ros2-examples/tools/zed_benchmark) by extensions ['colcon_pkg']
[0.270s] Level 1:colcon.colcon_core.package_identification:_identify(zed-ros2-examples/tools/zed_benchmark) by extension 'colcon_pkg'
[0.270s] Level 1:colcon.colcon_core.package_identification:_identify(zed-ros2-examples/tools/zed_benchmark) by extensions ['colcon_meta']
[0.270s] Level 1:colcon.colcon_core.package_identification:_identify(zed-ros2-examples/tools/zed_benchmark) by extension 'colcon_meta'
[0.270s] Level 1:colcon.colcon_core.package_identification:_identify(zed-ros2-examples/tools/zed_benchmark) by extensions ['ros']
[0.270s] Level 1:colcon.colcon_core.package_identification:_identify(zed-ros2-examples/tools/zed_benchmark) by extension 'ros'
[0.271s] DEBUG:colcon.colcon_core.package_identification:Package 'zed-ros2-examples/tools/zed_benchmark' with type 'ros.ament_cmake' and name 'zed_topic_benchmark'
[0.271s] Level 1:colcon.colcon_core.package_identification:_identify(zed-ros2-examples/tools/zed_benchmark_component) by extensions ['ignore', 'ignore_ament_install']
[0.271s] Level 1:colcon.colcon_core.package_identification:_identify(zed-ros2-examples/tools/zed_benchmark_component) by extension 'ignore'
[0.271s] Level 1:colcon.colcon_core.package_identification:_identify(zed-ros2-examples/tools/zed_benchmark_component) by extension 'ignore_ament_install'
[0.271s] Level 1:colcon.colcon_core.package_identification:_identify(zed-ros2-examples/tools/zed_benchmark_component) by extensions ['colcon_pkg']
[0.271s] Level 1:colcon.colcon_core.package_identification:_identify(zed-ros2-examples/tools/zed_benchmark_component) by extension 'colcon_pkg'
[0.271s] Level 1:colcon.colcon_core.package_identification:_identify(zed-ros2-examples/tools/zed_benchmark_component) by extensions ['colcon_meta']
[0.271s] Level 1:colcon.colcon_core.package_identification:_identify(zed-ros2-examples/tools/zed_benchmark_component) by extension 'colcon_meta'
[0.271s] Level 1:colcon.colcon_core.package_identification:_identify(zed-ros2-examples/tools/zed_benchmark_component) by extensions ['ros']
[0.271s] Level 1:colcon.colcon_core.package_identification:_identify(zed-ros2-examples/tools/zed_benchmark_component) by extension 'ros'
[0.272s] DEBUG:colcon.colcon_core.package_identification:Package 'zed-ros2-examples/tools/zed_benchmark_component' with type 'ros.ament_cmake' and name 'zed_topic_benchmark_component'
[0.272s] Level 1:colcon.colcon_core.package_identification:_identify(zed-ros2-examples/tools/zed_benchmark_interfaces) by extensions ['ignore', 'ignore_ament_install']
[0.272s] Level 1:colcon.colcon_core.package_identification:_identify(zed-ros2-examples/tools/zed_benchmark_interfaces) by extension 'ignore'
[0.272s] Level 1:colcon.colcon_core.package_identification:_identify(zed-ros2-examples/tools/zed_benchmark_interfaces) by extension 'ignore_ament_install'
[0.272s] Level 1:colcon.colcon_core.package_identification:_identify(zed-ros2-examples/tools/zed_benchmark_interfaces) by extensions ['colcon_pkg']
[0.272s] Level 1:colcon.colcon_core.package_identification:_identify(zed-ros2-examples/tools/zed_benchmark_interfaces) by extension 'colcon_pkg'
[0.272s] Level 1:colcon.colcon_core.package_identification:_identify(zed-ros2-examples/tools/zed_benchmark_interfaces) by extensions ['colcon_meta']
[0.272s] Level 1:colcon.colcon_core.package_identification:_identify(zed-ros2-examples/tools/zed_benchmark_interfaces) by extension 'colcon_meta'
[0.272s] Level 1:colcon.colcon_core.package_identification:_identify(zed-ros2-examples/tools/zed_benchmark_interfaces) by extensions ['ros']
[0.272s] Level 1:colcon.colcon_core.package_identification:_identify(zed-ros2-examples/tools/zed_benchmark_interfaces) by extension 'ros'
[0.273s] DEBUG:colcon.colcon_core.package_identification:Package 'zed-ros2-examples/tools/zed_benchmark_interfaces' with type 'ros.ament_cmake' and name 'zed_topic_benchmark_interfaces'
[0.273s] Level 1:colcon.colcon_core.package_identification:_identify(zed-ros2-examples/tutorials) by extensions ['ignore', 'ignore_ament_install']
[0.273s] Level 1:colcon.colcon_core.package_identification:_identify(zed-ros2-examples/tutorials) by extension 'ignore'
[0.273s] Level 1:colcon.colcon_core.package_identification:_identify(zed-ros2-examples/tutorials) by extension 'ignore_ament_install'
[0.273s] Level 1:colcon.colcon_core.package_identification:_identify(zed-ros2-examples/tutorials) by extensions ['colcon_pkg']
[0.273s] Level 1:colcon.colcon_core.package_identification:_identify(zed-ros2-examples/tutorials) by extension 'colcon_pkg'
[0.273s] Level 1:colcon.colcon_core.package_identification:_identify(zed-ros2-examples/tutorials) by extensions ['colcon_meta']
[0.273s] Level 1:colcon.colcon_core.package_identification:_identify(zed-ros2-examples/tutorials) by extension 'colcon_meta'
[0.273s] Level 1:colcon.colcon_core.package_identification:_identify(zed-ros2-examples/tutorials) by extensions ['ros']
[0.273s] Level 1:colcon.colcon_core.package_identification:_identify(zed-ros2-examples/tutorials) by extension 'ros'
[0.274s] Level 1:colcon.colcon_core.package_identification:_identify(zed-ros2-examples/tutorials) by extensions ['cmake', 'python']
[0.274s] Level 1:colcon.colcon_core.package_identification:_identify(zed-ros2-examples/tutorials) by extension 'cmake'
[0.274s] Level 1:colcon.colcon_core.package_identification:_identify(zed-ros2-examples/tutorials) by extension 'python'
[0.274s] Level 1:colcon.colcon_core.package_identification:_identify(zed-ros2-examples/tutorials) by extensions ['python_setup_py']
[0.274s] Level 1:colcon.colcon_core.package_identification:_identify(zed-ros2-examples/tutorials) by extension 'python_setup_py'
[0.274s] Level 1:colcon.colcon_core.package_identification:_identify(zed-ros2-examples/tutorials/zed_depth_tutorial) by extensions ['ignore', 'ignore_ament_install']
[0.274s] Level 1:colcon.colcon_core.package_identification:_identify(zed-ros2-examples/tutorials/zed_depth_tutorial) by extension 'ignore'
[0.274s] Level 1:colcon.colcon_core.package_identification:_identify(zed-ros2-examples/tutorials/zed_depth_tutorial) by extension 'ignore_ament_install'
[0.274s] Level 1:colcon.colcon_core.package_identification:_identify(zed-ros2-examples/tutorials/zed_depth_tutorial) by extensions ['colcon_pkg']
[0.274s] Level 1:colcon.colcon_core.package_identification:_identify(zed-ros2-examples/tutorials/zed_depth_tutorial) by extension 'colcon_pkg'
[0.274s] Level 1:colcon.colcon_core.package_identification:_identify(zed-ros2-examples/tutorials/zed_depth_tutorial) by extensions ['colcon_meta']
[0.274s] Level 1:colcon.colcon_core.package_identification:_identify(zed-ros2-examples/tutorials/zed_depth_tutorial) by extension 'colcon_meta'
[0.274s] Level 1:colcon.colcon_core.package_identification:_identify(zed-ros2-examples/tutorials/zed_depth_tutorial) by extensions ['ros']
[0.274s] Level 1:colcon.colcon_core.package_identification:_identify(zed-ros2-examples/tutorials/zed_depth_tutorial) by extension 'ros'
[0.275s] DEBUG:colcon.colcon_core.package_identification:Package 'zed-ros2-examples/tutorials/zed_depth_tutorial' with type 'ros.ament_cmake' and name 'zed_tutorial_depth'
[0.275s] Level 1:colcon.colcon_core.package_identification:_identify(zed-ros2-examples/tutorials/zed_ipc) by extensions ['ignore', 'ignore_ament_install']
[0.275s] Level 1:colcon.colcon_core.package_identification:_identify(zed-ros2-examples/tutorials/zed_ipc) by extension 'ignore'
[0.275s] Level 1:colcon.colcon_core.package_identification:_identify(zed-ros2-examples/tutorials/zed_ipc) by extension 'ignore_ament_install'
[0.275s] Level 1:colcon.colcon_core.package_identification:_identify(zed-ros2-examples/tutorials/zed_ipc) by extensions ['colcon_pkg']
[0.275s] Level 1:colcon.colcon_core.package_identification:_identify(zed-ros2-examples/tutorials/zed_ipc) by extension 'colcon_pkg'
[0.275s] Level 1:colcon.colcon_core.package_identification:_identify(zed-ros2-examples/tutorials/zed_ipc) by extensions ['colcon_meta']
[0.275s] Level 1:colcon.colcon_core.package_identification:_identify(zed-ros2-examples/tutorials/zed_ipc) by extension 'colcon_meta'
[0.275s] Level 1:colcon.colcon_core.package_identification:_identify(zed-ros2-examples/tutorials/zed_ipc) by extensions ['ros']
[0.275s] Level 1:colcon.colcon_core.package_identification:_identify(zed-ros2-examples/tutorials/zed_ipc) by extension 'ros'
[0.276s] DEBUG:colcon.colcon_core.package_identification:Package 'zed-ros2-examples/tutorials/zed_ipc' with type 'ros.ament_cmake' and name 'zed_ipc'
[0.276s] Level 1:colcon.colcon_core.package_identification:_identify(zed-ros2-examples/tutorials/zed_multi_camera) by extensions ['ignore', 'ignore_ament_install']
[0.277s] Level 1:colcon.colcon_core.package_identification:_identify(zed-ros2-examples/tutorials/zed_multi_camera) by extension 'ignore'
[0.277s] Level 1:colcon.colcon_core.package_identification:_identify(zed-ros2-examples/tutorials/zed_multi_camera) by extension 'ignore_ament_install'
[0.277s] Level 1:colcon.colcon_core.package_identification:_identify(zed-ros2-examples/tutorials/zed_multi_camera) by extensions ['colcon_pkg']
[0.277s] Level 1:colcon.colcon_core.package_identification:_identify(zed-ros2-examples/tutorials/zed_multi_camera) by extension 'colcon_pkg'
[0.277s] Level 1:colcon.colcon_core.package_identification:_identify(zed-ros2-examples/tutorials/zed_multi_camera) by extensions ['colcon_meta']
[0.277s] Level 1:colcon.colcon_core.package_identification:_identify(zed-ros2-examples/tutorials/zed_multi_camera) by extension 'colcon_meta'
[0.277s] Level 1:colcon.colcon_core.package_identification:_identify(zed-ros2-examples/tutorials/zed_multi_camera) by extensions ['ros']
[0.277s] Level 1:colcon.colcon_core.package_identification:_identify(zed-ros2-examples/tutorials/zed_multi_camera) by extension 'ros'
[0.278s] DEBUG:colcon.colcon_core.package_identification:Package 'zed-ros2-examples/tutorials/zed_multi_camera' with type 'ros.ament_cmake' and name 'zed_multi_camera'
[0.278s] Level 1:colcon.colcon_core.package_identification:_identify(zed-ros2-examples/tutorials/zed_pose_tutorial) by extensions ['ignore', 'ignore_ament_install']
[0.278s] Level 1:colcon.colcon_core.package_identification:_identify(zed-ros2-examples/tutorials/zed_pose_tutorial) by extension 'ignore'
[0.278s] Level 1:colcon.colcon_core.package_identification:_identify(zed-ros2-examples/tutorials/zed_pose_tutorial) by extension 'ignore_ament_install'
[0.278s] Level 1:colcon.colcon_core.package_identification:_identify(zed-ros2-examples/tutorials/zed_pose_tutorial) by extensions ['colcon_pkg']
[0.278s] Level 1:colcon.colcon_core.package_identification:_identify(zed-ros2-examples/tutorials/zed_pose_tutorial) by extension 'colcon_pkg'
[0.278s] Level 1:colcon.colcon_core.package_identification:_identify(zed-ros2-examples/tutorials/zed_pose_tutorial) by extensions ['colcon_meta']
[0.278s] Level 1:colcon.colcon_core.package_identification:_identify(zed-ros2-examples/tutorials/zed_pose_tutorial) by extension 'colcon_meta'
[0.278s] Level 1:colcon.colcon_core.package_identification:_identify(zed-ros2-examples/tutorials/zed_pose_tutorial) by extensions ['ros']
[0.278s] Level 1:colcon.colcon_core.package_identification:_identify(zed-ros2-examples/tutorials/zed_pose_tutorial) by extension 'ros'
[0.279s] DEBUG:colcon.colcon_core.package_identification:Package 'zed-ros2-examples/tutorials/zed_pose_tutorial' with type 'ros.ament_cmake' and name 'zed_tutorial_pos_tracking'
[0.279s] Level 1:colcon.colcon_core.package_identification:_identify(zed-ros2-examples/tutorials/zed_rgb_convert) by extensions ['ignore', 'ignore_ament_install']
[0.279s] Level 1:colcon.colcon_core.package_identification:_identify(zed-ros2-examples/tutorials/zed_rgb_convert) by extension 'ignore'
[0.279s] Level 1:colcon.colcon_core.package_identification:_identify(zed-ros2-examples/tutorials/zed_rgb_convert) by extension 'ignore_ament_install'
[0.279s] Level 1:colcon.colcon_core.package_identification:_identify(zed-ros2-examples/tutorials/zed_rgb_convert) by extensions ['colcon_pkg']
[0.279s] Level 1:colcon.colcon_core.package_identification:_identify(zed-ros2-examples/tutorials/zed_rgb_convert) by extension 'colcon_pkg'
[0.279s] Level 1:colcon.colcon_core.package_identification:_identify(zed-ros2-examples/tutorials/zed_rgb_convert) by extensions ['colcon_meta']
[0.279s] Level 1:colcon.colcon_core.package_identification:_identify(zed-ros2-examples/tutorials/zed_rgb_convert) by extension 'colcon_meta'
[0.279s] Level 1:colcon.colcon_core.package_identification:_identify(zed-ros2-examples/tutorials/zed_rgb_convert) by extensions ['ros']
[0.279s] Level 1:colcon.colcon_core.package_identification:_identify(zed-ros2-examples/tutorials/zed_rgb_convert) by extension 'ros'
[0.280s] DEBUG:colcon.colcon_core.package_identification:Package 'zed-ros2-examples/tutorials/zed_rgb_convert' with type 'ros.ament_cmake' and name 'zed_rgb_convert'
[0.280s] Level 1:colcon.colcon_core.package_identification:_identify(zed-ros2-examples/tutorials/zed_robot_integration) by extensions ['ignore', 'ignore_ament_install']
[0.280s] Level 1:colcon.colcon_core.package_identification:_identify(zed-ros2-examples/tutorials/zed_robot_integration) by extension 'ignore'
[0.281s] Level 1:colcon.colcon_core.package_identification:_identify(zed-ros2-examples/tutorials/zed_robot_integration) by extension 'ignore_ament_install'
[0.281s] Level 1:colcon.colcon_core.package_identification:_identify(zed-ros2-examples/tutorials/zed_robot_integration) by extensions ['colcon_pkg']
[0.281s] Level 1:colcon.colcon_core.package_identification:_identify(zed-ros2-examples/tutorials/zed_robot_integration) by extension 'colcon_pkg'
[0.281s] Level 1:colcon.colcon_core.package_identification:_identify(zed-ros2-examples/tutorials/zed_robot_integration) by extensions ['colcon_meta']
[0.281s] Level 1:colcon.colcon_core.package_identification:_identify(zed-ros2-examples/tutorials/zed_robot_integration) by extension 'colcon_meta'
[0.281s] Level 1:colcon.colcon_core.package_identification:_identify(zed-ros2-examples/tutorials/zed_robot_integration) by extensions ['ros']
[0.281s] Level 1:colcon.colcon_core.package_identification:_identify(zed-ros2-examples/tutorials/zed_robot_integration) by extension 'ros'
[0.281s] DEBUG:colcon.colcon_core.package_identification:Package 'zed-ros2-examples/tutorials/zed_robot_integration' with type 'ros.ament_cmake' and name 'zed_robot_integration'
[0.281s] Level 1:colcon.colcon_core.package_identification:_identify(zed-ros2-examples/tutorials/zed_video_tutorial) by extensions ['ignore', 'ignore_ament_install']
[0.281s] Level 1:colcon.colcon_core.package_identification:_identify(zed-ros2-examples/tutorials/zed_video_tutorial) by extension 'ignore'
[0.282s] Level 1:colcon.colcon_core.package_identification:_identify(zed-ros2-examples/tutorials/zed_video_tutorial) by extension 'ignore_ament_install'
[0.282s] Level 1:colcon.colcon_core.package_identification:_identify(zed-ros2-examples/tutorials/zed_video_tutorial) by extensions ['colcon_pkg']
[0.282s] Level 1:colcon.colcon_core.package_identification:_identify(zed-ros2-examples/tutorials/zed_video_tutorial) by extension 'colcon_pkg'
[0.282s] Level 1:colcon.colcon_core.package_identification:_identify(zed-ros2-examples/tutorials/zed_video_tutorial) by extensions ['colcon_meta']
[0.282s] Level 1:colcon.colcon_core.package_identification:_identify(zed-ros2-examples/tutorials/zed_video_tutorial) by extension 'colcon_meta'
[0.282s] Level 1:colcon.colcon_core.package_identification:_identify(zed-ros2-examples/tutorials/zed_video_tutorial) by extensions ['ros']
[0.282s] Level 1:colcon.colcon_core.package_identification:_identify(zed-ros2-examples/tutorials/zed_video_tutorial) by extension 'ros'
[0.282s] DEBUG:colcon.colcon_core.package_identification:Package 'zed-ros2-examples/tutorials/zed_video_tutorial' with type 'ros.ament_cmake' and name 'zed_tutorial_video'
[0.282s] Level 1:colcon.colcon_core.package_identification:_identify(zed-ros2-examples/zed_display_foxglove) by extensions ['ignore', 'ignore_ament_install']
[0.283s] Level 1:colcon.colcon_core.package_identification:_identify(zed-ros2-examples/zed_display_foxglove) by extension 'ignore'
[0.283s] Level 1:colcon.colcon_core.package_identification:_identify(zed-ros2-examples/zed_display_foxglove) by extension 'ignore_ament_install'
[0.283s] Level 1:colcon.colcon_core.package_identification:_identify(zed-ros2-examples/zed_display_foxglove) by extensions ['colcon_pkg']
[0.283s] Level 1:colcon.colcon_core.package_identification:_identify(zed-ros2-examples/zed_display_foxglove) by extension 'colcon_pkg'
[0.283s] Level 1:colcon.colcon_core.package_identification:_identify(zed-ros2-examples/zed_display_foxglove) by extensions ['colcon_meta']
[0.283s] Level 1:colcon.colcon_core.package_identification:_identify(zed-ros2-examples/zed_display_foxglove) by extension 'colcon_meta'
[0.283s] Level 1:colcon.colcon_core.package_identification:_identify(zed-ros2-examples/zed_display_foxglove) by extensions ['ros']
[0.283s] Level 1:colcon.colcon_core.package_identification:_identify(zed-ros2-examples/zed_display_foxglove) by extension 'ros'
[0.283s] Level 1:colcon.colcon_core.package_identification:_identify(zed-ros2-examples/zed_display_foxglove) by extensions ['cmake', 'python']
[0.283s] Level 1:colcon.colcon_core.package_identification:_identify(zed-ros2-examples/zed_display_foxglove) by extension 'cmake'
[0.283s] Level 1:colcon.colcon_core.package_identification:_identify(zed-ros2-examples/zed_display_foxglove) by extension 'python'
[0.283s] Level 1:colcon.colcon_core.package_identification:_identify(zed-ros2-examples/zed_display_foxglove) by extensions ['python_setup_py']
[0.283s] Level 1:colcon.colcon_core.package_identification:_identify(zed-ros2-examples/zed_display_foxglove) by extension 'python_setup_py'
[0.283s] Level 1:colcon.colcon_core.package_identification:_identify(zed-ros2-examples/zed_display_foxglove/images) by extensions ['ignore', 'ignore_ament_install']
[0.283s] Level 1:colcon.colcon_core.package_identification:_identify(zed-ros2-examples/zed_display_foxglove/images) by extension 'ignore'
[0.283s] Level 1:colcon.colcon_core.package_identification:_identify(zed-ros2-examples/zed_display_foxglove/images) by extension 'ignore_ament_install'
[0.283s] Level 1:colcon.colcon_core.package_identification:_identify(zed-ros2-examples/zed_display_foxglove/images) by extensions ['colcon_pkg']
[0.284s] Level 1:colcon.colcon_core.package_identification:_identify(zed-ros2-examples/zed_display_foxglove/images) by extension 'colcon_pkg'
[0.284s] Level 1:colcon.colcon_core.package_identification:_identify(zed-ros2-examples/zed_display_foxglove/images) by extensions ['colcon_meta']
[0.284s] Level 1:colcon.colcon_core.package_identification:_identify(zed-ros2-examples/zed_display_foxglove/images) by extension 'colcon_meta'
[0.284s] Level 1:colcon.colcon_core.package_identification:_identify(zed-ros2-examples/zed_display_foxglove/images) by extensions ['ros']
[0.284s] Level 1:colcon.colcon_core.package_identification:_identify(zed-ros2-examples/zed_display_foxglove/images) by extension 'ros'
[0.284s] Level 1:colcon.colcon_core.package_identification:_identify(zed-ros2-examples/zed_display_foxglove/images) by extensions ['cmake', 'python']
[0.284s] Level 1:colcon.colcon_core.package_identification:_identify(zed-ros2-examples/zed_display_foxglove/images) by extension 'cmake'
[0.284s] Level 1:colcon.colcon_core.package_identification:_identify(zed-ros2-examples/zed_display_foxglove/images) by extension 'python'
[0.284s] Level 1:colcon.colcon_core.package_identification:_identify(zed-ros2-examples/zed_display_foxglove/images) by extensions ['python_setup_py']
[0.284s] Level 1:colcon.colcon_core.package_identification:_identify(zed-ros2-examples/zed_display_foxglove/images) by extension 'python_setup_py'
[0.284s] Level 1:colcon.colcon_core.package_identification:_identify(zed-ros2-examples/zed_display_foxglove/layouts) by extensions ['ignore', 'ignore_ament_install']
[0.284s] Level 1:colcon.colcon_core.package_identification:_identify(zed-ros2-examples/zed_display_foxglove/layouts) by extension 'ignore'
[0.284s] Level 1:colcon.colcon_core.package_identification:_identify(zed-ros2-examples/zed_display_foxglove/layouts) by extension 'ignore_ament_install'
[0.284s] Level 1:colcon.colcon_core.package_identification:_identify(zed-ros2-examples/zed_display_foxglove/layouts) by extensions ['colcon_pkg']
[0.284s] Level 1:colcon.colcon_core.package_identification:_identify(zed-ros2-examples/zed_display_foxglove/layouts) by extension 'colcon_pkg'
[0.284s] Level 1:colcon.colcon_core.package_identification:_identify(zed-ros2-examples/zed_display_foxglove/layouts) by extensions ['colcon_meta']
[0.284s] Level 1:colcon.colcon_core.package_identification:_identify(zed-ros2-examples/zed_display_foxglove/layouts) by extension 'colcon_meta'
[0.284s] Level 1:colcon.colcon_core.package_identification:_identify(zed-ros2-examples/zed_display_foxglove/layouts) by extensions ['ros']
[0.284s] Level 1:colcon.colcon_core.package_identification:_identify(zed-ros2-examples/zed_display_foxglove/layouts) by extension 'ros'
[0.285s] Level 1:colcon.colcon_core.package_identification:_identify(zed-ros2-examples/zed_display_foxglove/layouts) by extensions ['cmake', 'python']
[0.285s] Level 1:colcon.colcon_core.package_identification:_identify(zed-ros2-examples/zed_display_foxglove/layouts) by extension 'cmake'
[0.285s] Level 1:colcon.colcon_core.package_identification:_identify(zed-ros2-examples/zed_display_foxglove/layouts) by extension 'python'
[0.285s] Level 1:colcon.colcon_core.package_identification:_identify(zed-ros2-examples/zed_display_foxglove/layouts) by extensions ['python_setup_py']
[0.285s] Level 1:colcon.colcon_core.package_identification:_identify(zed-ros2-examples/zed_display_foxglove/layouts) by extension 'python_setup_py'
[0.285s] Level 1:colcon.colcon_core.package_identification:_identify(zed-ros2-examples/zed_display_rviz2) by extensions ['ignore', 'ignore_ament_install']
[0.285s] Level 1:colcon.colcon_core.package_identification:_identify(zed-ros2-examples/zed_display_rviz2) by extension 'ignore'
[0.285s] Level 1:colcon.colcon_core.package_identification:_identify(zed-ros2-examples/zed_display_rviz2) by extension 'ignore_ament_install'
[0.285s] Level 1:colcon.colcon_core.package_identification:_identify(zed-ros2-examples/zed_display_rviz2) by extensions ['colcon_pkg']
[0.285s] Level 1:colcon.colcon_core.package_identification:_identify(zed-ros2-examples/zed_display_rviz2) by extension 'colcon_pkg'
[0.285s] Level 1:colcon.colcon_core.package_identification:_identify(zed-ros2-examples/zed_display_rviz2) by extensions ['colcon_meta']
[0.285s] Level 1:colcon.colcon_core.package_identification:_identify(zed-ros2-examples/zed_display_rviz2) by extension 'colcon_meta'
[0.285s] Level 1:colcon.colcon_core.package_identification:_identify(zed-ros2-examples/zed_display_rviz2) by extensions ['ros']
[0.285s] Level 1:colcon.colcon_core.package_identification:_identify(zed-ros2-examples/zed_display_rviz2) by extension 'ros'
[0.286s] DEBUG:colcon.colcon_core.package_identification:Package 'zed-ros2-examples/zed_display_rviz2' with type 'ros.ament_cmake' and name 'zed_display_rviz2'
[0.286s] Level 1:colcon.colcon_core.package_identification:_identify(zed-ros2-interfaces) by extensions ['ignore', 'ignore_ament_install']
[0.286s] Level 1:colcon.colcon_core.package_identification:_identify(zed-ros2-interfaces) by extension 'ignore'
[0.286s] Level 1:colcon.colcon_core.package_identification:_identify(zed-ros2-interfaces) by extension 'ignore_ament_install'
[0.286s] Level 1:colcon.colcon_core.package_identification:_identify(zed-ros2-interfaces) by extensions ['colcon_pkg']
[0.286s] Level 1:colcon.colcon_core.package_identification:_identify(zed-ros2-interfaces) by extension 'colcon_pkg'
[0.286s] Level 1:colcon.colcon_core.package_identification:_identify(zed-ros2-interfaces) by extensions ['colcon_meta']
[0.286s] Level 1:colcon.colcon_core.package_identification:_identify(zed-ros2-interfaces) by extension 'colcon_meta'
[0.286s] Level 1:colcon.colcon_core.package_identification:_identify(zed-ros2-interfaces) by extensions ['ros']
[0.286s] Level 1:colcon.colcon_core.package_identification:_identify(zed-ros2-interfaces) by extension 'ros'
[0.287s] DEBUG:colcon.colcon_core.package_identification:Package 'zed-ros2-interfaces' with type 'ros.ament_cmake' and name 'zed_msgs'
[0.287s] Level 1:colcon.colcon_core.package_identification:_identify(zed-ros2-wrapper) by extensions ['ignore', 'ignore_ament_install']
[0.287s] Level 1:colcon.colcon_core.package_identification:_identify(zed-ros2-wrapper) by extension 'ignore'
[0.287s] Level 1:colcon.colcon_core.package_identification:_identify(zed-ros2-wrapper) by extension 'ignore_ament_install'
[0.287s] Level 1:colcon.colcon_core.package_identification:_identify(zed-ros2-wrapper) by extensions ['colcon_pkg']
[0.288s] Level 1:colcon.colcon_core.package_identification:_identify(zed-ros2-wrapper) by extension 'colcon_pkg'
[0.288s] Level 1:colcon.colcon_core.package_identification:_identify(zed-ros2-wrapper) by extensions ['colcon_meta']
[0.288s] Level 1:colcon.colcon_core.package_identification:_identify(zed-ros2-wrapper) by extension 'colcon_meta'
[0.288s] Level 1:colcon.colcon_core.package_identification:_identify(zed-ros2-wrapper) by extensions ['ros']
[0.288s] Level 1:colcon.colcon_core.package_identification:_identify(zed-ros2-wrapper) by extension 'ros'
[0.288s] Level 1:colcon.colcon_core.package_identification:_identify(zed-ros2-wrapper) by extensions ['cmake', 'python']
[0.288s] Level 1:colcon.colcon_core.package_identification:_identify(zed-ros2-wrapper) by extension 'cmake'
[0.288s] Level 1:colcon.colcon_core.package_identification:_identify(zed-ros2-wrapper) by extension 'python'
[0.288s] Level 1:colcon.colcon_core.package_identification:_identify(zed-ros2-wrapper) by extensions ['python_setup_py']
[0.288s] Level 1:colcon.colcon_core.package_identification:_identify(zed-ros2-wrapper) by extension 'python_setup_py'
[0.288s] Level 1:colcon.colcon_core.package_identification:_identify(zed-ros2-wrapper/docker) by extensions ['ignore', 'ignore_ament_install']
[0.288s] Level 1:colcon.colcon_core.package_identification:_identify(zed-ros2-wrapper/docker) by extension 'ignore'
[0.288s] Level 1:colcon.colcon_core.package_identification:_identify(zed-ros2-wrapper/docker) by extension 'ignore_ament_install'
[0.288s] Level 1:colcon.colcon_core.package_identification:_identify(zed-ros2-wrapper/docker) by extensions ['colcon_pkg']
[0.288s] Level 1:colcon.colcon_core.package_identification:_identify(zed-ros2-wrapper/docker) by extension 'colcon_pkg'
[0.288s] Level 1:colcon.colcon_core.package_identification:_identify(zed-ros2-wrapper/docker) by extensions ['colcon_meta']
[0.288s] Level 1:colcon.colcon_core.package_identification:_identify(zed-ros2-wrapper/docker) by extension 'colcon_meta'
[0.288s] Level 1:colcon.colcon_core.package_identification:_identify(zed-ros2-wrapper/docker) by extensions ['ros']
[0.288s] Level 1:colcon.colcon_core.package_identification:_identify(zed-ros2-wrapper/docker) by extension 'ros'
[0.289s] Level 1:colcon.colcon_core.package_identification:_identify(zed-ros2-wrapper/docker) by extensions ['cmake', 'python']
[0.289s] Level 1:colcon.colcon_core.package_identification:_identify(zed-ros2-wrapper/docker) by extension 'cmake'
[0.289s] Level 1:colcon.colcon_core.package_identification:_identify(zed-ros2-wrapper/docker) by extension 'python'
[0.289s] Level 1:colcon.colcon_core.package_identification:_identify(zed-ros2-wrapper/docker) by extensions ['python_setup_py']
[0.289s] Level 1:colcon.colcon_core.package_identification:_identify(zed-ros2-wrapper/docker) by extension 'python_setup_py'
[0.289s] Level 1:colcon.colcon_core.package_identification:_identify(zed-ros2-wrapper/images) by extensions ['ignore', 'ignore_ament_install']
[0.289s] Level 1:colcon.colcon_core.package_identification:_identify(zed-ros2-wrapper/images) by extension 'ignore'
[0.289s] Level 1:colcon.colcon_core.package_identification:_identify(zed-ros2-wrapper/images) by extension 'ignore_ament_install'
[0.289s] Level 1:colcon.colcon_core.package_identification:_identify(zed-ros2-wrapper/images) by extensions ['colcon_pkg']
[0.289s] Level 1:colcon.colcon_core.package_identification:_identify(zed-ros2-wrapper/images) by extension 'colcon_pkg'
[0.289s] Level 1:colcon.colcon_core.package_identification:_identify(zed-ros2-wrapper/images) by extensions ['colcon_meta']
[0.289s] Level 1:colcon.colcon_core.package_identification:_identify(zed-ros2-wrapper/images) by extension 'colcon_meta'
[0.289s] Level 1:colcon.colcon_core.package_identification:_identify(zed-ros2-wrapper/images) by extensions ['ros']
[0.289s] Level 1:colcon.colcon_core.package_identification:_identify(zed-ros2-wrapper/images) by extension 'ros'
[0.289s] Level 1:colcon.colcon_core.package_identification:_identify(zed-ros2-wrapper/images) by extensions ['cmake', 'python']
[0.289s] Level 1:colcon.colcon_core.package_identification:_identify(zed-ros2-wrapper/images) by extension 'cmake'
[0.289s] Level 1:colcon.colcon_core.package_identification:_identify(zed-ros2-wrapper/images) by extension 'python'
[0.289s] Level 1:colcon.colcon_core.package_identification:_identify(zed-ros2-wrapper/images) by extensions ['python_setup_py']
[0.289s] Level 1:colcon.colcon_core.package_identification:_identify(zed-ros2-wrapper/images) by extension 'python_setup_py'
[0.290s] Level 1:colcon.colcon_core.package_identification:_identify(zed-ros2-wrapper/zed_components) by extensions ['ignore', 'ignore_ament_install']
[0.290s] Level 1:colcon.colcon_core.package_identification:_identify(zed-ros2-wrapper/zed_components) by extension 'ignore'
[0.290s] Level 1:colcon.colcon_core.package_identification:_identify(zed-ros2-wrapper/zed_components) by extension 'ignore_ament_install'
[0.290s] Level 1:colcon.colcon_core.package_identification:_identify(zed-ros2-wrapper/zed_components) by extensions ['colcon_pkg']
[0.290s] Level 1:colcon.colcon_core.package_identification:_identify(zed-ros2-wrapper/zed_components) by extension 'colcon_pkg'
[0.290s] Level 1:colcon.colcon_core.package_identification:_identify(zed-ros2-wrapper/zed_components) by extensions ['colcon_meta']
[0.290s] Level 1:colcon.colcon_core.package_identification:_identify(zed-ros2-wrapper/zed_components) by extension 'colcon_meta'
[0.290s] Level 1:colcon.colcon_core.package_identification:_identify(zed-ros2-wrapper/zed_components) by extensions ['ros']
[0.290s] Level 1:colcon.colcon_core.package_identification:_identify(zed-ros2-wrapper/zed_components) by extension 'ros'
[0.291s] DEBUG:colcon.colcon_core.package_identification:Package 'zed-ros2-wrapper/zed_components' with type 'ros.ament_cmake' and name 'zed_components'
[0.291s] Level 1:colcon.colcon_core.package_identification:_identify(zed-ros2-wrapper/zed_ros2) by extensions ['ignore', 'ignore_ament_install']
[0.291s] Level 1:colcon.colcon_core.package_identification:_identify(zed-ros2-wrapper/zed_ros2) by extension 'ignore'
[0.292s] Level 1:colcon.colcon_core.package_identification:_identify(zed-ros2-wrapper/zed_ros2) by extension 'ignore_ament_install'
[0.292s] Level 1:colcon.colcon_core.package_identification:_identify(zed-ros2-wrapper/zed_ros2) by extensions ['colcon_pkg']
[0.292s] Level 1:colcon.colcon_core.package_identification:_identify(zed-ros2-wrapper/zed_ros2) by extension 'colcon_pkg'
[0.292s] Level 1:colcon.colcon_core.package_identification:_identify(zed-ros2-wrapper/zed_ros2) by extensions ['colcon_meta']
[0.292s] Level 1:colcon.colcon_core.package_identification:_identify(zed-ros2-wrapper/zed_ros2) by extension 'colcon_meta'
[0.292s] Level 1:colcon.colcon_core.package_identification:_identify(zed-ros2-wrapper/zed_ros2) by extensions ['ros']
[0.292s] Level 1:colcon.colcon_core.package_identification:_identify(zed-ros2-wrapper/zed_ros2) by extension 'ros'
[0.292s] DEBUG:colcon.colcon_core.package_identification:Package 'zed-ros2-wrapper/zed_ros2' with type 'ros.ament_cmake' and name 'zed_ros2'
[0.293s] Level 1:colcon.colcon_core.package_identification:_identify(zed-ros2-wrapper/zed_wrapper) by extensions ['ignore', 'ignore_ament_install']
[0.293s] Level 1:colcon.colcon_core.package_identification:_identify(zed-ros2-wrapper/zed_wrapper) by extension 'ignore'
[0.293s] Level 1:colcon.colcon_core.package_identification:_identify(zed-ros2-wrapper/zed_wrapper) by extension 'ignore_ament_install'
[0.293s] Level 1:colcon.colcon_core.package_identification:_identify(zed-ros2-wrapper/zed_wrapper) by extensions ['colcon_pkg']
[0.293s] Level 1:colcon.colcon_core.package_identification:_identify(zed-ros2-wrapper/zed_wrapper) by extension 'colcon_pkg'
[0.293s] Level 1:colcon.colcon_core.package_identification:_identify(zed-ros2-wrapper/zed_wrapper) by extensions ['colcon_meta']
[0.293s] Level 1:colcon.colcon_core.package_identification:_identify(zed-ros2-wrapper/zed_wrapper) by extension 'colcon_meta'
[0.293s] Level 1:colcon.colcon_core.package_identification:_identify(zed-ros2-wrapper/zed_wrapper) by extensions ['ros']
[0.293s] Level 1:colcon.colcon_core.package_identification:_identify(zed-ros2-wrapper/zed_wrapper) by extension 'ros'
[0.294s] DEBUG:colcon.colcon_core.package_identification:Package 'zed-ros2-wrapper/zed_wrapper' with type 'ros.ament_cmake' and name 'zed_wrapper'
[0.294s] Level 1:colcon.colcon_core.package_identification:_identify(zed_mini) by extensions ['ignore', 'ignore_ament_install']
[0.294s] Level 1:colcon.colcon_core.package_identification:_identify(zed_mini) by extension 'ignore'
[0.294s] Level 1:colcon.colcon_core.package_identification:_identify(zed_mini) by extension 'ignore_ament_install'
[0.294s] Level 1:colcon.colcon_core.package_identification:_identify(zed_mini) by extensions ['colcon_pkg']
[0.294s] Level 1:colcon.colcon_core.package_identification:_identify(zed_mini) by extension 'colcon_pkg'
[0.294s] Level 1:colcon.colcon_core.package_identification:_identify(zed_mini) by extensions ['colcon_meta']
[0.294s] Level 1:colcon.colcon_core.package_identification:_identify(zed_mini) by extension 'colcon_meta'
[0.294s] Level 1:colcon.colcon_core.package_identification:_identify(zed_mini) by extensions ['ros']
[0.294s] Level 1:colcon.colcon_core.package_identification:_identify(zed_mini) by extension 'ros'
[0.295s] DEBUG:colcon.colcon_core.package_identification:Package 'zed_mini' with type 'ros.ament_python' and name 'zed_mini'
[0.295s] Level 1:colcon.colcon_core.package_identification:_identify(zed_recorder_cpp) by extensions ['ignore', 'ignore_ament_install']
[0.295s] Level 1:colcon.colcon_core.package_identification:_identify(zed_recorder_cpp) by extension 'ignore'
[0.295s] Level 1:colcon.colcon_core.package_identification:_identify(zed_recorder_cpp) by extension 'ignore_ament_install'
[0.295s] Level 1:colcon.colcon_core.package_identification:_identify(zed_recorder_cpp) by extensions ['colcon_pkg']
[0.295s] Level 1:colcon.colcon_core.package_identification:_identify(zed_recorder_cpp) by extension 'colcon_pkg'
[0.295s] Level 1:colcon.colcon_core.package_identification:_identify(zed_recorder_cpp) by extensions ['colcon_meta']
[0.295s] Level 1:colcon.colcon_core.package_identification:_identify(zed_recorder_cpp) by extension 'colcon_meta'
[0.295s] Level 1:colcon.colcon_core.package_identification:_identify(zed_recorder_cpp) by extensions ['ros']
[0.295s] Level 1:colcon.colcon_core.package_identification:_identify(zed_recorder_cpp) by extension 'ros'
[0.296s] DEBUG:colcon.colcon_core.package_identification:Package 'zed_recorder_cpp' with type 'ros.ament_cmake' and name 'zed_recorder_cpp'
[0.296s] Level 1:colcon.colcon_core.package_discovery:discover_packages(recursive) using defaults
[0.297s] Level 1:colcon.colcon_core.package_discovery:discover_packages(ignore) discover
[0.297s] Level 1:colcon.colcon_core.package_discovery:discover_packages(ignore) using defaults
[0.297s] Level 1:colcon.colcon_core.package_discovery:discover_packages(path) discover
[0.297s] Level 1:colcon.colcon_core.package_discovery:discover_packages(path) using defaults
[0.330s] INFO:colcon.colcon_core.package_selection:Skipping not selected package 'apriltagdetection' in 'apriltagdetection'
[0.330s] INFO:colcon.colcon_core.package_selection:Skipping not selected package 'blink_interface' in 'blink_interface /blink_interface '
[0.330s] INFO:colcon.colcon_core.package_selection:Skipping not selected package 'egocentric_msg' in 'egocentric_msg'
[0.330s] INFO:colcon.colcon_core.package_selection:Skipping not selected package 'gaze_interface' in 'gaze_interface'
[0.330s] INFO:colcon.colcon_core.package_selection:Skipping not selected package 'latency_tools' in 'latency_tools'
[0.331s] INFO:colcon.colcon_core.package_selection:Skipping not selected package 'recording_gaze' in 'recording_gaze'
[0.331s] INFO:colcon.colcon_core.package_selection:Skipping not selected package 'recording_scene' in 'recording_scene'
[0.331s] INFO:colcon.colcon_core.package_selection:Skipping not selected package 'recording_zed_depth' in 'recording_zed_depth'
[0.331s] INFO:colcon.colcon_core.package_selection:Skipping not selected package 'recording_zed_depth_rgb' in 'recording_zed_depth_rgb'
[0.331s] INFO:colcon.colcon_core.package_selection:Skipping not selected package 'recording_zed_rgb' in 'recording_zed_rgb'
[0.331s] INFO:colcon.colcon_core.package_selection:Skipping not selected package 'tf_recording' in 'tf_recording'
[0.331s] INFO:colcon.colcon_core.package_selection:Skipping not selected package 'zed_mini' in 'zed_mini'
[0.331s] INFO:colcon.colcon_core.package_selection:Skipping not selected package 'zed_msgs' in 'zed-ros2-interfaces'
[0.331s] INFO:colcon.colcon_core.package_selection:Skipping not selected package 'zed_recorder_cpp' in 'zed_recorder_cpp'
[0.331s] INFO:colcon.colcon_core.package_selection:Skipping not selected package 'zed_topic_benchmark_interfaces' in 'zed-ros2-examples/tools/zed_benchmark_interfaces'
[0.331s] INFO:colcon.colcon_core.package_selection:Skipping not selected package 'zed_tutorial_depth' in 'zed-ros2-examples/tutorials/zed_depth_tutorial'
[0.331s] INFO:colcon.colcon_core.package_selection:Skipping not selected package 'zed_tutorial_pos_tracking' in 'zed-ros2-examples/tutorials/zed_pose_tutorial'
[0.331s] INFO:colcon.colcon_core.package_selection:Skipping not selected package 'zed_tutorial_video' in 'zed-ros2-examples/tutorials/zed_video_tutorial'
[0.331s] INFO:colcon.colcon_core.package_selection:Skipping not selected package 'pupil_labs_wrapper' in 'pupil_labs_wrapper'
[0.331s] INFO:colcon.colcon_core.package_selection:Skipping not selected package 'recording_controller_pkg' in 'recording_controller_pkg'
[0.331s] INFO:colcon.colcon_core.package_selection:Skipping not selected package 'rviz_plugin_zed_od' in 'zed-ros2-examples/rviz-plugin-zed-od'
[0.331s] INFO:colcon.colcon_core.package_selection:Skipping not selected package 'zed_components' in 'zed-ros2-wrapper/zed_components'
[0.331s] INFO:colcon.colcon_core.package_selection:Skipping not selected package 'zed_topic_benchmark_component' in 'zed-ros2-examples/tools/zed_benchmark_component'
[0.331s] INFO:colcon.colcon_core.package_selection:Skipping not selected package 'zed_aruco_localization' in 'zed-ros2-examples/examples/zed_aruco_localization'
[0.331s] INFO:colcon.colcon_core.package_selection:Skipping not selected package 'zed_rgb_convert' in 'zed-ros2-examples/tutorials/zed_rgb_convert'
[0.331s] INFO:colcon.colcon_core.package_selection:Skipping not selected package 'zed_topic_benchmark' in 'zed-ros2-examples/tools/zed_benchmark'
[0.331s] INFO:colcon.colcon_core.package_selection:Skipping not selected package 'zed_wrapper' in 'zed-ros2-wrapper/zed_wrapper'
[0.331s] INFO:colcon.colcon_core.package_selection:Skipping not selected package 'zed_depth_to_laserscan' in 'zed-ros2-examples/examples/zed_depth_to_laserscan'
[0.331s] INFO:colcon.colcon_core.package_selection:Skipping not selected package 'zed_display_rviz2' in 'zed-ros2-examples/zed_display_rviz2'
[0.331s] INFO:colcon.colcon_core.package_selection:Skipping not selected package 'zed_multi_camera' in 'zed-ros2-examples/tutorials/zed_multi_camera'
[0.331s] INFO:colcon.colcon_core.package_selection:Skipping not selected package 'zed_robot_integration' in 'zed-ros2-examples/tutorials/zed_robot_integration'
[0.331s] INFO:colcon.colcon_core.package_selection:Skipping not selected package 'zed_ros2' in 'zed-ros2-wrapper/zed_ros2'
[0.331s] INFO:colcon.colcon_core.package_selection:Skipping not selected package 'zed_ipc' in 'zed-ros2-examples/tutorials/zed_ipc'
[0.332s] Level 1:colcon.colcon_core.package_discovery:discover_packages(prefix_path) check parameters
[0.332s] Level 1:colcon.colcon_core.package_discovery:discover_packages(prefix_path) discover
[0.336s] DEBUG:colcon.colcon_installed_package_information.package_discovery:Found 34 installed packages in /home/olhamelnyk/colcon_venv/install
[0.339s] DEBUG:colcon.colcon_installed_package_information.package_discovery:Found 419 installed packages in /opt/ros/jazzy
[0.342s] Level 1:colcon.colcon_core.package_discovery:discover_packages(prefix_path) using defaults
[0.433s] Level 5:colcon.colcon_core.verb:set package 'imu_interface' build argument 'cmake_args' from command line to 'None'
[0.433s] Level 5:colcon.colcon_core.verb:set package 'imu_interface' build argument 'cmake_target' from command line to 'None'
[0.433s] Level 5:colcon.colcon_core.verb:set package 'imu_interface' build argument 'cmake_target_skip_unavailable' from command line to 'False'
[0.433s] Level 5:colcon.colcon_core.verb:set package 'imu_interface' build argument 'cmake_clean_cache' from command line to 'False'
[0.434s] Level 5:colcon.colcon_core.verb:set package 'imu_interface' build argument 'cmake_clean_first' from command line to 'False'
[0.434s] Level 5:colcon.colcon_core.verb:set package 'imu_interface' build argument 'cmake_force_configure' from command line to 'False'
[0.434s] Level 5:colcon.colcon_core.verb:set package 'imu_interface' build argument 'ament_cmake_args' from command line to 'None'
[0.434s] Level 5:colcon.colcon_core.verb:set package 'imu_interface' build argument 'catkin_cmake_args' from command line to 'None'
[0.434s] Level 5:colcon.colcon_core.verb:set package 'imu_interface' build argument 'catkin_skip_building_tests' from command line to 'False'
[0.434s] DEBUG:colcon.colcon_core.verb:Building package 'imu_interface' with the following arguments: {'ament_cmake_args': None, 'build_base': '/home/olhamelnyk/colcon_venv/src/build/imu_interface', 'catkin_cmake_args': None, 'catkin_skip_building_tests': False, 'cmake_args': None, 'cmake_clean_cache': False, 'cmake_clean_first': False, 'cmake_force_configure': False, 'cmake_target': None, 'cmake_target_skip_unavailable': False, 'install_base': '/home/olhamelnyk/colcon_venv/src/install/imu_interface', 'merge_install': False, 'path': '/home/olhamelnyk/colcon_venv/src/imu_interface', 'symlink_install': False, 'test_result_base': None}
[0.434s] Level 5:colcon.colcon_core.verb:set package 'async_pupil_wrapper' build argument 'cmake_args' from command line to 'None'
[0.434s] Level 5:colcon.colcon_core.verb:set package 'async_pupil_wrapper' build argument 'cmake_target' from command line to 'None'
[0.434s] Level 5:colcon.colcon_core.verb:set package 'async_pupil_wrapper' build argument 'cmake_target_skip_unavailable' from command line to 'False'
[0.434s] Level 5:colcon.colcon_core.verb:set package 'async_pupil_wrapper' build argument 'cmake_clean_cache' from command line to 'False'
[0.434s] Level 5:colcon.colcon_core.verb:set package 'async_pupil_wrapper' build argument 'cmake_clean_first' from command line to 'False'
[0.434s] Level 5:colcon.colcon_core.verb:set package 'async_pupil_wrapper' build argument 'cmake_force_configure' from command line to 'False'
[0.434s] Level 5:colcon.colcon_core.verb:set package 'async_pupil_wrapper' build argument 'ament_cmake_args' from command line to 'None'
[0.434s] Level 5:colcon.colcon_core.verb:set package 'async_pupil_wrapper' build argument 'catkin_cmake_args' from command line to 'None'
[0.434s] Level 5:colcon.colcon_core.verb:set package 'async_pupil_wrapper' build argument 'catkin_skip_building_tests' from command line to 'False'
[0.434s] DEBUG:colcon.colcon_core.verb:Building package 'async_pupil_wrapper' with the following arguments: {'ament_cmake_args': None, 'build_base': '/home/olhamelnyk/colcon_venv/src/build/async_pupil_wrapper', 'catkin_cmake_args': None, 'catkin_skip_building_tests': False, 'cmake_args': None, 'cmake_clean_cache': False, 'cmake_clean_first': False, 'cmake_force_configure': False, 'cmake_target': None, 'cmake_target_skip_unavailable': False, 'install_base': '/home/olhamelnyk/colcon_venv/src/install/async_pupil_wrapper', 'merge_install': False, 'path': '/home/olhamelnyk/colcon_venv/src/async_pupil_wrapper', 'symlink_install': False, 'test_result_base': None}
[0.434s] INFO:colcon.colcon_core.executor:Executing jobs using 'parallel' executor
[0.435s] DEBUG:colcon.colcon_parallel_executor.executor.parallel:run_until_complete
[0.435s] INFO:colcon.colcon_ros.task.ament_cmake.build:Building ROS package in '/home/olhamelnyk/colcon_venv/src/imu_interface' with build type 'ament_cmake'
[0.436s] INFO:colcon.colcon_cmake.task.cmake.build:Building CMake package in '/home/olhamelnyk/colcon_venv/src/imu_interface'
[0.439s] INFO:colcon.colcon_core.plugin_system:Skipping extension 'colcon_core.shell.bat': Not used on non-Windows systems
[0.439s] INFO:colcon.colcon_core.shell:Skip shell extension 'powershell' for command environment: Not usable outside of PowerShell
[0.439s] DEBUG:colcon.colcon_core.shell:Skip shell extension 'dsv' for command environment
[0.454s] DEBUG:colcon.colcon_core.event_handler.log_command:Invoking command in '/home/olhamelnyk/colcon_venv/src/build/imu_interface': CMAKE_PREFIX_PATH=${CMAKE_PREFIX_PATH}:/home/olhamelnyk/colcon_venv/install/recording_controller_pkg:/home/olhamelnyk/colcon_venv/install/zed_mini:/home/olhamelnyk/colcon_venv/install/tf_recording:/home/olhamelnyk/colcon_venv/install/recording_zed_rgb:/home/olhamelnyk/colcon_venv/install/recording_zed_depth_rgb:/home/olhamelnyk/colcon_venv/install/recording_zed_depth:/home/olhamelnyk/colcon_venv/install/recording_scene:/home/olhamelnyk/colcon_venv/install/recording_gaze:/home/olhamelnyk/colcon_venv/install/pupil_labs_wrapper:/home/olhamelnyk/colcon_venv/install/latency_tools:/home/olhamelnyk/colcon_venv/install/async_pupil_wrapper:/opt/ros/jazzy DEBUGINFOD_URLS=https://debuginfod.ubuntu.com /usr/bin/cmake /home/olhamelnyk/colcon_venv/src/imu_interface -DCMAKE_INSTALL_PREFIX=/home/olhamelnyk/colcon_venv/src/install/imu_interface
[6.980s] DEBUG:colcon.colcon_core.event_handler.log_command:Invoked command in '/home/olhamelnyk/colcon_venv/src/build/imu_interface' returned '0': CMAKE_PREFIX_PATH=${CMAKE_PREFIX_PATH}:/home/olhamelnyk/colcon_venv/install/recording_controller_pkg:/home/olhamelnyk/colcon_venv/install/zed_mini:/home/olhamelnyk/colcon_venv/install/tf_recording:/home/olhamelnyk/colcon_venv/install/recording_zed_rgb:/home/olhamelnyk/colcon_venv/install/recording_zed_depth_rgb:/home/olhamelnyk/colcon_venv/install/recording_zed_depth:/home/olhamelnyk/colcon_venv/install/recording_scene:/home/olhamelnyk/colcon_venv/install/recording_gaze:/home/olhamelnyk/colcon_venv/install/pupil_labs_wrapper:/home/olhamelnyk/colcon_venv/install/latency_tools:/home/olhamelnyk/colcon_venv/install/async_pupil_wrapper:/opt/ros/jazzy DEBUGINFOD_URLS=https://debuginfod.ubuntu.com /usr/bin/cmake /home/olhamelnyk/colcon_venv/src/imu_interface -DCMAKE_INSTALL_PREFIX=/home/olhamelnyk/colcon_venv/src/install/imu_interface
[6.982s] DEBUG:colcon.colcon_core.event_handler.log_command:Invoking command in '/home/olhamelnyk/colcon_venv/src/build/imu_interface': CMAKE_PREFIX_PATH=${CMAKE_PREFIX_PATH}:/home/olhamelnyk/colcon_venv/install/recording_controller_pkg:/home/olhamelnyk/colcon_venv/install/zed_mini:/home/olhamelnyk/colcon_venv/install/tf_recording:/home/olhamelnyk/colcon_venv/install/recording_zed_rgb:/home/olhamelnyk/colcon_venv/install/recording_zed_depth_rgb:/home/olhamelnyk/colcon_venv/install/recording_zed_depth:/home/olhamelnyk/colcon_venv/install/recording_scene:/home/olhamelnyk/colcon_venv/install/recording_gaze:/home/olhamelnyk/colcon_venv/install/pupil_labs_wrapper:/home/olhamelnyk/colcon_venv/install/latency_tools:/home/olhamelnyk/colcon_venv/install/async_pupil_wrapper:/opt/ros/jazzy DEBUGINFOD_URLS=https://debuginfod.ubuntu.com /usr/bin/cmake --build /home/olhamelnyk/colcon_venv/src/build/imu_interface -- -j16 -l16
[10.449s] DEBUG:colcon.colcon_core.event_handler.log_command:Invoked command in '/home/olhamelnyk/colcon_venv/src/build/imu_interface' returned '0': CMAKE_PREFIX_PATH=${CMAKE_PREFIX_PATH}:/home/olhamelnyk/colcon_venv/install/recording_controller_pkg:/home/olhamelnyk/colcon_venv/install/zed_mini:/home/olhamelnyk/colcon_venv/install/tf_recording:/home/olhamelnyk/colcon_venv/install/recording_zed_rgb:/home/olhamelnyk/colcon_venv/install/recording_zed_depth_rgb:/home/olhamelnyk/colcon_venv/install/recording_zed_depth:/home/olhamelnyk/colcon_venv/install/recording_scene:/home/olhamelnyk/colcon_venv/install/recording_gaze:/home/olhamelnyk/colcon_venv/install/pupil_labs_wrapper:/home/olhamelnyk/colcon_venv/install/latency_tools:/home/olhamelnyk/colcon_venv/install/async_pupil_wrapper:/opt/ros/jazzy DEBUGINFOD_URLS=https://debuginfod.ubuntu.com /usr/bin/cmake --build /home/olhamelnyk/colcon_venv/src/build/imu_interface -- -j16 -l16
[10.470s] DEBUG:colcon.colcon_core.event_handler.log_command:Invoking command in '/home/olhamelnyk/colcon_venv/src/build/imu_interface': CMAKE_PREFIX_PATH=${CMAKE_PREFIX_PATH}:/home/olhamelnyk/colcon_venv/install/recording_controller_pkg:/home/olhamelnyk/colcon_venv/install/zed_mini:/home/olhamelnyk/colcon_venv/install/tf_recording:/home/olhamelnyk/colcon_venv/install/recording_zed_rgb:/home/olhamelnyk/colcon_venv/install/recording_zed_depth_rgb:/home/olhamelnyk/colcon_venv/install/recording_zed_depth:/home/olhamelnyk/colcon_venv/install/recording_scene:/home/olhamelnyk/colcon_venv/install/recording_gaze:/home/olhamelnyk/colcon_venv/install/pupil_labs_wrapper:/home/olhamelnyk/colcon_venv/install/latency_tools:/home/olhamelnyk/colcon_venv/install/async_pupil_wrapper:/opt/ros/jazzy DEBUGINFOD_URLS=https://debuginfod.ubuntu.com /usr/bin/cmake --install /home/olhamelnyk/colcon_venv/src/build/imu_interface
[10.593s] Level 1:colcon.colcon_core.environment:create_environment_scripts_only(imu_interface)
[10.593s] DEBUG:colcon.colcon_core.event_handler.log_command:Invoked command in '/home/olhamelnyk/colcon_venv/src/build/imu_interface' returned '0': CMAKE_PREFIX_PATH=${CMAKE_PREFIX_PATH}:/home/olhamelnyk/colcon_venv/install/recording_controller_pkg:/home/olhamelnyk/colcon_venv/install/zed_mini:/home/olhamelnyk/colcon_venv/install/tf_recording:/home/olhamelnyk/colcon_venv/install/recording_zed_rgb:/home/olhamelnyk/colcon_venv/install/recording_zed_depth_rgb:/home/olhamelnyk/colcon_venv/install/recording_zed_depth:/home/olhamelnyk/colcon_venv/install/recording_scene:/home/olhamelnyk/colcon_venv/install/recording_gaze:/home/olhamelnyk/colcon_venv/install/pupil_labs_wrapper:/home/olhamelnyk/colcon_venv/install/latency_tools:/home/olhamelnyk/colcon_venv/install/async_pupil_wrapper:/opt/ros/jazzy DEBUGINFOD_URLS=https://debuginfod.ubuntu.com /usr/bin/cmake --install /home/olhamelnyk/colcon_venv/src/build/imu_interface
[10.596s] Level 1:colcon.colcon_core.environment:checking '/home/olhamelnyk/colcon_venv/src/install/imu_interface' for CMake module files
[10.597s] Level 1:colcon.colcon_core.environment:checking '/home/olhamelnyk/colcon_venv/src/install/imu_interface' for CMake config files
[10.597s] Level 1:colcon.colcon_core.shell:create_environment_hook('imu_interface', 'cmake_prefix_path')
[10.597s] INFO:colcon.colcon_core.shell:Creating environment hook '/home/olhamelnyk/colcon_venv/src/install/imu_interface/share/imu_interface/hook/cmake_prefix_path.ps1'
[10.598s] INFO:colcon.colcon_core.shell:Creating environment descriptor '/home/olhamelnyk/colcon_venv/src/install/imu_interface/share/imu_interface/hook/cmake_prefix_path.dsv'
[10.598s] INFO:colcon.colcon_core.shell:Creating environment hook '/home/olhamelnyk/colcon_venv/src/install/imu_interface/share/imu_interface/hook/cmake_prefix_path.sh'
[10.599s] Level 1:colcon.colcon_core.environment:checking '/home/olhamelnyk/colcon_venv/src/install/imu_interface/lib'
[10.600s] Level 1:colcon.colcon_core.shell:create_environment_hook('imu_interface', 'ld_library_path_lib')
[10.600s] INFO:colcon.colcon_core.shell:Creating environment hook '/home/olhamelnyk/colcon_venv/src/install/imu_interface/share/imu_interface/hook/ld_library_path_lib.ps1'
[10.600s] INFO:colcon.colcon_core.shell:Creating environment descriptor '/home/olhamelnyk/colcon_venv/src/install/imu_interface/share/imu_interface/hook/ld_library_path_lib.dsv'
[10.601s] INFO:colcon.colcon_core.shell:Creating environment hook '/home/olhamelnyk/colcon_venv/src/install/imu_interface/share/imu_interface/hook/ld_library_path_lib.sh'
[10.601s] Level 1:colcon.colcon_core.environment:checking '/home/olhamelnyk/colcon_venv/src/install/imu_interface/bin'
[10.601s] Level 1:colcon.colcon_core.environment:checking '/home/olhamelnyk/colcon_venv/src/install/imu_interface/lib/pkgconfig/imu_interface.pc'
[10.601s] Level 1:colcon.colcon_core.environment:checking '/home/olhamelnyk/colcon_venv/src/install/imu_interface/lib/python3.12/site-packages'
[10.601s] Level 1:colcon.colcon_core.shell:create_environment_hook('imu_interface', 'pythonpath')
[10.602s] INFO:colcon.colcon_core.shell:Creating environment hook '/home/olhamelnyk/colcon_venv/src/install/imu_interface/share/imu_interface/hook/pythonpath.ps1'
[10.602s] INFO:colcon.colcon_core.shell:Creating environment descriptor '/home/olhamelnyk/colcon_venv/src/install/imu_interface/share/imu_interface/hook/pythonpath.dsv'
[10.602s] INFO:colcon.colcon_core.shell:Creating environment hook '/home/olhamelnyk/colcon_venv/src/install/imu_interface/share/imu_interface/hook/pythonpath.sh'
[10.603s] Level 1:colcon.colcon_core.environment:checking '/home/olhamelnyk/colcon_venv/src/install/imu_interface/bin'
[10.603s] INFO:colcon.colcon_core.shell:Creating package script '/home/olhamelnyk/colcon_venv/src/install/imu_interface/share/imu_interface/package.ps1'
[10.604s] INFO:colcon.colcon_core.shell:Creating package descriptor '/home/olhamelnyk/colcon_venv/src/install/imu_interface/share/imu_interface/package.dsv'
[10.605s] INFO:colcon.colcon_core.shell:Creating package script '/home/olhamelnyk/colcon_venv/src/install/imu_interface/share/imu_interface/package.sh'
[10.605s] INFO:colcon.colcon_core.shell:Creating package script '/home/olhamelnyk/colcon_venv/src/install/imu_interface/share/imu_interface/package.bash'
[10.606s] INFO:colcon.colcon_core.shell:Creating package script '/home/olhamelnyk/colcon_venv/src/install/imu_interface/share/imu_interface/package.zsh'
[10.607s] Level 1:colcon.colcon_core.environment:create_file_with_runtime_dependencies(/home/olhamelnyk/colcon_venv/src/install/imu_interface/share/colcon-core/packages/imu_interface)
[10.607s] Level 1:colcon.colcon_core.environment:create_environment_scripts_only(imu_interface)
[10.607s] Level 1:colcon.colcon_core.environment:checking '/home/olhamelnyk/colcon_venv/src/install/imu_interface' for CMake module files
[10.608s] Level 1:colcon.colcon_core.environment:checking '/home/olhamelnyk/colcon_venv/src/install/imu_interface' for CMake config files
[10.609s] Level 1:colcon.colcon_core.shell:create_environment_hook('imu_interface', 'cmake_prefix_path')
[10.609s] INFO:colcon.colcon_core.shell:Creating environment hook '/home/olhamelnyk/colcon_venv/src/install/imu_interface/share/imu_interface/hook/cmake_prefix_path.ps1'
[10.609s] INFO:colcon.colcon_core.shell:Creating environment descriptor '/home/olhamelnyk/colcon_venv/src/install/imu_interface/share/imu_interface/hook/cmake_prefix_path.dsv'
[10.610s] INFO:colcon.colcon_core.shell:Creating environment hook '/home/olhamelnyk/colcon_venv/src/install/imu_interface/share/imu_interface/hook/cmake_prefix_path.sh'
[10.610s] Level 1:colcon.colcon_core.environment:checking '/home/olhamelnyk/colcon_venv/src/install/imu_interface/lib'
[10.610s] Level 1:colcon.colcon_core.shell:create_environment_hook('imu_interface', 'ld_library_path_lib')
[10.611s] INFO:colcon.colcon_core.shell:Creating environment hook '/home/olhamelnyk/colcon_venv/src/install/imu_interface/share/imu_interface/hook/ld_library_path_lib.ps1'
[10.611s] INFO:colcon.colcon_core.shell:Creating environment descriptor '/home/olhamelnyk/colcon_venv/src/install/imu_interface/share/imu_interface/hook/ld_library_path_lib.dsv'
[10.611s] INFO:colcon.colcon_core.shell:Creating environment hook '/home/olhamelnyk/colcon_venv/src/install/imu_interface/share/imu_interface/hook/ld_library_path_lib.sh'
[10.612s] Level 1:colcon.colcon_core.environment:checking '/home/olhamelnyk/colcon_venv/src/install/imu_interface/bin'
[10.612s] Level 1:colcon.colcon_core.environment:checking '/home/olhamelnyk/colcon_venv/src/install/imu_interface/lib/pkgconfig/imu_interface.pc'
[10.612s] Level 1:colcon.colcon_core.environment:checking '/home/olhamelnyk/colcon_venv/src/install/imu_interface/lib/python3.12/site-packages'
[10.612s] Level 1:colcon.colcon_core.shell:create_environment_hook('imu_interface', 'pythonpath')
[10.612s] INFO:colcon.colcon_core.shell:Creating environment hook '/home/olhamelnyk/colcon_venv/src/install/imu_interface/share/imu_interface/hook/pythonpath.ps1'
[10.613s] INFO:colcon.colcon_core.shell:Creating environment descriptor '/home/olhamelnyk/colcon_venv/src/install/imu_interface/share/imu_interface/hook/pythonpath.dsv'
[10.613s] INFO:colcon.colcon_core.shell:Creating environment hook '/home/olhamelnyk/colcon_venv/src/install/imu_interface/share/imu_interface/hook/pythonpath.sh'
[10.648s] Level 1:colcon.colcon_core.environment:checking '/home/olhamelnyk/colcon_venv/src/install/imu_interface/bin'
[10.649s] INFO:colcon.colcon_core.shell:Creating package script '/home/olhamelnyk/colcon_venv/src/install/imu_interface/share/imu_interface/package.ps1'
[10.650s] INFO:colcon.colcon_core.shell:Creating package descriptor '/home/olhamelnyk/colcon_venv/src/install/imu_interface/share/imu_interface/package.dsv'
[10.652s] INFO:colcon.colcon_core.shell:Creating package script '/home/olhamelnyk/colcon_venv/src/install/imu_interface/share/imu_interface/package.sh'
[10.653s] INFO:colcon.colcon_core.shell:Creating package script '/home/olhamelnyk/colcon_venv/src/install/imu_interface/share/imu_interface/package.bash'
[10.654s] INFO:colcon.colcon_core.shell:Creating package script '/home/olhamelnyk/colcon_venv/src/install/imu_interface/share/imu_interface/package.zsh'
[10.655s] Level 1:colcon.colcon_core.environment:create_file_with_runtime_dependencies(/home/olhamelnyk/colcon_venv/src/install/imu_interface/share/colcon-core/packages/imu_interface)
[10.656s] INFO:colcon.colcon_ros.task.ament_python.build:Building ROS package in '/home/olhamelnyk/colcon_venv/src/async_pupil_wrapper' with build type 'ament_python'
[10.657s] Level 1:colcon.colcon_core.shell:create_environment_hook('async_pupil_wrapper', 'ament_prefix_path')
[10.658s] INFO:colcon.colcon_core.shell:Creating environment hook '/home/olhamelnyk/colcon_venv/src/install/async_pupil_wrapper/share/async_pupil_wrapper/hook/ament_prefix_path.ps1'
[10.659s] INFO:colcon.colcon_core.shell:Creating environment descriptor '/home/olhamelnyk/colcon_venv/src/install/async_pupil_wrapper/share/async_pupil_wrapper/hook/ament_prefix_path.dsv'
[10.660s] INFO:colcon.colcon_core.shell:Creating environment hook '/home/olhamelnyk/colcon_venv/src/install/async_pupil_wrapper/share/async_pupil_wrapper/hook/ament_prefix_path.sh'
[10.687s] INFO:colcon.colcon_core.shell:Skip shell extension 'powershell' for command environment: Not usable outside of PowerShell
[10.687s] DEBUG:colcon.colcon_core.shell:Skip shell extension 'dsv' for command environment
[10.705s] WARNING:colcon.colcon_core.shell:The following packages are in the workspace but haven't been built:
- blink_interface
They are being used from the following locations instead:
- /home/olhamelnyk/colcon_venv/install/blink_interface
To suppress this warning ignore these packages in the workspace:
--packages-ignore blink_interface
[11.058s] INFO:colcon.colcon_core.task.python.build:Building Python package in '/home/olhamelnyk/colcon_venv/src/async_pupil_wrapper'
[11.058s] INFO:colcon.colcon_core.shell:Skip shell extension 'powershell' for command environment: Not usable outside of PowerShell
[11.059s] DEBUG:colcon.colcon_core.shell:Skip shell extension 'dsv' for command environment
[12.098s] DEBUG:colcon.colcon_core.event_handler.log_command:Invoking command in '/home/olhamelnyk/colcon_venv/src/async_pupil_wrapper': AMENT_PREFIX_PATH=/home/olhamelnyk/colcon_venv/src/install/imu_interface:${AMENT_PREFIX_PATH} CMAKE_PREFIX_PATH=/home/olhamelnyk/colcon_venv/src/install/imu_interface:${CMAKE_PREFIX_PATH} DEBUGINFOD_URLS=https://debuginfod.ubuntu.com LD_LIBRARY_PATH=/home/olhamelnyk/colcon_venv/src/install/imu_interface/lib:${LD_LIBRARY_PATH} PYTHONPATH=/home/olhamelnyk/colcon_venv/src/build/async_pupil_wrapper/prefix_override:/usr/lib/python3/dist-packages/colcon_core/task/python/colcon_distutils_commands:/home/olhamelnyk/colcon_venv/src/install/async_pupil_wrapper/lib/python3.12/site-packages:/home/olhamelnyk/colcon_venv/src/install/imu_interface/lib/python3.12/site-packages:${PYTHONPATH} /usr/bin/python3 -W ignore:setup.py install is deprecated -W ignore:easy_install command is deprecated setup.py egg_info --egg-base ../build/async_pupil_wrapper build --build-base /home/olhamelnyk/colcon_venv/src/build/async_pupil_wrapper/build install --record /home/olhamelnyk/colcon_venv/src/build/async_pupil_wrapper/install.log --single-version-externally-managed install_data
[13.060s] Level 1:colcon.colcon_core.environment:checking '/home/olhamelnyk/colcon_venv/src/install/async_pupil_wrapper' for CMake module files
[13.061s] DEBUG:colcon.colcon_core.event_handler.log_command:Invoked command in '/home/olhamelnyk/colcon_venv/src/async_pupil_wrapper' returned '0': AMENT_PREFIX_PATH=/home/olhamelnyk/colcon_venv/src/install/imu_interface:${AMENT_PREFIX_PATH} CMAKE_PREFIX_PATH=/home/olhamelnyk/colcon_venv/src/install/imu_interface:${CMAKE_PREFIX_PATH} DEBUGINFOD_URLS=https://debuginfod.ubuntu.com LD_LIBRARY_PATH=/home/olhamelnyk/colcon_venv/src/install/imu_interface/lib:${LD_LIBRARY_PATH} PYTHONPATH=/home/olhamelnyk/colcon_venv/src/build/async_pupil_wrapper/prefix_override:/usr/lib/python3/dist-packages/colcon_core/task/python/colcon_distutils_commands:/home/olhamelnyk/colcon_venv/src/install/async_pupil_wrapper/lib/python3.12/site-packages:/home/olhamelnyk/colcon_venv/src/install/imu_interface/lib/python3.12/site-packages:${PYTHONPATH} /usr/bin/python3 -W ignore:setup.py install is deprecated -W ignore:easy_install command is deprecated setup.py egg_info --egg-base ../build/async_pupil_wrapper build --build-base /home/olhamelnyk/colcon_venv/src/build/async_pupil_wrapper/build install --record /home/olhamelnyk/colcon_venv/src/build/async_pupil_wrapper/install.log --single-version-externally-managed install_data
[13.062s] Level 1:colcon.colcon_core.environment:checking '/home/olhamelnyk/colcon_venv/src/install/async_pupil_wrapper' for CMake config files
[13.063s] Level 1:colcon.colcon_core.environment:checking '/home/olhamelnyk/colcon_venv/src/install/async_pupil_wrapper/lib'
[13.063s] Level 1:colcon.colcon_core.environment:checking '/home/olhamelnyk/colcon_venv/src/install/async_pupil_wrapper/bin'
[13.063s] Level 1:colcon.colcon_core.environment:checking '/home/olhamelnyk/colcon_venv/src/install/async_pupil_wrapper/lib/pkgconfig/async_pupil_wrapper.pc'
[13.064s] Level 1:colcon.colcon_core.environment:checking '/home/olhamelnyk/colcon_venv/src/install/async_pupil_wrapper/lib/python3.12/site-packages'
[13.064s] Level 1:colcon.colcon_core.shell:create_environment_hook('async_pupil_wrapper', 'pythonpath')
[13.065s] INFO:colcon.colcon_core.shell:Creating environment hook '/home/olhamelnyk/colcon_venv/src/install/async_pupil_wrapper/share/async_pupil_wrapper/hook/pythonpath.ps1'
[13.065s] INFO:colcon.colcon_core.shell:Creating environment descriptor '/home/olhamelnyk/colcon_venv/src/install/async_pupil_wrapper/share/async_pupil_wrapper/hook/pythonpath.dsv'
[13.066s] INFO:colcon.colcon_core.shell:Creating environment hook '/home/olhamelnyk/colcon_venv/src/install/async_pupil_wrapper/share/async_pupil_wrapper/hook/pythonpath.sh'
[13.067s] Level 1:colcon.colcon_core.environment:checking '/home/olhamelnyk/colcon_venv/src/install/async_pupil_wrapper/bin'
[13.068s] Level 1:colcon.colcon_core.environment:create_environment_scripts_only(async_pupil_wrapper)
[13.068s] INFO:colcon.colcon_core.shell:Creating package script '/home/olhamelnyk/colcon_venv/src/install/async_pupil_wrapper/share/async_pupil_wrapper/package.ps1'
[13.069s] INFO:colcon.colcon_core.shell:Creating package descriptor '/home/olhamelnyk/colcon_venv/src/install/async_pupil_wrapper/share/async_pupil_wrapper/package.dsv'
[13.070s] INFO:colcon.colcon_core.shell:Creating package script '/home/olhamelnyk/colcon_venv/src/install/async_pupil_wrapper/share/async_pupil_wrapper/package.sh'
[13.071s] INFO:colcon.colcon_core.shell:Creating package script '/home/olhamelnyk/colcon_venv/src/install/async_pupil_wrapper/share/async_pupil_wrapper/package.bash'
[13.071s] INFO:colcon.colcon_core.shell:Creating package script '/home/olhamelnyk/colcon_venv/src/install/async_pupil_wrapper/share/async_pupil_wrapper/package.zsh'
[13.072s] Level 1:colcon.colcon_core.environment:create_file_with_runtime_dependencies(/home/olhamelnyk/colcon_venv/src/install/async_pupil_wrapper/share/colcon-core/packages/async_pupil_wrapper)
[13.073s] DEBUG:colcon.colcon_parallel_executor.executor.parallel:closing loop
[13.074s] DEBUG:colcon.colcon_parallel_executor.executor.parallel:loop closed
[13.074s] DEBUG:colcon.colcon_parallel_executor.executor.parallel:run_until_complete finished with '0'
[13.074s] DEBUG:colcon.colcon_core.event_reactor:joining thread
[13.094s] INFO:colcon.colcon_core.plugin_system:Skipping extension 'colcon_notification.desktop_notification.terminal_notifier': Not used on non-Darwin systems
[13.094s] INFO:colcon.colcon_core.plugin_system:Skipping extension 'colcon_notification.desktop_notification.win32': Not used on non-Windows systems
[13.095s] INFO:colcon.colcon_notification.desktop_notification:Sending desktop notification using 'notify2'
[13.095s] DEBUG:colcon.colcon_notification.desktop_notification.notify2:Failed to initialize notify2: org.freedesktop.DBus.Error.AccessDenied: Failed to connect to socket /run/user/1001/bus: Operation not permitted
[13.095s] DEBUG:colcon.colcon_core.event_reactor:joined thread
[13.096s] INFO:colcon.colcon_core.shell:Creating prefix script '/home/olhamelnyk/colcon_venv/src/install/local_setup.ps1'
[13.098s] INFO:colcon.colcon_core.shell:Creating prefix util module '/home/olhamelnyk/colcon_venv/src/install/_local_setup_util_ps1.py'
[13.100s] INFO:colcon.colcon_core.shell:Creating prefix chain script '/home/olhamelnyk/colcon_venv/src/install/setup.ps1'
[13.106s] INFO:colcon.colcon_core.shell:Creating prefix script '/home/olhamelnyk/colcon_venv/src/install/local_setup.sh'
[13.107s] INFO:colcon.colcon_core.shell:Creating prefix util module '/home/olhamelnyk/colcon_venv/src/install/_local_setup_util_sh.py'
[13.108s] INFO:colcon.colcon_core.shell:Creating prefix chain script '/home/olhamelnyk/colcon_venv/src/install/setup.sh'
[13.114s] INFO:colcon.colcon_core.shell:Creating prefix script '/home/olhamelnyk/colcon_venv/src/install/local_setup.bash'
[13.115s] INFO:colcon.colcon_core.shell:Creating prefix chain script '/home/olhamelnyk/colcon_venv/src/install/setup.bash'
[13.121s] INFO:colcon.colcon_core.shell:Creating prefix script '/home/olhamelnyk/colcon_venv/src/install/local_setup.zsh'
[13.122s] INFO:colcon.colcon_core.shell:Creating prefix chain script '/home/olhamelnyk/colcon_venv/src/install/setup.zsh'
