[0.191s] DEBUG:colcon:Command line arguments: ['/usr/bin/colcon', 'build', '--packages-select', 'async_pupil_wrapper', '--event-handlers', 'console_direct+']
[0.191s] DEBUG:colcon:Parsed command line arguments: Namespace(log_base=None, log_level=None, verb_name='build', build_base='build', install_base='install', merge_install=False, symlink_install=False, test_result_base=None, continue_on_error=False, executor='parallel', parallel_workers=16, event_handlers=['console_direct+'], ignore_user_meta=False, metas=['./colcon.meta'], base_paths=['.'], packages_ignore=None, packages_ignore_regex=None, paths=None, packages_up_to=None, packages_up_to_regex=None, packages_above=None, packages_above_and_dependencies=None, packages_above_depth=None, packages_select_by_dep=None, packages_skip_by_dep=None, packages_skip_up_to=None, packages_select_build_failed=False, packages_skip_build_finished=False, packages_select_test_failures=False, packages_skip_test_passed=False, packages_select=['async_pupil_wrapper'], packages_skip=None, packages_select_regex=None, packages_skip_regex=None, packages_start=None, packages_end=None, allow_overriding=[], cmake_args=None, cmake_target=None, cmake_target_skip_unavailable=False, cmake_clean_cache=False, cmake_clean_first=False, cmake_force_configure=False, ament_cmake_args=None, catkin_cmake_args=None, catkin_skip_building_tests=False, verb_parser=<colcon_defaults.argument_parser.defaults.DefaultArgumentsDecorator object at 0x715d4fdd2390>, verb_extension=<colcon_core.verb.build.BuildVerb object at 0x715d4fdd2180>, main=<bound method BuildVerb.main of <colcon_core.verb.build.BuildVerb object at 0x715d4fdd2180>>)
[0.249s] Level 1:colcon.colcon_core.package_discovery:discover_packages(colcon_meta) check parameters
[0.249s] Level 1:colcon.colcon_core.package_discovery:discover_packages(recursive) check parameters
[0.249s] Level 1:colcon.colcon_core.package_discovery:discover_packages(ignore) check parameters
[0.249s] Level 1:colcon.colcon_core.package_discovery:discover_packages(path) check parameters
[0.249s] Level 1:colcon.colcon_core.package_discovery:discover_packages(colcon_meta) discover
[0.249s] Level 1:colcon.colcon_core.package_discovery:discover_packages(recursive) discover
[0.249s] INFO:colcon.colcon_core.package_discovery:Crawling recursively for packages in '/home/olhamelnyk/colcon_venv/src'
[0.250s] Level 1:colcon.colcon_core.package_identification:_identify(.) by extensions ['ignore', 'ignore_ament_install']
[0.250s] Level 1:colcon.colcon_core.package_identification:_identify(.) by extension 'ignore'
[0.250s] Level 1:colcon.colcon_core.package_identification:_identify(.) by extension 'ignore_ament_install'
[0.250s] Level 1:colcon.colcon_core.package_identification:_identify(.) by extensions ['colcon_pkg']
[0.250s] Level 1:colcon.colcon_core.package_identification:_identify(.) by extension 'colcon_pkg'
[0.250s] Level 1:colcon.colcon_core.package_identification:_identify(.) by extensions ['colcon_meta']
[0.250s] Level 1:colcon.colcon_core.package_identification:_identify(.) by extension 'colcon_meta'
[0.250s] Level 1:colcon.colcon_core.package_identification:_identify(.) by extensions ['ros']
[0.250s] Level 1:colcon.colcon_core.package_identification:_identify(.) by extension 'ros'
[0.295s] Level 1:colcon.colcon_core.package_identification:_identify(.) by extensions ['cmake', 'python']
[0.295s] Level 1:colcon.colcon_core.package_identification:_identify(.) by extension 'cmake'
[0.296s] Level 1:colcon.colcon_core.package_identification:_identify(.) by extension 'python'
[0.296s] Level 1:colcon.colcon_core.package_identification:_identify(.) by extensions ['python_setup_py']
[0.296s] Level 1:colcon.colcon_core.package_identification:_identify(.) by extension 'python_setup_py'
[0.296s] Level 1:colcon.colcon_core.package_identification:_identify(__pycache__) by extensions ['ignore', 'ignore_ament_install']
[0.296s] Level 1:colcon.colcon_core.package_identification:_identify(__pycache__) by extension 'ignore'
[0.296s] Level 1:colcon.colcon_core.package_identification:_identify(__pycache__) by extension 'ignore_ament_install'
[0.296s] Level 1:colcon.colcon_core.package_identification:_identify(__pycache__) by extensions ['colcon_pkg']
[0.296s] Level 1:colcon.colcon_core.package_identification:_identify(__pycache__) by extension 'colcon_pkg'
[0.296s] Level 1:colcon.colcon_core.package_identification:_identify(__pycache__) by extensions ['colcon_meta']
[0.296s] Level 1:colcon.colcon_core.package_identification:_identify(__pycache__) by extension 'colcon_meta'
[0.296s] Level 1:colcon.colcon_core.package_identification:_identify(__pycache__) by extensions ['ros']
[0.296s] Level 1:colcon.colcon_core.package_identification:_identify(__pycache__) by extension 'ros'
[0.296s] Level 1:colcon.colcon_core.package_identification:_identify(__pycache__) by extensions ['cmake', 'python']
[0.296s] Level 1:colcon.colcon_core.package_identification:_identify(__pycache__) by extension 'cmake'
[0.297s] Level 1:colcon.colcon_core.package_identification:_identify(__pycache__) by extension 'python'
[0.297s] Level 1:colcon.colcon_core.package_identification:_identify(__pycache__) by extensions ['python_setup_py']
[0.297s] Level 1:colcon.colcon_core.package_identification:_identify(__pycache__) by extension 'python_setup_py'
[0.297s] Level 1:colcon.colcon_core.package_identification:_identify(apriltagdetection) by extensions ['ignore', 'ignore_ament_install']
[0.297s] Level 1:colcon.colcon_core.package_identification:_identify(apriltagdetection) by extension 'ignore'
[0.297s] Level 1:colcon.colcon_core.package_identification:_identify(apriltagdetection) by extension 'ignore_ament_install'
[0.297s] Level 1:colcon.colcon_core.package_identification:_identify(apriltagdetection) by extensions ['colcon_pkg']
[0.297s] Level 1:colcon.colcon_core.package_identification:_identify(apriltagdetection) by extension 'colcon_pkg'
[0.297s] Level 1:colcon.colcon_core.package_identification:_identify(apriltagdetection) by extensions ['colcon_meta']
[0.297s] Level 1:colcon.colcon_core.package_identification:_identify(apriltagdetection) by extension 'colcon_meta'
[0.297s] Level 1:colcon.colcon_core.package_identification:_identify(apriltagdetection) by extensions ['ros']
[0.297s] Level 1:colcon.colcon_core.package_identification:_identify(apriltagdetection) by extension 'ros'
[0.300s] DEBUG:colcon.colcon_core.package_identification:Package 'apriltagdetection' with type 'ros.ament_cmake' and name 'apriltagdetection'
[0.300s] Level 1:colcon.colcon_core.package_identification:_identify(async_pupil_wrapper) by extensions ['ignore', 'ignore_ament_install']
[0.300s] Level 1:colcon.colcon_core.package_identification:_identify(async_pupil_wrapper) by extension 'ignore'
[0.300s] Level 1:colcon.colcon_core.package_identification:_identify(async_pupil_wrapper) by extension 'ignore_ament_install'
[0.300s] Level 1:colcon.colcon_core.package_identification:_identify(async_pupil_wrapper) by extensions ['colcon_pkg']
[0.300s] Level 1:colcon.colcon_core.package_identification:_identify(async_pupil_wrapper) by extension 'colcon_pkg'
[0.300s] Level 1:colcon.colcon_core.package_identification:_identify(async_pupil_wrapper) by extensions ['colcon_meta']
[0.300s] Level 1:colcon.colcon_core.package_identification:_identify(async_pupil_wrapper) by extension 'colcon_meta'
[0.300s] Level 1:colcon.colcon_core.package_identification:_identify(async_pupil_wrapper) by extensions ['ros']
[0.301s] Level 1:colcon.colcon_core.package_identification:_identify(async_pupil_wrapper) by extension 'ros'
[0.301s] DEBUG:colcon.colcon_core.package_identification:Package 'async_pupil_wrapper' with type 'ros.ament_python' and name 'async_pupil_wrapper'
[0.301s] Level 1:colcon.colcon_core.package_identification:_identify(blink_interface ) by extensions ['ignore', 'ignore_ament_install']
[0.301s] Level 1:colcon.colcon_core.package_identification:_identify(blink_interface ) by extension 'ignore'
[0.302s] Level 1:colcon.colcon_core.package_identification:_identify(blink_interface ) by extension 'ignore_ament_install'
[0.302s] Level 1:colcon.colcon_core.package_identification:_identify(blink_interface ) by extensions ['colcon_pkg']
[0.302s] Level 1:colcon.colcon_core.package_identification:_identify(blink_interface ) by extension 'colcon_pkg'
[0.302s] Level 1:colcon.colcon_core.package_identification:_identify(blink_interface ) by extensions ['colcon_meta']
[0.302s] Level 1:colcon.colcon_core.package_identification:_identify(blink_interface ) by extension 'colcon_meta'
[0.302s] Level 1:colcon.colcon_core.package_identification:_identify(blink_interface ) by extensions ['ros']
[0.302s] Level 1:colcon.colcon_core.package_identification:_identify(blink_interface ) by extension 'ros'
[0.302s] Level 1:colcon.colcon_core.package_identification:_identify(blink_interface ) by extensions ['cmake', 'python']
[0.302s] Level 1:colcon.colcon_core.package_identification:_identify(blink_interface ) by extension 'cmake'
[0.302s] Level 1:colcon.colcon_core.package_identification:_identify(blink_interface ) by extension 'python'
[0.302s] Level 1:colcon.colcon_core.package_identification:_identify(blink_interface ) by extensions ['python_setup_py']
[0.302s] Level 1:colcon.colcon_core.package_identification:_identify(blink_interface ) by extension 'python_setup_py'
[0.302s] Level 1:colcon.colcon_core.package_identification:_identify(blink_interface /blink_interface ) by extensions ['ignore', 'ignore_ament_install']
[0.302s] Level 1:colcon.colcon_core.package_identification:_identify(blink_interface /blink_interface ) by extension 'ignore'
[0.302s] Level 1:colcon.colcon_core.package_identification:_identify(blink_interface /blink_interface ) by extension 'ignore_ament_install'
[0.302s] Level 1:colcon.colcon_core.package_identification:_identify(blink_interface /blink_interface ) by extensions ['colcon_pkg']
[0.302s] Level 1:colcon.colcon_core.package_identification:_identify(blink_interface /blink_interface ) by extension 'colcon_pkg'
[0.303s] Level 1:colcon.colcon_core.package_identification:_identify(blink_interface /blink_interface ) by extensions ['colcon_meta']
[0.303s] Level 1:colcon.colcon_core.package_identification:_identify(blink_interface /blink_interface ) by extension 'colcon_meta'
[0.303s] Level 1:colcon.colcon_core.package_identification:_identify(blink_interface /blink_interface ) by extensions ['ros']
[0.303s] Level 1:colcon.colcon_core.package_identification:_identify(blink_interface /blink_interface ) by extension 'ros'
[0.303s] DEBUG:colcon.colcon_core.package_identification:Package 'blink_interface /blink_interface ' with type 'ros.ament_cmake' and name 'blink_interface'
[0.304s] Level 1:colcon.colcon_core.package_identification:_identify(build) by extensions ['ignore', 'ignore_ament_install']
[0.304s] Level 1:colcon.colcon_core.package_identification:_identify(build) by extension 'ignore'
[0.304s] Level 1:colcon.colcon_core.package_identification:_identify(build) ignored
[0.304s] Level 1:colcon.colcon_core.package_identification:_identify(egocentric_msg) by extensions ['ignore', 'ignore_ament_install']
[0.304s] Level 1:colcon.colcon_core.package_identification:_identify(egocentric_msg) by extension 'ignore'
[0.304s] Level 1:colcon.colcon_core.package_identification:_identify(egocentric_msg) by extension 'ignore_ament_install'
[0.304s] Level 1:colcon.colcon_core.package_identification:_identify(egocentric_msg) by extensions ['colcon_pkg']
[0.304s] Level 1:colcon.colcon_core.package_identification:_identify(egocentric_msg) by extension 'colcon_pkg'
[0.304s] Level 1:colcon.colcon_core.package_identification:_identify(egocentric_msg) by extensions ['colcon_meta']
[0.304s] Level 1:colcon.colcon_core.package_identification:_identify(egocentric_msg) by extension 'colcon_meta'
[0.304s] Level 1:colcon.colcon_core.package_identification:_identify(egocentric_msg) by extensions ['ros']
[0.304s] Level 1:colcon.colcon_core.package_identification:_identify(egocentric_msg) by extension 'ros'
[0.305s] DEBUG:colcon.colcon_core.package_identification:Package 'egocentric_msg' with type 'ros.ament_cmake' and name 'egocentric_msg'
[0.305s] Level 1:colcon.colcon_core.package_identification:_identify(gaze_interface) by extensions ['ignore', 'ignore_ament_install']
[0.305s] Level 1:colcon.colcon_core.package_identification:_identify(gaze_interface) by extension 'ignore'
[0.305s] Level 1:colcon.colcon_core.package_identification:_identify(gaze_interface) by extension 'ignore_ament_install'
[0.305s] Level 1:colcon.colcon_core.package_identification:_identify(gaze_interface) by extensions ['colcon_pkg']
[0.305s] Level 1:colcon.colcon_core.package_identification:_identify(gaze_interface) by extension 'colcon_pkg'
[0.305s] Level 1:colcon.colcon_core.package_identification:_identify(gaze_interface) by extensions ['colcon_meta']
[0.305s] Level 1:colcon.colcon_core.package_identification:_identify(gaze_interface) by extension 'colcon_meta'
[0.305s] Level 1:colcon.colcon_core.package_identification:_identify(gaze_interface) by extensions ['ros']
[0.305s] Level 1:colcon.colcon_core.package_identification:_identify(gaze_interface) by extension 'ros'
[0.306s] DEBUG:colcon.colcon_core.package_identification:Package 'gaze_interface' with type 'ros.ament_cmake' and name 'gaze_interface'
[0.306s] Level 1:colcon.colcon_core.package_identification:_identify(imu_interface) by extensions ['ignore', 'ignore_ament_install']
[0.306s] Level 1:colcon.colcon_core.package_identification:_identify(imu_interface) by extension 'ignore'
[0.306s] Level 1:colcon.colcon_core.package_identification:_identify(imu_interface) by extension 'ignore_ament_install'
[0.306s] Level 1:colcon.colcon_core.package_identification:_identify(imu_interface) by extensions ['colcon_pkg']
[0.306s] Level 1:colcon.colcon_core.package_identification:_identify(imu_interface) by extension 'colcon_pkg'
[0.307s] Level 1:colcon.colcon_core.package_identification:_identify(imu_interface) by extensions ['colcon_meta']
[0.307s] Level 1:colcon.colcon_core.package_identification:_identify(imu_interface) by extension 'colcon_meta'
[0.307s] Level 1:colcon.colcon_core.package_identification:_identify(imu_interface) by extensions ['ros']
[0.307s] Level 1:colcon.colcon_core.package_identification:_identify(imu_interface) by extension 'ros'
[0.307s] DEBUG:colcon.colcon_core.package_identification:Package 'imu_interface' with type 'ros.ament_cmake' and name 'imu_interface'
[0.307s] Level 1:colcon.colcon_core.package_identification:_identify(install) by extensions ['ignore', 'ignore_ament_install']
[0.308s] Level 1:colcon.colcon_core.package_identification:_identify(install) by extension 'ignore'
[0.308s] Level 1:colcon.colcon_core.package_identification:_identify(install) ignored
[0.308s] Level 1:colcon.colcon_core.package_identification:_identify(latency_tools) by extensions ['ignore', 'ignore_ament_install']
[0.308s] Level 1:colcon.colcon_core.package_identification:_identify(latency_tools) by extension 'ignore'
[0.308s] Level 1:colcon.colcon_core.package_identification:_identify(latency_tools) by extension 'ignore_ament_install'
[0.308s] Level 1:colcon.colcon_core.package_identification:_identify(latency_tools) by extensions ['colcon_pkg']
[0.308s] Level 1:colcon.colcon_core.package_identification:_identify(latency_tools) by extension 'colcon_pkg'
[0.308s] Level 1:colcon.colcon_core.package_identification:_identify(latency_tools) by extensions ['colcon_meta']
[0.308s] Level 1:colcon.colcon_core.package_identification:_identify(latency_tools) by extension 'colcon_meta'
[0.308s] Level 1:colcon.colcon_core.package_identification:_identify(latency_tools) by extensions ['ros']
[0.308s] Level 1:colcon.colcon_core.package_identification:_identify(latency_tools) by extension 'ros'
[0.309s] DEBUG:colcon.colcon_core.package_identification:Package 'latency_tools' with type 'ros.ament_python' and name 'latency_tools'
[0.309s] Level 1:colcon.colcon_core.package_identification:_identify(log) by extensions ['ignore', 'ignore_ament_install']
[0.309s] Level 1:colcon.colcon_core.package_identification:_identify(log) by extension 'ignore'
[0.309s] Level 1:colcon.colcon_core.package_identification:_identify(log) ignored
[0.309s] Level 1:colcon.colcon_core.package_identification:_identify(pupil_labs_wrapper) by extensions ['ignore', 'ignore_ament_install']
[0.309s] Level 1:colcon.colcon_core.package_identification:_identify(pupil_labs_wrapper) by extension 'ignore'
[0.309s] Level 1:colcon.colcon_core.package_identification:_identify(pupil_labs_wrapper) by extension 'ignore_ament_install'
[0.310s] Level 1:colcon.colcon_core.package_identification:_identify(pupil_labs_wrapper) by extensions ['colcon_pkg']
[0.310s] Level 1:colcon.colcon_core.package_identification:_identify(pupil_labs_wrapper) by extension 'colcon_pkg'
[0.310s] Level 1:colcon.colcon_core.package_identification:_identify(pupil_labs_wrapper) by extensions ['colcon_meta']
[0.310s] Level 1:colcon.colcon_core.package_identification:_identify(pupil_labs_wrapper) by extension 'colcon_meta'
[0.310s] Level 1:colcon.colcon_core.package_identification:_identify(pupil_labs_wrapper) by extensions ['ros']
[0.310s] Level 1:colcon.colcon_core.package_identification:_identify(pupil_labs_wrapper) by extension 'ros'
[0.311s] DEBUG:colcon.colcon_core.package_identification:Package 'pupil_labs_wrapper' with type 'ros.ament_python' and name 'pupil_labs_wrapper'
[0.311s] Level 1:colcon.colcon_core.package_identification:_identify(recording_blink) by extensions ['ignore', 'ignore_ament_install']
[0.311s] Level 1:colcon.colcon_core.package_identification:_identify(recording_blink) by extension 'ignore'
[0.311s] Level 1:colcon.colcon_core.package_identification:_identify(recording_blink) by extension 'ignore_ament_install'
[0.311s] Level 1:colcon.colcon_core.package_identification:_identify(recording_blink) by extensions ['colcon_pkg']
[0.311s] Level 1:colcon.colcon_core.package_identification:_identify(recording_blink) by extension 'colcon_pkg'
[0.311s] Level 1:colcon.colcon_core.package_identification:_identify(recording_blink) by extensions ['colcon_meta']
[0.311s] Level 1:colcon.colcon_core.package_identification:_identify(recording_blink) by extension 'colcon_meta'
[0.311s] Level 1:colcon.colcon_core.package_identification:_identify(recording_blink) by extensions ['ros']
[0.311s] Level 1:colcon.colcon_core.package_identification:_identify(recording_blink) by extension 'ros'
[0.312s] DEBUG:colcon.colcon_core.package_identification:Package 'recording_blink' with type 'ros.ament_python' and name 'recording_blink'
[0.312s] Level 1:colcon.colcon_core.package_identification:_identify(recording_controller_pkg) by extensions ['ignore', 'ignore_ament_install']
[0.312s] Level 1:colcon.colcon_core.package_identification:_identify(recording_controller_pkg) by extension 'ignore'
[0.312s] Level 1:colcon.colcon_core.package_identification:_identify(recording_controller_pkg) by extension 'ignore_ament_install'
[0.312s] Level 1:colcon.colcon_core.package_identification:_identify(recording_controller_pkg) by extensions ['colcon_pkg']
[0.312s] Level 1:colcon.colcon_core.package_identification:_identify(recording_controller_pkg) by extension 'colcon_pkg'
[0.313s] Level 1:colcon.colcon_core.package_identification:_identify(recording_controller_pkg) by extensions ['colcon_meta']
[0.313s] Level 1:colcon.colcon_core.package_identification:_identify(recording_controller_pkg) by extension 'colcon_meta'
[0.313s] Level 1:colcon.colcon_core.package_identification:_identify(recording_controller_pkg) by extensions ['ros']
[0.313s] Level 1:colcon.colcon_core.package_identification:_identify(recording_controller_pkg) by extension 'ros'
[0.313s] DEBUG:colcon.colcon_core.package_identification:Package 'recording_controller_pkg' with type 'ros.ament_python' and name 'recording_controller_pkg'
[0.314s] Level 1:colcon.colcon_core.package_identification:_identify(recording_gaze) by extensions ['ignore', 'ignore_ament_install']
[0.314s] Level 1:colcon.colcon_core.package_identification:_identify(recording_gaze) by extension 'ignore'
[0.314s] Level 1:colcon.colcon_core.package_identification:_identify(recording_gaze) by extension 'ignore_ament_install'
[0.314s] Level 1:colcon.colcon_core.package_identification:_identify(recording_gaze) by extensions ['colcon_pkg']
[0.314s] Level 1:colcon.colcon_core.package_identification:_identify(recording_gaze) by extension 'colcon_pkg'
[0.314s] Level 1:colcon.colcon_core.package_identification:_identify(recording_gaze) by extensions ['colcon_meta']
[0.314s] Level 1:colcon.colcon_core.package_identification:_identify(recording_gaze) by extension 'colcon_meta'
[0.314s] Level 1:colcon.colcon_core.package_identification:_identify(recording_gaze) by extensions ['ros']
[0.314s] Level 1:colcon.colcon_core.package_identification:_identify(recording_gaze) by extension 'ros'
[0.315s] DEBUG:colcon.colcon_core.package_identification:Package 'recording_gaze' with type 'ros.ament_python' and name 'recording_gaze'
[0.315s] Level 1:colcon.colcon_core.package_identification:_identify(recording_imu) by extensions ['ignore', 'ignore_ament_install']
[0.315s] Level 1:colcon.colcon_core.package_identification:_identify(recording_imu) by extension 'ignore'
[0.315s] Level 1:colcon.colcon_core.package_identification:_identify(recording_imu) by extension 'ignore_ament_install'
[0.316s] Level 1:colcon.colcon_core.package_identification:_identify(recording_imu) by extensions ['colcon_pkg']
[0.316s] Level 1:colcon.colcon_core.package_identification:_identify(recording_imu) by extension 'colcon_pkg'
[0.316s] Level 1:colcon.colcon_core.package_identification:_identify(recording_imu) by extensions ['colcon_meta']
[0.316s] Level 1:colcon.colcon_core.package_identification:_identify(recording_imu) by extension 'colcon_meta'
[0.316s] Level 1:colcon.colcon_core.package_identification:_identify(recording_imu) by extensions ['ros']
[0.316s] Level 1:colcon.colcon_core.package_identification:_identify(recording_imu) by extension 'ros'
[0.317s] DEBUG:colcon.colcon_core.package_identification:Package 'recording_imu' with type 'ros.ament_python' and name 'recording_imu'
[0.317s] Level 1:colcon.colcon_core.package_identification:_identify(recording_scene) by extensions ['ignore', 'ignore_ament_install']
[0.317s] Level 1:colcon.colcon_core.package_identification:_identify(recording_scene) by extension 'ignore'
[0.317s] Level 1:colcon.colcon_core.package_identification:_identify(recording_scene) by extension 'ignore_ament_install'
[0.317s] Level 1:colcon.colcon_core.package_identification:_identify(recording_scene) by extensions ['colcon_pkg']
[0.317s] Level 1:colcon.colcon_core.package_identification:_identify(recording_scene) by extension 'colcon_pkg'
[0.317s] Level 1:colcon.colcon_core.package_identification:_identify(recording_scene) by extensions ['colcon_meta']
[0.317s] Level 1:colcon.colcon_core.package_identification:_identify(recording_scene) by extension 'colcon_meta'
[0.317s] Level 1:colcon.colcon_core.package_identification:_identify(recording_scene) by extensions ['ros']
[0.317s] Level 1:colcon.colcon_core.package_identification:_identify(recording_scene) by extension 'ros'
[0.318s] DEBUG:colcon.colcon_core.package_identification:Package 'recording_scene' with type 'ros.ament_python' and name 'recording_scene'
[0.318s] Level 1:colcon.colcon_core.package_identification:_identify(recording_scene_cpp) by extensions ['ignore', 'ignore_ament_install']
[0.318s] Level 1:colcon.colcon_core.package_identification:_identify(recording_scene_cpp) by extension 'ignore'
[0.318s] Level 1:colcon.colcon_core.package_identification:_identify(recording_scene_cpp) by extension 'ignore_ament_install'
[0.318s] Level 1:colcon.colcon_core.package_identification:_identify(recording_scene_cpp) by extensions ['colcon_pkg']
[0.318s] Level 1:colcon.colcon_core.package_identification:_identify(recording_scene_cpp) by extension 'colcon_pkg'
[0.318s] Level 1:colcon.colcon_core.package_identification:_identify(recording_scene_cpp) by extensions ['colcon_meta']
[0.318s] Level 1:colcon.colcon_core.package_identification:_identify(recording_scene_cpp) by extension 'colcon_meta'
[0.318s] Level 1:colcon.colcon_core.package_identification:_identify(recording_scene_cpp) by extensions ['ros']
[0.319s] Level 1:colcon.colcon_core.package_identification:_identify(recording_scene_cpp) by extension 'ros'
[0.319s] DEBUG:colcon.colcon_core.package_identification:Package 'recording_scene_cpp' with type 'ros.ament_cmake' and name 'recording_scene_cpp'
[0.320s] Level 1:colcon.colcon_core.package_identification:_identify(recording_scene_python) by extensions ['ignore', 'ignore_ament_install']
[0.320s] Level 1:colcon.colcon_core.package_identification:_identify(recording_scene_python) by extension 'ignore'
[0.320s] Level 1:colcon.colcon_core.package_identification:_identify(recording_scene_python) by extension 'ignore_ament_install'
[0.320s] Level 1:colcon.colcon_core.package_identification:_identify(recording_scene_python) by extensions ['colcon_pkg']
[0.320s] Level 1:colcon.colcon_core.package_identification:_identify(recording_scene_python) by extension 'colcon_pkg'
[0.320s] Level 1:colcon.colcon_core.package_identification:_identify(recording_scene_python) by extensions ['colcon_meta']
[0.320s] Level 1:colcon.colcon_core.package_identification:_identify(recording_scene_python) by extension 'colcon_meta'
[0.320s] Level 1:colcon.colcon_core.package_identification:_identify(recording_scene_python) by extensions ['ros']
[0.320s] Level 1:colcon.colcon_core.package_identification:_identify(recording_scene_python) by extension 'ros'
[0.321s] DEBUG:colcon.colcon_core.package_identification:Package 'recording_scene_python' with type 'ros.ament_python' and name 'recording_scene_python'
[0.321s] Level 1:colcon.colcon_core.package_identification:_identify(recording_zed_depth) by extensions ['ignore', 'ignore_ament_install']
[0.321s] Level 1:colcon.colcon_core.package_identification:_identify(recording_zed_depth) by extension 'ignore'
[0.321s] Level 1:colcon.colcon_core.package_identification:_identify(recording_zed_depth) by extension 'ignore_ament_install'
[0.321s] Level 1:colcon.colcon_core.package_identification:_identify(recording_zed_depth) by extensions ['colcon_pkg']
[0.321s] Level 1:colcon.colcon_core.package_identification:_identify(recording_zed_depth) by extension 'colcon_pkg'
[0.321s] Level 1:colcon.colcon_core.package_identification:_identify(recording_zed_depth) by extensions ['colcon_meta']
[0.321s] Level 1:colcon.colcon_core.package_identification:_identify(recording_zed_depth) by extension 'colcon_meta'
[0.321s] Level 1:colcon.colcon_core.package_identification:_identify(recording_zed_depth) by extensions ['ros']
[0.321s] Level 1:colcon.colcon_core.package_identification:_identify(recording_zed_depth) by extension 'ros'
[0.322s] DEBUG:colcon.colcon_core.package_identification:Package 'recording_zed_depth' with type 'ros.ament_python' and name 'recording_zed_depth'
[0.322s] Level 1:colcon.colcon_core.package_identification:_identify(recording_zed_depth_rgb) by extensions ['ignore', 'ignore_ament_install']
[0.322s] Level 1:colcon.colcon_core.package_identification:_identify(recording_zed_depth_rgb) by extension 'ignore'
[0.322s] Level 1:colcon.colcon_core.package_identification:_identify(recording_zed_depth_rgb) by extension 'ignore_ament_install'
[0.322s] Level 1:colcon.colcon_core.package_identification:_identify(recording_zed_depth_rgb) by extensions ['colcon_pkg']
[0.323s] Level 1:colcon.colcon_core.package_identification:_identify(recording_zed_depth_rgb) by extension 'colcon_pkg'
[0.323s] Level 1:colcon.colcon_core.package_identification:_identify(recording_zed_depth_rgb) by extensions ['colcon_meta']
[0.323s] Level 1:colcon.colcon_core.package_identification:_identify(recording_zed_depth_rgb) by extension 'colcon_meta'
[0.323s] Level 1:colcon.colcon_core.package_identification:_identify(recording_zed_depth_rgb) by extensions ['ros']
[0.323s] Level 1:colcon.colcon_core.package_identification:_identify(recording_zed_depth_rgb) by extension 'ros'
[0.323s] DEBUG:colcon.colcon_core.package_identification:Package 'recording_zed_depth_rgb' with type 'ros.ament_python' and name 'recording_zed_depth_rgb'
[0.324s] Level 1:colcon.colcon_core.package_identification:_identify(recording_zed_rgb) by extensions ['ignore', 'ignore_ament_install']
[0.324s] Level 1:colcon.colcon_core.package_identification:_identify(recording_zed_rgb) by extension 'ignore'
[0.324s] Level 1:colcon.colcon_core.package_identification:_identify(recording_zed_rgb) by extension 'ignore_ament_install'
[0.324s] Level 1:colcon.colcon_core.package_identification:_identify(recording_zed_rgb) by extensions ['colcon_pkg']
[0.324s] Level 1:colcon.colcon_core.package_identification:_identify(recording_zed_rgb) by extension 'colcon_pkg'
[0.324s] Level 1:colcon.colcon_core.package_identification:_identify(recording_zed_rgb) by extensions ['colcon_meta']
[0.324s] Level 1:colcon.colcon_core.package_identification:_identify(recording_zed_rgb) by extension 'colcon_meta'
[0.324s] Level 1:colcon.colcon_core.package_identification:_identify(recording_zed_rgb) by extensions ['ros']
[0.324s] Level 1:colcon.colcon_core.package_identification:_identify(recording_zed_rgb) by extension 'ros'
[0.325s] DEBUG:colcon.colcon_core.package_identification:Package 'recording_zed_rgb' with type 'ros.ament_python' and name 'recording_zed_rgb'
[0.325s] Level 1:colcon.colcon_core.package_identification:_identify(testing_realtime_api) by extensions ['ignore', 'ignore_ament_install']
[0.325s] Level 1:colcon.colcon_core.package_identification:_identify(testing_realtime_api) by extension 'ignore'
[0.325s] Level 1:colcon.colcon_core.package_identification:_identify(testing_realtime_api) by extension 'ignore_ament_install'
[0.325s] Level 1:colcon.colcon_core.package_identification:_identify(testing_realtime_api) by extensions ['colcon_pkg']
[0.325s] Level 1:colcon.colcon_core.package_identification:_identify(testing_realtime_api) by extension 'colcon_pkg'
[0.325s] Level 1:colcon.colcon_core.package_identification:_identify(testing_realtime_api) by extensions ['colcon_meta']
[0.325s] Level 1:colcon.colcon_core.package_identification:_identify(testing_realtime_api) by extension 'colcon_meta'
[0.325s] Level 1:colcon.colcon_core.package_identification:_identify(testing_realtime_api) by extensions ['ros']
[0.325s] Level 1:colcon.colcon_core.package_identification:_identify(testing_realtime_api) by extension 'ros'
[0.325s] Level 1:colcon.colcon_core.package_identification:_identify(testing_realtime_api) by extensions ['cmake', 'python']
[0.325s] Level 1:colcon.colcon_core.package_identification:_identify(testing_realtime_api) by extension 'cmake'
[0.325s] Level 1:colcon.colcon_core.package_identification:_identify(testing_realtime_api) by extension 'python'
[0.326s] Level 1:colcon.colcon_core.package_identification:_identify(testing_realtime_api) by extensions ['python_setup_py']
[0.326s] Level 1:colcon.colcon_core.package_identification:_identify(testing_realtime_api) by extension 'python_setup_py'
[0.326s] Level 1:colcon.colcon_core.package_identification:_identify(testing_realtime_api/ ) by extensions ['ignore', 'ignore_ament_install']
[0.326s] Level 1:colcon.colcon_core.package_identification:_identify(testing_realtime_api/ ) by extension 'ignore'
[0.326s] Level 1:colcon.colcon_core.package_identification:_identify(testing_realtime_api/ ) by extension 'ignore_ament_install'
[0.326s] Level 1:colcon.colcon_core.package_identification:_identify(testing_realtime_api/ ) by extensions ['colcon_pkg']
[0.326s] Level 1:colcon.colcon_core.package_identification:_identify(testing_realtime_api/ ) by extension 'colcon_pkg'
[0.326s] Level 1:colcon.colcon_core.package_identification:_identify(testing_realtime_api/ ) by extensions ['colcon_meta']
[0.326s] Level 1:colcon.colcon_core.package_identification:_identify(testing_realtime_api/ ) by extension 'colcon_meta'
[0.326s] Level 1:colcon.colcon_core.package_identification:_identify(testing_realtime_api/ ) by extensions ['ros']
[0.326s] Level 1:colcon.colcon_core.package_identification:_identify(testing_realtime_api/ ) by extension 'ros'
[0.326s] Level 1:colcon.colcon_core.package_identification:_identify(testing_realtime_api/ ) by extensions ['cmake', 'python']
[0.326s] Level 1:colcon.colcon_core.package_identification:_identify(testing_realtime_api/ ) by extension 'cmake'
[0.326s] Level 1:colcon.colcon_core.package_identification:_identify(testing_realtime_api/ ) by extension 'python'
[0.326s] Level 1:colcon.colcon_core.package_identification:_identify(testing_realtime_api/ ) by extensions ['python_setup_py']
[0.326s] Level 1:colcon.colcon_core.package_identification:_identify(testing_realtime_api/ ) by extension 'python_setup_py'
[0.326s] Level 1:colcon.colcon_core.package_identification:_identify(testing_realtime_api/ /home) by extensions ['ignore', 'ignore_ament_install']
[0.327s] Level 1:colcon.colcon_core.package_identification:_identify(testing_realtime_api/ /home) by extension 'ignore'
[0.327s] Level 1:colcon.colcon_core.package_identification:_identify(testing_realtime_api/ /home) by extension 'ignore_ament_install'
[0.327s] Level 1:colcon.colcon_core.package_identification:_identify(testing_realtime_api/ /home) by extensions ['colcon_pkg']
[0.327s] Level 1:colcon.colcon_core.package_identification:_identify(testing_realtime_api/ /home) by extension 'colcon_pkg'
[0.327s] Level 1:colcon.colcon_core.package_identification:_identify(testing_realtime_api/ /home) by extensions ['colcon_meta']
[0.327s] Level 1:colcon.colcon_core.package_identification:_identify(testing_realtime_api/ /home) by extension 'colcon_meta'
[0.327s] Level 1:colcon.colcon_core.package_identification:_identify(testing_realtime_api/ /home) by extensions ['ros']
[0.327s] Level 1:colcon.colcon_core.package_identification:_identify(testing_realtime_api/ /home) by extension 'ros'
[0.327s] Level 1:colcon.colcon_core.package_identification:_identify(testing_realtime_api/ /home) by extensions ['cmake', 'python']
[0.327s] Level 1:colcon.colcon_core.package_identification:_identify(testing_realtime_api/ /home) by extension 'cmake'
[0.327s] Level 1:colcon.colcon_core.package_identification:_identify(testing_realtime_api/ /home) by extension 'python'
[0.327s] Level 1:colcon.colcon_core.package_identification:_identify(testing_realtime_api/ /home) by extensions ['python_setup_py']
[0.327s] Level 1:colcon.colcon_core.package_identification:_identify(testing_realtime_api/ /home) by extension 'python_setup_py'
[0.327s] Level 1:colcon.colcon_core.package_identification:_identify(testing_realtime_api/ /home/olhamelnyk) by extensions ['ignore', 'ignore_ament_install']
[0.327s] Level 1:colcon.colcon_core.package_identification:_identify(testing_realtime_api/ /home/olhamelnyk) by extension 'ignore'
[0.327s] Level 1:colcon.colcon_core.package_identification:_identify(testing_realtime_api/ /home/olhamelnyk) by extension 'ignore_ament_install'
[0.328s] Level 1:colcon.colcon_core.package_identification:_identify(testing_realtime_api/ /home/olhamelnyk) by extensions ['colcon_pkg']
[0.328s] Level 1:colcon.colcon_core.package_identification:_identify(testing_realtime_api/ /home/olhamelnyk) by extension 'colcon_pkg'
[0.328s] Level 1:colcon.colcon_core.package_identification:_identify(testing_realtime_api/ /home/olhamelnyk) by extensions ['colcon_meta']
[0.328s] Level 1:colcon.colcon_core.package_identification:_identify(testing_realtime_api/ /home/olhamelnyk) by extension 'colcon_meta'
[0.328s] Level 1:colcon.colcon_core.package_identification:_identify(testing_realtime_api/ /home/olhamelnyk) by extensions ['ros']
[0.328s] Level 1:colcon.colcon_core.package_identification:_identify(testing_realtime_api/ /home/olhamelnyk) by extension 'ros'
[0.328s] Level 1:colcon.colcon_core.package_identification:_identify(testing_realtime_api/ /home/olhamelnyk) by extensions ['cmake', 'python']
[0.328s] Level 1:colcon.colcon_core.package_identification:_identify(testing_realtime_api/ /home/olhamelnyk) by extension 'cmake'
[0.328s] Level 1:colcon.colcon_core.package_identification:_identify(testing_realtime_api/ /home/olhamelnyk) by extension 'python'
[0.328s] Level 1:colcon.colcon_core.package_identification:_identify(testing_realtime_api/ /home/olhamelnyk) by extensions ['python_setup_py']
[0.328s] Level 1:colcon.colcon_core.package_identification:_identify(testing_realtime_api/ /home/olhamelnyk) by extension 'python_setup_py'
[0.328s] Level 1:colcon.colcon_core.package_identification:_identify(testing_realtime_api/ /home/olhamelnyk/colcon_venv) by extensions ['ignore', 'ignore_ament_install']
[0.328s] Level 1:colcon.colcon_core.package_identification:_identify(testing_realtime_api/ /home/olhamelnyk/colcon_venv) by extension 'ignore'
[0.328s] Level 1:colcon.colcon_core.package_identification:_identify(testing_realtime_api/ /home/olhamelnyk/colcon_venv) by extension 'ignore_ament_install'
[0.329s] Level 1:colcon.colcon_core.package_identification:_identify(testing_realtime_api/ /home/olhamelnyk/colcon_venv) by extensions ['colcon_pkg']
[0.329s] Level 1:colcon.colcon_core.package_identification:_identify(testing_realtime_api/ /home/olhamelnyk/colcon_venv) by extension 'colcon_pkg'
[0.329s] Level 1:colcon.colcon_core.package_identification:_identify(testing_realtime_api/ /home/olhamelnyk/colcon_venv) by extensions ['colcon_meta']
[0.329s] Level 1:colcon.colcon_core.package_identification:_identify(testing_realtime_api/ /home/olhamelnyk/colcon_venv) by extension 'colcon_meta'
[0.329s] Level 1:colcon.colcon_core.package_identification:_identify(testing_realtime_api/ /home/olhamelnyk/colcon_venv) by extensions ['ros']
[0.329s] Level 1:colcon.colcon_core.package_identification:_identify(testing_realtime_api/ /home/olhamelnyk/colcon_venv) by extension 'ros'
[0.329s] Level 1:colcon.colcon_core.package_identification:_identify(testing_realtime_api/ /home/olhamelnyk/colcon_venv) by extensions ['cmake', 'python']
[0.329s] Level 1:colcon.colcon_core.package_identification:_identify(testing_realtime_api/ /home/olhamelnyk/colcon_venv) by extension 'cmake'
[0.329s] Level 1:colcon.colcon_core.package_identification:_identify(testing_realtime_api/ /home/olhamelnyk/colcon_venv) by extension 'python'
[0.329s] Level 1:colcon.colcon_core.package_identification:_identify(testing_realtime_api/ /home/olhamelnyk/colcon_venv) by extensions ['python_setup_py']
[0.329s] Level 1:colcon.colcon_core.package_identification:_identify(testing_realtime_api/ /home/olhamelnyk/colcon_venv) by extension 'python_setup_py'
[0.329s] Level 1:colcon.colcon_core.package_identification:_identify(testing_realtime_api/ /home/olhamelnyk/colcon_venv/recordings) by extensions ['ignore', 'ignore_ament_install']
[0.329s] Level 1:colcon.colcon_core.package_identification:_identify(testing_realtime_api/ /home/olhamelnyk/colcon_venv/recordings) by extension 'ignore'
[0.329s] Level 1:colcon.colcon_core.package_identification:_identify(testing_realtime_api/ /home/olhamelnyk/colcon_venv/recordings) by extension 'ignore_ament_install'
[0.329s] Level 1:colcon.colcon_core.package_identification:_identify(testing_realtime_api/ /home/olhamelnyk/colcon_venv/recordings) by extensions ['colcon_pkg']
[0.329s] Level 1:colcon.colcon_core.package_identification:_identify(testing_realtime_api/ /home/olhamelnyk/colcon_venv/recordings) by extension 'colcon_pkg'
[0.330s] Level 1:colcon.colcon_core.package_identification:_identify(testing_realtime_api/ /home/olhamelnyk/colcon_venv/recordings) by extensions ['colcon_meta']
[0.330s] Level 1:colcon.colcon_core.package_identification:_identify(testing_realtime_api/ /home/olhamelnyk/colcon_venv/recordings) by extension 'colcon_meta'
[0.330s] Level 1:colcon.colcon_core.package_identification:_identify(testing_realtime_api/ /home/olhamelnyk/colcon_venv/recordings) by extensions ['ros']
[0.330s] Level 1:colcon.colcon_core.package_identification:_identify(testing_realtime_api/ /home/olhamelnyk/colcon_venv/recordings) by extension 'ros'
[0.330s] Level 1:colcon.colcon_core.package_identification:_identify(testing_realtime_api/ /home/olhamelnyk/colcon_venv/recordings) by extensions ['cmake', 'python']
[0.330s] Level 1:colcon.colcon_core.package_identification:_identify(testing_realtime_api/ /home/olhamelnyk/colcon_venv/recordings) by extension 'cmake'
[0.330s] Level 1:colcon.colcon_core.package_identification:_identify(testing_realtime_api/ /home/olhamelnyk/colcon_venv/recordings) by extension 'python'
[0.330s] Level 1:colcon.colcon_core.package_identification:_identify(testing_realtime_api/ /home/olhamelnyk/colcon_venv/recordings) by extensions ['python_setup_py']
[0.330s] Level 1:colcon.colcon_core.package_identification:_identify(testing_realtime_api/ /home/olhamelnyk/colcon_venv/recordings) by extension 'python_setup_py'
[0.330s] Level 1:colcon.colcon_core.package_identification:_identify(testing_realtime_api/ /home/olhamelnyk/colcon_venv/recordings/recording_BEFR07_comp) by extensions ['ignore', 'ignore_ament_install']
[0.330s] Level 1:colcon.colcon_core.package_identification:_identify(testing_realtime_api/ /home/olhamelnyk/colcon_venv/recordings/recording_BEFR07_comp) by extension 'ignore'
[0.330s] Level 1:colcon.colcon_core.package_identification:_identify(testing_realtime_api/ /home/olhamelnyk/colcon_venv/recordings/recording_BEFR07_comp) by extension 'ignore_ament_install'
[0.330s] Level 1:colcon.colcon_core.package_identification:_identify(testing_realtime_api/ /home/olhamelnyk/colcon_venv/recordings/recording_BEFR07_comp) by extensions ['colcon_pkg']
[0.330s] Level 1:colcon.colcon_core.package_identification:_identify(testing_realtime_api/ /home/olhamelnyk/colcon_venv/recordings/recording_BEFR07_comp) by extension 'colcon_pkg'
[0.331s] Level 1:colcon.colcon_core.package_identification:_identify(testing_realtime_api/ /home/olhamelnyk/colcon_venv/recordings/recording_BEFR07_comp) by extensions ['colcon_meta']
[0.331s] Level 1:colcon.colcon_core.package_identification:_identify(testing_realtime_api/ /home/olhamelnyk/colcon_venv/recordings/recording_BEFR07_comp) by extension 'colcon_meta'
[0.331s] Level 1:colcon.colcon_core.package_identification:_identify(testing_realtime_api/ /home/olhamelnyk/colcon_venv/recordings/recording_BEFR07_comp) by extensions ['ros']
[0.331s] Level 1:colcon.colcon_core.package_identification:_identify(testing_realtime_api/ /home/olhamelnyk/colcon_venv/recordings/recording_BEFR07_comp) by extension 'ros'
[0.331s] Level 1:colcon.colcon_core.package_identification:_identify(testing_realtime_api/ /home/olhamelnyk/colcon_venv/recordings/recording_BEFR07_comp) by extensions ['cmake', 'python']
[0.331s] Level 1:colcon.colcon_core.package_identification:_identify(testing_realtime_api/ /home/olhamelnyk/colcon_venv/recordings/recording_BEFR07_comp) by extension 'cmake'
[0.331s] Level 1:colcon.colcon_core.package_identification:_identify(testing_realtime_api/ /home/olhamelnyk/colcon_venv/recordings/recording_BEFR07_comp) by extension 'python'
[0.331s] Level 1:colcon.colcon_core.package_identification:_identify(testing_realtime_api/ /home/olhamelnyk/colcon_venv/recordings/recording_BEFR07_comp) by extensions ['python_setup_py']
[0.331s] Level 1:colcon.colcon_core.package_identification:_identify(testing_realtime_api/ /home/olhamelnyk/colcon_venv/recordings/recording_BEFR07_comp) by extension 'python_setup_py'
[0.331s] Level 1:colcon.colcon_core.package_identification:_identify(testing_realtime_api/ /home/olhamelnyk/colcon_venv/recordings/recording_MALU09_comp) by extensions ['ignore', 'ignore_ament_install']
[0.331s] Level 1:colcon.colcon_core.package_identification:_identify(testing_realtime_api/ /home/olhamelnyk/colcon_venv/recordings/recording_MALU09_comp) by extension 'ignore'
[0.331s] Level 1:colcon.colcon_core.package_identification:_identify(testing_realtime_api/ /home/olhamelnyk/colcon_venv/recordings/recording_MALU09_comp) by extension 'ignore_ament_install'
[0.331s] Level 1:colcon.colcon_core.package_identification:_identify(testing_realtime_api/ /home/olhamelnyk/colcon_venv/recordings/recording_MALU09_comp) by extensions ['colcon_pkg']
[0.331s] Level 1:colcon.colcon_core.package_identification:_identify(testing_realtime_api/ /home/olhamelnyk/colcon_venv/recordings/recording_MALU09_comp) by extension 'colcon_pkg'
[0.331s] Level 1:colcon.colcon_core.package_identification:_identify(testing_realtime_api/ /home/olhamelnyk/colcon_venv/recordings/recording_MALU09_comp) by extensions ['colcon_meta']
[0.332s] Level 1:colcon.colcon_core.package_identification:_identify(testing_realtime_api/ /home/olhamelnyk/colcon_venv/recordings/recording_MALU09_comp) by extension 'colcon_meta'
[0.332s] Level 1:colcon.colcon_core.package_identification:_identify(testing_realtime_api/ /home/olhamelnyk/colcon_venv/recordings/recording_MALU09_comp) by extensions ['ros']
[0.332s] Level 1:colcon.colcon_core.package_identification:_identify(testing_realtime_api/ /home/olhamelnyk/colcon_venv/recordings/recording_MALU09_comp) by extension 'ros'
[0.332s] Level 1:colcon.colcon_core.package_identification:_identify(testing_realtime_api/ /home/olhamelnyk/colcon_venv/recordings/recording_MALU09_comp) by extensions ['cmake', 'python']
[0.332s] Level 1:colcon.colcon_core.package_identification:_identify(testing_realtime_api/ /home/olhamelnyk/colcon_venv/recordings/recording_MALU09_comp) by extension 'cmake'
[0.332s] Level 1:colcon.colcon_core.package_identification:_identify(testing_realtime_api/ /home/olhamelnyk/colcon_venv/recordings/recording_MALU09_comp) by extension 'python'
[0.332s] Level 1:colcon.colcon_core.package_identification:_identify(testing_realtime_api/ /home/olhamelnyk/colcon_venv/recordings/recording_MALU09_comp) by extensions ['python_setup_py']
[0.332s] Level 1:colcon.colcon_core.package_identification:_identify(testing_realtime_api/ /home/olhamelnyk/colcon_venv/recordings/recording_MALU09_comp) by extension 'python_setup_py'
[0.332s] Level 1:colcon.colcon_core.package_identification:_identify(testing_realtime_api/ /home/olhamelnyk/colcon_venv/recordings/recording_RAHO11_comp) by extensions ['ignore', 'ignore_ament_install']
[0.332s] Level 1:colcon.colcon_core.package_identification:_identify(testing_realtime_api/ /home/olhamelnyk/colcon_venv/recordings/recording_RAHO11_comp) by extension 'ignore'
[0.332s] Level 1:colcon.colcon_core.package_identification:_identify(testing_realtime_api/ /home/olhamelnyk/colcon_venv/recordings/recording_RAHO11_comp) by extension 'ignore_ament_install'
[0.332s] Level 1:colcon.colcon_core.package_identification:_identify(testing_realtime_api/ /home/olhamelnyk/colcon_venv/recordings/recording_RAHO11_comp) by extensions ['colcon_pkg']
[0.332s] Level 1:colcon.colcon_core.package_identification:_identify(testing_realtime_api/ /home/olhamelnyk/colcon_venv/recordings/recording_RAHO11_comp) by extension 'colcon_pkg'
[0.332s] Level 1:colcon.colcon_core.package_identification:_identify(testing_realtime_api/ /home/olhamelnyk/colcon_venv/recordings/recording_RAHO11_comp) by extensions ['colcon_meta']
[0.332s] Level 1:colcon.colcon_core.package_identification:_identify(testing_realtime_api/ /home/olhamelnyk/colcon_venv/recordings/recording_RAHO11_comp) by extension 'colcon_meta'
[0.333s] Level 1:colcon.colcon_core.package_identification:_identify(testing_realtime_api/ /home/olhamelnyk/colcon_venv/recordings/recording_RAHO11_comp) by extensions ['ros']
[0.333s] Level 1:colcon.colcon_core.package_identification:_identify(testing_realtime_api/ /home/olhamelnyk/colcon_venv/recordings/recording_RAHO11_comp) by extension 'ros'
[0.333s] Level 1:colcon.colcon_core.package_identification:_identify(testing_realtime_api/ /home/olhamelnyk/colcon_venv/recordings/recording_RAHO11_comp) by extensions ['cmake', 'python']
[0.333s] Level 1:colcon.colcon_core.package_identification:_identify(testing_realtime_api/ /home/olhamelnyk/colcon_venv/recordings/recording_RAHO11_comp) by extension 'cmake'
[0.333s] Level 1:colcon.colcon_core.package_identification:_identify(testing_realtime_api/ /home/olhamelnyk/colcon_venv/recordings/recording_RAHO11_comp) by extension 'python'
[0.333s] Level 1:colcon.colcon_core.package_identification:_identify(testing_realtime_api/ /home/olhamelnyk/colcon_venv/recordings/recording_RAHO11_comp) by extensions ['python_setup_py']
[0.333s] Level 1:colcon.colcon_core.package_identification:_identify(testing_realtime_api/ /home/olhamelnyk/colcon_venv/recordings/recording_RAHO11_comp) by extension 'python_setup_py'
[0.333s] Level 1:colcon.colcon_core.package_identification:_identify(testing_realtime_api/ /home/olhamelnyk/colcon_venv/recordings/recording_TETO07_comp) by extensions ['ignore', 'ignore_ament_install']
[0.333s] Level 1:colcon.colcon_core.package_identification:_identify(testing_realtime_api/ /home/olhamelnyk/colcon_venv/recordings/recording_TETO07_comp) by extension 'ignore'
[0.333s] Level 1:colcon.colcon_core.package_identification:_identify(testing_realtime_api/ /home/olhamelnyk/colcon_venv/recordings/recording_TETO07_comp) by extension 'ignore_ament_install'
[0.333s] Level 1:colcon.colcon_core.package_identification:_identify(testing_realtime_api/ /home/olhamelnyk/colcon_venv/recordings/recording_TETO07_comp) by extensions ['colcon_pkg']
[0.333s] Level 1:colcon.colcon_core.package_identification:_identify(testing_realtime_api/ /home/olhamelnyk/colcon_venv/recordings/recording_TETO07_comp) by extension 'colcon_pkg'
[0.333s] Level 1:colcon.colcon_core.package_identification:_identify(testing_realtime_api/ /home/olhamelnyk/colcon_venv/recordings/recording_TETO07_comp) by extensions ['colcon_meta']
[0.333s] Level 1:colcon.colcon_core.package_identification:_identify(testing_realtime_api/ /home/olhamelnyk/colcon_venv/recordings/recording_TETO07_comp) by extension 'colcon_meta'
[0.334s] Level 1:colcon.colcon_core.package_identification:_identify(testing_realtime_api/ /home/olhamelnyk/colcon_venv/recordings/recording_TETO07_comp) by extensions ['ros']
[0.334s] Level 1:colcon.colcon_core.package_identification:_identify(testing_realtime_api/ /home/olhamelnyk/colcon_venv/recordings/recording_TETO07_comp) by extension 'ros'
[0.334s] Level 1:colcon.colcon_core.package_identification:_identify(testing_realtime_api/ /home/olhamelnyk/colcon_venv/recordings/recording_TETO07_comp) by extensions ['cmake', 'python']
[0.334s] Level 1:colcon.colcon_core.package_identification:_identify(testing_realtime_api/ /home/olhamelnyk/colcon_venv/recordings/recording_TETO07_comp) by extension 'cmake'
[0.334s] Level 1:colcon.colcon_core.package_identification:_identify(testing_realtime_api/ /home/olhamelnyk/colcon_venv/recordings/recording_TETO07_comp) by extension 'python'
[0.334s] Level 1:colcon.colcon_core.package_identification:_identify(testing_realtime_api/ /home/olhamelnyk/colcon_venv/recordings/recording_TETO07_comp) by extensions ['python_setup_py']
[0.334s] Level 1:colcon.colcon_core.package_identification:_identify(testing_realtime_api/ /home/olhamelnyk/colcon_venv/recordings/recording_TETO07_comp) by extension 'python_setup_py'
[0.334s] Level 1:colcon.colcon_core.package_identification:_identify(tf_recording) by extensions ['ignore', 'ignore_ament_install']
[0.334s] Level 1:colcon.colcon_core.package_identification:_identify(tf_recording) by extension 'ignore'
[0.334s] Level 1:colcon.colcon_core.package_identification:_identify(tf_recording) by extension 'ignore_ament_install'
[0.334s] Level 1:colcon.colcon_core.package_identification:_identify(tf_recording) by extensions ['colcon_pkg']
[0.334s] Level 1:colcon.colcon_core.package_identification:_identify(tf_recording) by extension 'colcon_pkg'
[0.334s] Level 1:colcon.colcon_core.package_identification:_identify(tf_recording) by extensions ['colcon_meta']
[0.334s] Level 1:colcon.colcon_core.package_identification:_identify(tf_recording) by extension 'colcon_meta'
[0.334s] Level 1:colcon.colcon_core.package_identification:_identify(tf_recording) by extensions ['ros']
[0.334s] Level 1:colcon.colcon_core.package_identification:_identify(tf_recording) by extension 'ros'
[0.335s] DEBUG:colcon.colcon_core.package_identification:Package 'tf_recording' with type 'ros.ament_python' and name 'tf_recording'
[0.335s] Level 1:colcon.colcon_core.package_identification:_identify(zed-ros2-examples) by extensions ['ignore', 'ignore_ament_install']
[0.335s] Level 1:colcon.colcon_core.package_identification:_identify(zed-ros2-examples) by extension 'ignore'
[0.335s] Level 1:colcon.colcon_core.package_identification:_identify(zed-ros2-examples) by extension 'ignore_ament_install'
[0.335s] Level 1:colcon.colcon_core.package_identification:_identify(zed-ros2-examples) by extensions ['colcon_pkg']
[0.335s] Level 1:colcon.colcon_core.package_identification:_identify(zed-ros2-examples) by extension 'colcon_pkg'
[0.336s] Level 1:colcon.colcon_core.package_identification:_identify(zed-ros2-examples) by extensions ['colcon_meta']
[0.336s] Level 1:colcon.colcon_core.package_identification:_identify(zed-ros2-examples) by extension 'colcon_meta'
[0.336s] Level 1:colcon.colcon_core.package_identification:_identify(zed-ros2-examples) by extensions ['ros']
[0.336s] Level 1:colcon.colcon_core.package_identification:_identify(zed-ros2-examples) by extension 'ros'
[0.336s] Level 1:colcon.colcon_core.package_identification:_identify(zed-ros2-examples) by extensions ['cmake', 'python']
[0.336s] Level 1:colcon.colcon_core.package_identification:_identify(zed-ros2-examples) by extension 'cmake'
[0.336s] Level 1:colcon.colcon_core.package_identification:_identify(zed-ros2-examples) by extension 'python'
[0.336s] Level 1:colcon.colcon_core.package_identification:_identify(zed-ros2-examples) by extensions ['python_setup_py']
[0.336s] Level 1:colcon.colcon_core.package_identification:_identify(zed-ros2-examples) by extension 'python_setup_py'
[0.336s] Level 1:colcon.colcon_core.package_identification:_identify(zed-ros2-examples/examples) by extensions ['ignore', 'ignore_ament_install']
[0.336s] Level 1:colcon.colcon_core.package_identification:_identify(zed-ros2-examples/examples) by extension 'ignore'
[0.336s] Level 1:colcon.colcon_core.package_identification:_identify(zed-ros2-examples/examples) by extension 'ignore_ament_install'
[0.336s] Level 1:colcon.colcon_core.package_identification:_identify(zed-ros2-examples/examples) by extensions ['colcon_pkg']
[0.336s] Level 1:colcon.colcon_core.package_identification:_identify(zed-ros2-examples/examples) by extension 'colcon_pkg'
[0.336s] Level 1:colcon.colcon_core.package_identification:_identify(zed-ros2-examples/examples) by extensions ['colcon_meta']
[0.336s] Level 1:colcon.colcon_core.package_identification:_identify(zed-ros2-examples/examples) by extension 'colcon_meta'
[0.336s] Level 1:colcon.colcon_core.package_identification:_identify(zed-ros2-examples/examples) by extensions ['ros']
[0.336s] Level 1:colcon.colcon_core.package_identification:_identify(zed-ros2-examples/examples) by extension 'ros'
[0.337s] Level 1:colcon.colcon_core.package_identification:_identify(zed-ros2-examples/examples) by extensions ['cmake', 'python']
[0.337s] Level 1:colcon.colcon_core.package_identification:_identify(zed-ros2-examples/examples) by extension 'cmake'
[0.337s] Level 1:colcon.colcon_core.package_identification:_identify(zed-ros2-examples/examples) by extension 'python'
[0.337s] Level 1:colcon.colcon_core.package_identification:_identify(zed-ros2-examples/examples) by extensions ['python_setup_py']
[0.337s] Level 1:colcon.colcon_core.package_identification:_identify(zed-ros2-examples/examples) by extension 'python_setup_py'
[0.337s] Level 1:colcon.colcon_core.package_identification:_identify(zed-ros2-examples/examples/zed_aruco_localization) by extensions ['ignore', 'ignore_ament_install']
[0.337s] Level 1:colcon.colcon_core.package_identification:_identify(zed-ros2-examples/examples/zed_aruco_localization) by extension 'ignore'
[0.337s] Level 1:colcon.colcon_core.package_identification:_identify(zed-ros2-examples/examples/zed_aruco_localization) by extension 'ignore_ament_install'
[0.337s] Level 1:colcon.colcon_core.package_identification:_identify(zed-ros2-examples/examples/zed_aruco_localization) by extensions ['colcon_pkg']
[0.337s] Level 1:colcon.colcon_core.package_identification:_identify(zed-ros2-examples/examples/zed_aruco_localization) by extension 'colcon_pkg'
[0.337s] Level 1:colcon.colcon_core.package_identification:_identify(zed-ros2-examples/examples/zed_aruco_localization) by extensions ['colcon_meta']
[0.337s] Level 1:colcon.colcon_core.package_identification:_identify(zed-ros2-examples/examples/zed_aruco_localization) by extension 'colcon_meta'
[0.337s] Level 1:colcon.colcon_core.package_identification:_identify(zed-ros2-examples/examples/zed_aruco_localization) by extensions ['ros']
[0.337s] Level 1:colcon.colcon_core.package_identification:_identify(zed-ros2-examples/examples/zed_aruco_localization) by extension 'ros'
[0.338s] DEBUG:colcon.colcon_core.package_identification:Package 'zed-ros2-examples/examples/zed_aruco_localization' with type 'ros.ament_cmake' and name 'zed_aruco_localization'
[0.338s] Level 1:colcon.colcon_core.package_identification:_identify(zed-ros2-examples/examples/zed_depth_to_laserscan) by extensions ['ignore', 'ignore_ament_install']
[0.338s] Level 1:colcon.colcon_core.package_identification:_identify(zed-ros2-examples/examples/zed_depth_to_laserscan) by extension 'ignore'
[0.338s] Level 1:colcon.colcon_core.package_identification:_identify(zed-ros2-examples/examples/zed_depth_to_laserscan) by extension 'ignore_ament_install'
[0.339s] Level 1:colcon.colcon_core.package_identification:_identify(zed-ros2-examples/examples/zed_depth_to_laserscan) by extensions ['colcon_pkg']
[0.339s] Level 1:colcon.colcon_core.package_identification:_identify(zed-ros2-examples/examples/zed_depth_to_laserscan) by extension 'colcon_pkg'
[0.339s] Level 1:colcon.colcon_core.package_identification:_identify(zed-ros2-examples/examples/zed_depth_to_laserscan) by extensions ['colcon_meta']
[0.339s] Level 1:colcon.colcon_core.package_identification:_identify(zed-ros2-examples/examples/zed_depth_to_laserscan) by extension 'colcon_meta'
[0.339s] Level 1:colcon.colcon_core.package_identification:_identify(zed-ros2-examples/examples/zed_depth_to_laserscan) by extensions ['ros']
[0.339s] Level 1:colcon.colcon_core.package_identification:_identify(zed-ros2-examples/examples/zed_depth_to_laserscan) by extension 'ros'
[0.340s] DEBUG:colcon.colcon_core.package_identification:Package 'zed-ros2-examples/examples/zed_depth_to_laserscan' with type 'ros.ament_cmake' and name 'zed_depth_to_laserscan'
[0.340s] Level 1:colcon.colcon_core.package_identification:_identify(zed-ros2-examples/images) by extensions ['ignore', 'ignore_ament_install']
[0.340s] Level 1:colcon.colcon_core.package_identification:_identify(zed-ros2-examples/images) by extension 'ignore'
[0.340s] Level 1:colcon.colcon_core.package_identification:_identify(zed-ros2-examples/images) by extension 'ignore_ament_install'
[0.340s] Level 1:colcon.colcon_core.package_identification:_identify(zed-ros2-examples/images) by extensions ['colcon_pkg']
[0.340s] Level 1:colcon.colcon_core.package_identification:_identify(zed-ros2-examples/images) by extension 'colcon_pkg'
[0.340s] Level 1:colcon.colcon_core.package_identification:_identify(zed-ros2-examples/images) by extensions ['colcon_meta']
[0.340s] Level 1:colcon.colcon_core.package_identification:_identify(zed-ros2-examples/images) by extension 'colcon_meta'
[0.340s] Level 1:colcon.colcon_core.package_identification:_identify(zed-ros2-examples/images) by extensions ['ros']
[0.340s] Level 1:colcon.colcon_core.package_identification:_identify(zed-ros2-examples/images) by extension 'ros'
[0.340s] Level 1:colcon.colcon_core.package_identification:_identify(zed-ros2-examples/images) by extensions ['cmake', 'python']
[0.340s] Level 1:colcon.colcon_core.package_identification:_identify(zed-ros2-examples/images) by extension 'cmake'
[0.340s] Level 1:colcon.colcon_core.package_identification:_identify(zed-ros2-examples/images) by extension 'python'
[0.340s] Level 1:colcon.colcon_core.package_identification:_identify(zed-ros2-examples/images) by extensions ['python_setup_py']
[0.340s] Level 1:colcon.colcon_core.package_identification:_identify(zed-ros2-examples/images) by extension 'python_setup_py'
[0.341s] Level 1:colcon.colcon_core.package_identification:_identify(zed-ros2-examples/rviz-plugin-zed-od) by extensions ['ignore', 'ignore_ament_install']
[0.341s] Level 1:colcon.colcon_core.package_identification:_identify(zed-ros2-examples/rviz-plugin-zed-od) by extension 'ignore'
[0.341s] Level 1:colcon.colcon_core.package_identification:_identify(zed-ros2-examples/rviz-plugin-zed-od) by extension 'ignore_ament_install'
[0.341s] Level 1:colcon.colcon_core.package_identification:_identify(zed-ros2-examples/rviz-plugin-zed-od) by extensions ['colcon_pkg']
[0.341s] Level 1:colcon.colcon_core.package_identification:_identify(zed-ros2-examples/rviz-plugin-zed-od) by extension 'colcon_pkg'
[0.341s] Level 1:colcon.colcon_core.package_identification:_identify(zed-ros2-examples/rviz-plugin-zed-od) by extensions ['colcon_meta']
[0.341s] Level 1:colcon.colcon_core.package_identification:_identify(zed-ros2-examples/rviz-plugin-zed-od) by extension 'colcon_meta'
[0.341s] Level 1:colcon.colcon_core.package_identification:_identify(zed-ros2-examples/rviz-plugin-zed-od) by extensions ['ros']
[0.341s] Level 1:colcon.colcon_core.package_identification:_identify(zed-ros2-examples/rviz-plugin-zed-od) by extension 'ros'
[0.342s] DEBUG:colcon.colcon_core.package_identification:Package 'zed-ros2-examples/rviz-plugin-zed-od' with type 'ros.ament_cmake' and name 'rviz_plugin_zed_od'
[0.342s] Level 1:colcon.colcon_core.package_identification:_identify(zed-ros2-examples/tools) by extensions ['ignore', 'ignore_ament_install']
[0.342s] Level 1:colcon.colcon_core.package_identification:_identify(zed-ros2-examples/tools) by extension 'ignore'
[0.342s] Level 1:colcon.colcon_core.package_identification:_identify(zed-ros2-examples/tools) by extension 'ignore_ament_install'
[0.342s] Level 1:colcon.colcon_core.package_identification:_identify(zed-ros2-examples/tools) by extensions ['colcon_pkg']
[0.342s] Level 1:colcon.colcon_core.package_identification:_identify(zed-ros2-examples/tools) by extension 'colcon_pkg'
[0.342s] Level 1:colcon.colcon_core.package_identification:_identify(zed-ros2-examples/tools) by extensions ['colcon_meta']
[0.342s] Level 1:colcon.colcon_core.package_identification:_identify(zed-ros2-examples/tools) by extension 'colcon_meta'
[0.342s] Level 1:colcon.colcon_core.package_identification:_identify(zed-ros2-examples/tools) by extensions ['ros']
[0.342s] Level 1:colcon.colcon_core.package_identification:_identify(zed-ros2-examples/tools) by extension 'ros'
[0.343s] Level 1:colcon.colcon_core.package_identification:_identify(zed-ros2-examples/tools) by extensions ['cmake', 'python']
[0.343s] Level 1:colcon.colcon_core.package_identification:_identify(zed-ros2-examples/tools) by extension 'cmake'
[0.343s] Level 1:colcon.colcon_core.package_identification:_identify(zed-ros2-examples/tools) by extension 'python'
[0.343s] Level 1:colcon.colcon_core.package_identification:_identify(zed-ros2-examples/tools) by extensions ['python_setup_py']
[0.343s] Level 1:colcon.colcon_core.package_identification:_identify(zed-ros2-examples/tools) by extension 'python_setup_py'
[0.343s] Level 1:colcon.colcon_core.package_identification:_identify(zed-ros2-examples/tools/zed_benchmark) by extensions ['ignore', 'ignore_ament_install']
[0.343s] Level 1:colcon.colcon_core.package_identification:_identify(zed-ros2-examples/tools/zed_benchmark) by extension 'ignore'
[0.343s] Level 1:colcon.colcon_core.package_identification:_identify(zed-ros2-examples/tools/zed_benchmark) by extension 'ignore_ament_install'
[0.343s] Level 1:colcon.colcon_core.package_identification:_identify(zed-ros2-examples/tools/zed_benchmark) by extensions ['colcon_pkg']
[0.343s] Level 1:colcon.colcon_core.package_identification:_identify(zed-ros2-examples/tools/zed_benchmark) by extension 'colcon_pkg'
[0.343s] Level 1:colcon.colcon_core.package_identification:_identify(zed-ros2-examples/tools/zed_benchmark) by extensions ['colcon_meta']
[0.343s] Level 1:colcon.colcon_core.package_identification:_identify(zed-ros2-examples/tools/zed_benchmark) by extension 'colcon_meta'
[0.343s] Level 1:colcon.colcon_core.package_identification:_identify(zed-ros2-examples/tools/zed_benchmark) by extensions ['ros']
[0.343s] Level 1:colcon.colcon_core.package_identification:_identify(zed-ros2-examples/tools/zed_benchmark) by extension 'ros'
[0.344s] DEBUG:colcon.colcon_core.package_identification:Package 'zed-ros2-examples/tools/zed_benchmark' with type 'ros.ament_cmake' and name 'zed_topic_benchmark'
[0.344s] Level 1:colcon.colcon_core.package_identification:_identify(zed-ros2-examples/tools/zed_benchmark_component) by extensions ['ignore', 'ignore_ament_install']
[0.344s] Level 1:colcon.colcon_core.package_identification:_identify(zed-ros2-examples/tools/zed_benchmark_component) by extension 'ignore'
[0.344s] Level 1:colcon.colcon_core.package_identification:_identify(zed-ros2-examples/tools/zed_benchmark_component) by extension 'ignore_ament_install'
[0.345s] Level 1:colcon.colcon_core.package_identification:_identify(zed-ros2-examples/tools/zed_benchmark_component) by extensions ['colcon_pkg']
[0.345s] Level 1:colcon.colcon_core.package_identification:_identify(zed-ros2-examples/tools/zed_benchmark_component) by extension 'colcon_pkg'
[0.345s] Level 1:colcon.colcon_core.package_identification:_identify(zed-ros2-examples/tools/zed_benchmark_component) by extensions ['colcon_meta']
[0.345s] Level 1:colcon.colcon_core.package_identification:_identify(zed-ros2-examples/tools/zed_benchmark_component) by extension 'colcon_meta'
[0.345s] Level 1:colcon.colcon_core.package_identification:_identify(zed-ros2-examples/tools/zed_benchmark_component) by extensions ['ros']
[0.345s] Level 1:colcon.colcon_core.package_identification:_identify(zed-ros2-examples/tools/zed_benchmark_component) by extension 'ros'
[0.345s] DEBUG:colcon.colcon_core.package_identification:Package 'zed-ros2-examples/tools/zed_benchmark_component' with type 'ros.ament_cmake' and name 'zed_topic_benchmark_component'
[0.346s] Level 1:colcon.colcon_core.package_identification:_identify(zed-ros2-examples/tools/zed_benchmark_interfaces) by extensions ['ignore', 'ignore_ament_install']
[0.346s] Level 1:colcon.colcon_core.package_identification:_identify(zed-ros2-examples/tools/zed_benchmark_interfaces) by extension 'ignore'
[0.346s] Level 1:colcon.colcon_core.package_identification:_identify(zed-ros2-examples/tools/zed_benchmark_interfaces) by extension 'ignore_ament_install'
[0.346s] Level 1:colcon.colcon_core.package_identification:_identify(zed-ros2-examples/tools/zed_benchmark_interfaces) by extensions ['colcon_pkg']
[0.346s] Level 1:colcon.colcon_core.package_identification:_identify(zed-ros2-examples/tools/zed_benchmark_interfaces) by extension 'colcon_pkg'
[0.346s] Level 1:colcon.colcon_core.package_identification:_identify(zed-ros2-examples/tools/zed_benchmark_interfaces) by extensions ['colcon_meta']
[0.346s] Level 1:colcon.colcon_core.package_identification:_identify(zed-ros2-examples/tools/zed_benchmark_interfaces) by extension 'colcon_meta'
[0.346s] Level 1:colcon.colcon_core.package_identification:_identify(zed-ros2-examples/tools/zed_benchmark_interfaces) by extensions ['ros']
[0.346s] Level 1:colcon.colcon_core.package_identification:_identify(zed-ros2-examples/tools/zed_benchmark_interfaces) by extension 'ros'
[0.347s] DEBUG:colcon.colcon_core.package_identification:Package 'zed-ros2-examples/tools/zed_benchmark_interfaces' with type 'ros.ament_cmake' and name 'zed_topic_benchmark_interfaces'
[0.347s] Level 1:colcon.colcon_core.package_identification:_identify(zed-ros2-examples/tutorials) by extensions ['ignore', 'ignore_ament_install']
[0.347s] Level 1:colcon.colcon_core.package_identification:_identify(zed-ros2-examples/tutorials) by extension 'ignore'
[0.347s] Level 1:colcon.colcon_core.package_identification:_identify(zed-ros2-examples/tutorials) by extension 'ignore_ament_install'
[0.347s] Level 1:colcon.colcon_core.package_identification:_identify(zed-ros2-examples/tutorials) by extensions ['colcon_pkg']
[0.347s] Level 1:colcon.colcon_core.package_identification:_identify(zed-ros2-examples/tutorials) by extension 'colcon_pkg'
[0.347s] Level 1:colcon.colcon_core.package_identification:_identify(zed-ros2-examples/tutorials) by extensions ['colcon_meta']
[0.347s] Level 1:colcon.colcon_core.package_identification:_identify(zed-ros2-examples/tutorials) by extension 'colcon_meta'
[0.347s] Level 1:colcon.colcon_core.package_identification:_identify(zed-ros2-examples/tutorials) by extensions ['ros']
[0.348s] Level 1:colcon.colcon_core.package_identification:_identify(zed-ros2-examples/tutorials) by extension 'ros'
[0.348s] Level 1:colcon.colcon_core.package_identification:_identify(zed-ros2-examples/tutorials) by extensions ['cmake', 'python']
[0.348s] Level 1:colcon.colcon_core.package_identification:_identify(zed-ros2-examples/tutorials) by extension 'cmake'
[0.348s] Level 1:colcon.colcon_core.package_identification:_identify(zed-ros2-examples/tutorials) by extension 'python'
[0.348s] Level 1:colcon.colcon_core.package_identification:_identify(zed-ros2-examples/tutorials) by extensions ['python_setup_py']
[0.348s] Level 1:colcon.colcon_core.package_identification:_identify(zed-ros2-examples/tutorials) by extension 'python_setup_py'
[0.348s] Level 1:colcon.colcon_core.package_identification:_identify(zed-ros2-examples/tutorials/zed_depth_tutorial) by extensions ['ignore', 'ignore_ament_install']
[0.348s] Level 1:colcon.colcon_core.package_identification:_identify(zed-ros2-examples/tutorials/zed_depth_tutorial) by extension 'ignore'
[0.348s] Level 1:colcon.colcon_core.package_identification:_identify(zed-ros2-examples/tutorials/zed_depth_tutorial) by extension 'ignore_ament_install'
[0.348s] Level 1:colcon.colcon_core.package_identification:_identify(zed-ros2-examples/tutorials/zed_depth_tutorial) by extensions ['colcon_pkg']
[0.348s] Level 1:colcon.colcon_core.package_identification:_identify(zed-ros2-examples/tutorials/zed_depth_tutorial) by extension 'colcon_pkg'
[0.348s] Level 1:colcon.colcon_core.package_identification:_identify(zed-ros2-examples/tutorials/zed_depth_tutorial) by extensions ['colcon_meta']
[0.348s] Level 1:colcon.colcon_core.package_identification:_identify(zed-ros2-examples/tutorials/zed_depth_tutorial) by extension 'colcon_meta'
[0.348s] Level 1:colcon.colcon_core.package_identification:_identify(zed-ros2-examples/tutorials/zed_depth_tutorial) by extensions ['ros']
[0.349s] Level 1:colcon.colcon_core.package_identification:_identify(zed-ros2-examples/tutorials/zed_depth_tutorial) by extension 'ros'
[0.350s] DEBUG:colcon.colcon_core.package_identification:Package 'zed-ros2-examples/tutorials/zed_depth_tutorial' with type 'ros.ament_cmake' and name 'zed_tutorial_depth'
[0.350s] Level 1:colcon.colcon_core.package_identification:_identify(zed-ros2-examples/tutorials/zed_ipc) by extensions ['ignore', 'ignore_ament_install']
[0.350s] Level 1:colcon.colcon_core.package_identification:_identify(zed-ros2-examples/tutorials/zed_ipc) by extension 'ignore'
[0.350s] Level 1:colcon.colcon_core.package_identification:_identify(zed-ros2-examples/tutorials/zed_ipc) by extension 'ignore_ament_install'
[0.350s] Level 1:colcon.colcon_core.package_identification:_identify(zed-ros2-examples/tutorials/zed_ipc) by extensions ['colcon_pkg']
[0.350s] Level 1:colcon.colcon_core.package_identification:_identify(zed-ros2-examples/tutorials/zed_ipc) by extension 'colcon_pkg'
[0.350s] Level 1:colcon.colcon_core.package_identification:_identify(zed-ros2-examples/tutorials/zed_ipc) by extensions ['colcon_meta']
[0.350s] Level 1:colcon.colcon_core.package_identification:_identify(zed-ros2-examples/tutorials/zed_ipc) by extension 'colcon_meta'
[0.351s] Level 1:colcon.colcon_core.package_identification:_identify(zed-ros2-examples/tutorials/zed_ipc) by extensions ['ros']
[0.351s] Level 1:colcon.colcon_core.package_identification:_identify(zed-ros2-examples/tutorials/zed_ipc) by extension 'ros'
[0.352s] DEBUG:colcon.colcon_core.package_identification:Package 'zed-ros2-examples/tutorials/zed_ipc' with type 'ros.ament_cmake' and name 'zed_ipc'
[0.352s] Level 1:colcon.colcon_core.package_identification:_identify(zed-ros2-examples/tutorials/zed_multi_camera) by extensions ['ignore', 'ignore_ament_install']
[0.352s] Level 1:colcon.colcon_core.package_identification:_identify(zed-ros2-examples/tutorials/zed_multi_camera) by extension 'ignore'
[0.352s] Level 1:colcon.colcon_core.package_identification:_identify(zed-ros2-examples/tutorials/zed_multi_camera) by extension 'ignore_ament_install'
[0.352s] Level 1:colcon.colcon_core.package_identification:_identify(zed-ros2-examples/tutorials/zed_multi_camera) by extensions ['colcon_pkg']
[0.352s] Level 1:colcon.colcon_core.package_identification:_identify(zed-ros2-examples/tutorials/zed_multi_camera) by extension 'colcon_pkg'
[0.352s] Level 1:colcon.colcon_core.package_identification:_identify(zed-ros2-examples/tutorials/zed_multi_camera) by extensions ['colcon_meta']
[0.352s] Level 1:colcon.colcon_core.package_identification:_identify(zed-ros2-examples/tutorials/zed_multi_camera) by extension 'colcon_meta'
[0.353s] Level 1:colcon.colcon_core.package_identification:_identify(zed-ros2-examples/tutorials/zed_multi_camera) by extensions ['ros']
[0.353s] Level 1:colcon.colcon_core.package_identification:_identify(zed-ros2-examples/tutorials/zed_multi_camera) by extension 'ros'
[0.353s] DEBUG:colcon.colcon_core.package_identification:Package 'zed-ros2-examples/tutorials/zed_multi_camera' with type 'ros.ament_cmake' and name 'zed_multi_camera'
[0.354s] Level 1:colcon.colcon_core.package_identification:_identify(zed-ros2-examples/tutorials/zed_pose_tutorial) by extensions ['ignore', 'ignore_ament_install']
[0.354s] Level 1:colcon.colcon_core.package_identification:_identify(zed-ros2-examples/tutorials/zed_pose_tutorial) by extension 'ignore'
[0.354s] Level 1:colcon.colcon_core.package_identification:_identify(zed-ros2-examples/tutorials/zed_pose_tutorial) by extension 'ignore_ament_install'
[0.354s] Level 1:colcon.colcon_core.package_identification:_identify(zed-ros2-examples/tutorials/zed_pose_tutorial) by extensions ['colcon_pkg']
[0.354s] Level 1:colcon.colcon_core.package_identification:_identify(zed-ros2-examples/tutorials/zed_pose_tutorial) by extension 'colcon_pkg'
[0.354s] Level 1:colcon.colcon_core.package_identification:_identify(zed-ros2-examples/tutorials/zed_pose_tutorial) by extensions ['colcon_meta']
[0.354s] Level 1:colcon.colcon_core.package_identification:_identify(zed-ros2-examples/tutorials/zed_pose_tutorial) by extension 'colcon_meta'
[0.354s] Level 1:colcon.colcon_core.package_identification:_identify(zed-ros2-examples/tutorials/zed_pose_tutorial) by extensions ['ros']
[0.354s] Level 1:colcon.colcon_core.package_identification:_identify(zed-ros2-examples/tutorials/zed_pose_tutorial) by extension 'ros'
[0.355s] DEBUG:colcon.colcon_core.package_identification:Package 'zed-ros2-examples/tutorials/zed_pose_tutorial' with type 'ros.ament_cmake' and name 'zed_tutorial_pos_tracking'
[0.356s] Level 1:colcon.colcon_core.package_identification:_identify(zed-ros2-examples/tutorials/zed_rgb_convert) by extensions ['ignore', 'ignore_ament_install']
[0.356s] Level 1:colcon.colcon_core.package_identification:_identify(zed-ros2-examples/tutorials/zed_rgb_convert) by extension 'ignore'
[0.356s] Level 1:colcon.colcon_core.package_identification:_identify(zed-ros2-examples/tutorials/zed_rgb_convert) by extension 'ignore_ament_install'
[0.356s] Level 1:colcon.colcon_core.package_identification:_identify(zed-ros2-examples/tutorials/zed_rgb_convert) by extensions ['colcon_pkg']
[0.356s] Level 1:colcon.colcon_core.package_identification:_identify(zed-ros2-examples/tutorials/zed_rgb_convert) by extension 'colcon_pkg'
[0.356s] Level 1:colcon.colcon_core.package_identification:_identify(zed-ros2-examples/tutorials/zed_rgb_convert) by extensions ['colcon_meta']
[0.356s] Level 1:colcon.colcon_core.package_identification:_identify(zed-ros2-examples/tutorials/zed_rgb_convert) by extension 'colcon_meta'
[0.356s] Level 1:colcon.colcon_core.package_identification:_identify(zed-ros2-examples/tutorials/zed_rgb_convert) by extensions ['ros']
[0.356s] Level 1:colcon.colcon_core.package_identification:_identify(zed-ros2-examples/tutorials/zed_rgb_convert) by extension 'ros'
[0.357s] DEBUG:colcon.colcon_core.package_identification:Package 'zed-ros2-examples/tutorials/zed_rgb_convert' with type 'ros.ament_cmake' and name 'zed_rgb_convert'
[0.357s] Level 1:colcon.colcon_core.package_identification:_identify(zed-ros2-examples/tutorials/zed_robot_integration) by extensions ['ignore', 'ignore_ament_install']
[0.357s] Level 1:colcon.colcon_core.package_identification:_identify(zed-ros2-examples/tutorials/zed_robot_integration) by extension 'ignore'
[0.358s] Level 1:colcon.colcon_core.package_identification:_identify(zed-ros2-examples/tutorials/zed_robot_integration) by extension 'ignore_ament_install'
[0.358s] Level 1:colcon.colcon_core.package_identification:_identify(zed-ros2-examples/tutorials/zed_robot_integration) by extensions ['colcon_pkg']
[0.358s] Level 1:colcon.colcon_core.package_identification:_identify(zed-ros2-examples/tutorials/zed_robot_integration) by extension 'colcon_pkg'
[0.358s] Level 1:colcon.colcon_core.package_identification:_identify(zed-ros2-examples/tutorials/zed_robot_integration) by extensions ['colcon_meta']
[0.358s] Level 1:colcon.colcon_core.package_identification:_identify(zed-ros2-examples/tutorials/zed_robot_integration) by extension 'colcon_meta'
[0.358s] Level 1:colcon.colcon_core.package_identification:_identify(zed-ros2-examples/tutorials/zed_robot_integration) by extensions ['ros']
[0.358s] Level 1:colcon.colcon_core.package_identification:_identify(zed-ros2-examples/tutorials/zed_robot_integration) by extension 'ros'
[0.359s] DEBUG:colcon.colcon_core.package_identification:Package 'zed-ros2-examples/tutorials/zed_robot_integration' with type 'ros.ament_cmake' and name 'zed_robot_integration'
[0.359s] Level 1:colcon.colcon_core.package_identification:_identify(zed-ros2-examples/tutorials/zed_video_tutorial) by extensions ['ignore', 'ignore_ament_install']
[0.359s] Level 1:colcon.colcon_core.package_identification:_identify(zed-ros2-examples/tutorials/zed_video_tutorial) by extension 'ignore'
[0.359s] Level 1:colcon.colcon_core.package_identification:_identify(zed-ros2-examples/tutorials/zed_video_tutorial) by extension 'ignore_ament_install'
[0.359s] Level 1:colcon.colcon_core.package_identification:_identify(zed-ros2-examples/tutorials/zed_video_tutorial) by extensions ['colcon_pkg']
[0.359s] Level 1:colcon.colcon_core.package_identification:_identify(zed-ros2-examples/tutorials/zed_video_tutorial) by extension 'colcon_pkg'
[0.359s] Level 1:colcon.colcon_core.package_identification:_identify(zed-ros2-examples/tutorials/zed_video_tutorial) by extensions ['colcon_meta']
[0.359s] Level 1:colcon.colcon_core.package_identification:_identify(zed-ros2-examples/tutorials/zed_video_tutorial) by extension 'colcon_meta'
[0.359s] Level 1:colcon.colcon_core.package_identification:_identify(zed-ros2-examples/tutorials/zed_video_tutorial) by extensions ['ros']
[0.359s] Level 1:colcon.colcon_core.package_identification:_identify(zed-ros2-examples/tutorials/zed_video_tutorial) by extension 'ros'
[0.360s] DEBUG:colcon.colcon_core.package_identification:Package 'zed-ros2-examples/tutorials/zed_video_tutorial' with type 'ros.ament_cmake' and name 'zed_tutorial_video'
[0.360s] Level 1:colcon.colcon_core.package_identification:_identify(zed-ros2-examples/zed_display_foxglove) by extensions ['ignore', 'ignore_ament_install']
[0.360s] Level 1:colcon.colcon_core.package_identification:_identify(zed-ros2-examples/zed_display_foxglove) by extension 'ignore'
[0.360s] Level 1:colcon.colcon_core.package_identification:_identify(zed-ros2-examples/zed_display_foxglove) by extension 'ignore_ament_install'
[0.360s] Level 1:colcon.colcon_core.package_identification:_identify(zed-ros2-examples/zed_display_foxglove) by extensions ['colcon_pkg']
[0.360s] Level 1:colcon.colcon_core.package_identification:_identify(zed-ros2-examples/zed_display_foxglove) by extension 'colcon_pkg'
[0.360s] Level 1:colcon.colcon_core.package_identification:_identify(zed-ros2-examples/zed_display_foxglove) by extensions ['colcon_meta']
[0.361s] Level 1:colcon.colcon_core.package_identification:_identify(zed-ros2-examples/zed_display_foxglove) by extension 'colcon_meta'
[0.361s] Level 1:colcon.colcon_core.package_identification:_identify(zed-ros2-examples/zed_display_foxglove) by extensions ['ros']
[0.361s] Level 1:colcon.colcon_core.package_identification:_identify(zed-ros2-examples/zed_display_foxglove) by extension 'ros'
[0.361s] Level 1:colcon.colcon_core.package_identification:_identify(zed-ros2-examples/zed_display_foxglove) by extensions ['cmake', 'python']
[0.361s] Level 1:colcon.colcon_core.package_identification:_identify(zed-ros2-examples/zed_display_foxglove) by extension 'cmake'
[0.361s] Level 1:colcon.colcon_core.package_identification:_identify(zed-ros2-examples/zed_display_foxglove) by extension 'python'
[0.361s] Level 1:colcon.colcon_core.package_identification:_identify(zed-ros2-examples/zed_display_foxglove) by extensions ['python_setup_py']
[0.361s] Level 1:colcon.colcon_core.package_identification:_identify(zed-ros2-examples/zed_display_foxglove) by extension 'python_setup_py'
[0.361s] Level 1:colcon.colcon_core.package_identification:_identify(zed-ros2-examples/zed_display_foxglove/images) by extensions ['ignore', 'ignore_ament_install']
[0.361s] Level 1:colcon.colcon_core.package_identification:_identify(zed-ros2-examples/zed_display_foxglove/images) by extension 'ignore'
[0.361s] Level 1:colcon.colcon_core.package_identification:_identify(zed-ros2-examples/zed_display_foxglove/images) by extension 'ignore_ament_install'
[0.361s] Level 1:colcon.colcon_core.package_identification:_identify(zed-ros2-examples/zed_display_foxglove/images) by extensions ['colcon_pkg']
[0.361s] Level 1:colcon.colcon_core.package_identification:_identify(zed-ros2-examples/zed_display_foxglove/images) by extension 'colcon_pkg'
[0.361s] Level 1:colcon.colcon_core.package_identification:_identify(zed-ros2-examples/zed_display_foxglove/images) by extensions ['colcon_meta']
[0.361s] Level 1:colcon.colcon_core.package_identification:_identify(zed-ros2-examples/zed_display_foxglove/images) by extension 'colcon_meta'
[0.362s] Level 1:colcon.colcon_core.package_identification:_identify(zed-ros2-examples/zed_display_foxglove/images) by extensions ['ros']
[0.362s] Level 1:colcon.colcon_core.package_identification:_identify(zed-ros2-examples/zed_display_foxglove/images) by extension 'ros'
[0.362s] Level 1:colcon.colcon_core.package_identification:_identify(zed-ros2-examples/zed_display_foxglove/images) by extensions ['cmake', 'python']
[0.362s] Level 1:colcon.colcon_core.package_identification:_identify(zed-ros2-examples/zed_display_foxglove/images) by extension 'cmake'
[0.362s] Level 1:colcon.colcon_core.package_identification:_identify(zed-ros2-examples/zed_display_foxglove/images) by extension 'python'
[0.362s] Level 1:colcon.colcon_core.package_identification:_identify(zed-ros2-examples/zed_display_foxglove/images) by extensions ['python_setup_py']
[0.362s] Level 1:colcon.colcon_core.package_identification:_identify(zed-ros2-examples/zed_display_foxglove/images) by extension 'python_setup_py'
[0.362s] Level 1:colcon.colcon_core.package_identification:_identify(zed-ros2-examples/zed_display_foxglove/layouts) by extensions ['ignore', 'ignore_ament_install']
[0.362s] Level 1:colcon.colcon_core.package_identification:_identify(zed-ros2-examples/zed_display_foxglove/layouts) by extension 'ignore'
[0.362s] Level 1:colcon.colcon_core.package_identification:_identify(zed-ros2-examples/zed_display_foxglove/layouts) by extension 'ignore_ament_install'
[0.362s] Level 1:colcon.colcon_core.package_identification:_identify(zed-ros2-examples/zed_display_foxglove/layouts) by extensions ['colcon_pkg']
[0.362s] Level 1:colcon.colcon_core.package_identification:_identify(zed-ros2-examples/zed_display_foxglove/layouts) by extension 'colcon_pkg'
[0.362s] Level 1:colcon.colcon_core.package_identification:_identify(zed-ros2-examples/zed_display_foxglove/layouts) by extensions ['colcon_meta']
[0.362s] Level 1:colcon.colcon_core.package_identification:_identify(zed-ros2-examples/zed_display_foxglove/layouts) by extension 'colcon_meta'
[0.362s] Level 1:colcon.colcon_core.package_identification:_identify(zed-ros2-examples/zed_display_foxglove/layouts) by extensions ['ros']
[0.362s] Level 1:colcon.colcon_core.package_identification:_identify(zed-ros2-examples/zed_display_foxglove/layouts) by extension 'ros'
[0.363s] Level 1:colcon.colcon_core.package_identification:_identify(zed-ros2-examples/zed_display_foxglove/layouts) by extensions ['cmake', 'python']
[0.363s] Level 1:colcon.colcon_core.package_identification:_identify(zed-ros2-examples/zed_display_foxglove/layouts) by extension 'cmake'
[0.363s] Level 1:colcon.colcon_core.package_identification:_identify(zed-ros2-examples/zed_display_foxglove/layouts) by extension 'python'
[0.363s] Level 1:colcon.colcon_core.package_identification:_identify(zed-ros2-examples/zed_display_foxglove/layouts) by extensions ['python_setup_py']
[0.363s] Level 1:colcon.colcon_core.package_identification:_identify(zed-ros2-examples/zed_display_foxglove/layouts) by extension 'python_setup_py'
[0.363s] Level 1:colcon.colcon_core.package_identification:_identify(zed-ros2-examples/zed_display_rviz2) by extensions ['ignore', 'ignore_ament_install']
[0.363s] Level 1:colcon.colcon_core.package_identification:_identify(zed-ros2-examples/zed_display_rviz2) by extension 'ignore'
[0.363s] Level 1:colcon.colcon_core.package_identification:_identify(zed-ros2-examples/zed_display_rviz2) by extension 'ignore_ament_install'
[0.363s] Level 1:colcon.colcon_core.package_identification:_identify(zed-ros2-examples/zed_display_rviz2) by extensions ['colcon_pkg']
[0.363s] Level 1:colcon.colcon_core.package_identification:_identify(zed-ros2-examples/zed_display_rviz2) by extension 'colcon_pkg'
[0.363s] Level 1:colcon.colcon_core.package_identification:_identify(zed-ros2-examples/zed_display_rviz2) by extensions ['colcon_meta']
[0.363s] Level 1:colcon.colcon_core.package_identification:_identify(zed-ros2-examples/zed_display_rviz2) by extension 'colcon_meta'
[0.363s] Level 1:colcon.colcon_core.package_identification:_identify(zed-ros2-examples/zed_display_rviz2) by extensions ['ros']
[0.363s] Level 1:colcon.colcon_core.package_identification:_identify(zed-ros2-examples/zed_display_rviz2) by extension 'ros'
[0.364s] DEBUG:colcon.colcon_core.package_identification:Package 'zed-ros2-examples/zed_display_rviz2' with type 'ros.ament_cmake' and name 'zed_display_rviz2'
[0.364s] Level 1:colcon.colcon_core.package_identification:_identify(zed-ros2-interfaces) by extensions ['ignore', 'ignore_ament_install']
[0.364s] Level 1:colcon.colcon_core.package_identification:_identify(zed-ros2-interfaces) by extension 'ignore'
[0.364s] Level 1:colcon.colcon_core.package_identification:_identify(zed-ros2-interfaces) by extension 'ignore_ament_install'
[0.364s] Level 1:colcon.colcon_core.package_identification:_identify(zed-ros2-interfaces) by extensions ['colcon_pkg']
[0.365s] Level 1:colcon.colcon_core.package_identification:_identify(zed-ros2-interfaces) by extension 'colcon_pkg'
[0.365s] Level 1:colcon.colcon_core.package_identification:_identify(zed-ros2-interfaces) by extensions ['colcon_meta']
[0.365s] Level 1:colcon.colcon_core.package_identification:_identify(zed-ros2-interfaces) by extension 'colcon_meta'
[0.365s] Level 1:colcon.colcon_core.package_identification:_identify(zed-ros2-interfaces) by extensions ['ros']
[0.365s] Level 1:colcon.colcon_core.package_identification:_identify(zed-ros2-interfaces) by extension 'ros'
[0.366s] DEBUG:colcon.colcon_core.package_identification:Package 'zed-ros2-interfaces' with type 'ros.ament_cmake' and name 'zed_msgs'
[0.366s] Level 1:colcon.colcon_core.package_identification:_identify(zed-ros2-wrapper) by extensions ['ignore', 'ignore_ament_install']
[0.366s] Level 1:colcon.colcon_core.package_identification:_identify(zed-ros2-wrapper) by extension 'ignore'
[0.366s] Level 1:colcon.colcon_core.package_identification:_identify(zed-ros2-wrapper) by extension 'ignore_ament_install'
[0.366s] Level 1:colcon.colcon_core.package_identification:_identify(zed-ros2-wrapper) by extensions ['colcon_pkg']
[0.366s] Level 1:colcon.colcon_core.package_identification:_identify(zed-ros2-wrapper) by extension 'colcon_pkg'
[0.366s] Level 1:colcon.colcon_core.package_identification:_identify(zed-ros2-wrapper) by extensions ['colcon_meta']
[0.366s] Level 1:colcon.colcon_core.package_identification:_identify(zed-ros2-wrapper) by extension 'colcon_meta'
[0.366s] Level 1:colcon.colcon_core.package_identification:_identify(zed-ros2-wrapper) by extensions ['ros']
[0.366s] Level 1:colcon.colcon_core.package_identification:_identify(zed-ros2-wrapper) by extension 'ros'
[0.366s] Level 1:colcon.colcon_core.package_identification:_identify(zed-ros2-wrapper) by extensions ['cmake', 'python']
[0.366s] Level 1:colcon.colcon_core.package_identification:_identify(zed-ros2-wrapper) by extension 'cmake'
[0.367s] Level 1:colcon.colcon_core.package_identification:_identify(zed-ros2-wrapper) by extension 'python'
[0.367s] Level 1:colcon.colcon_core.package_identification:_identify(zed-ros2-wrapper) by extensions ['python_setup_py']
[0.367s] Level 1:colcon.colcon_core.package_identification:_identify(zed-ros2-wrapper) by extension 'python_setup_py'
[0.367s] Level 1:colcon.colcon_core.package_identification:_identify(zed-ros2-wrapper/docker) by extensions ['ignore', 'ignore_ament_install']
[0.367s] Level 1:colcon.colcon_core.package_identification:_identify(zed-ros2-wrapper/docker) by extension 'ignore'
[0.367s] Level 1:colcon.colcon_core.package_identification:_identify(zed-ros2-wrapper/docker) by extension 'ignore_ament_install'
[0.367s] Level 1:colcon.colcon_core.package_identification:_identify(zed-ros2-wrapper/docker) by extensions ['colcon_pkg']
[0.367s] Level 1:colcon.colcon_core.package_identification:_identify(zed-ros2-wrapper/docker) by extension 'colcon_pkg'
[0.367s] Level 1:colcon.colcon_core.package_identification:_identify(zed-ros2-wrapper/docker) by extensions ['colcon_meta']
[0.367s] Level 1:colcon.colcon_core.package_identification:_identify(zed-ros2-wrapper/docker) by extension 'colcon_meta'
[0.367s] Level 1:colcon.colcon_core.package_identification:_identify(zed-ros2-wrapper/docker) by extensions ['ros']
[0.367s] Level 1:colcon.colcon_core.package_identification:_identify(zed-ros2-wrapper/docker) by extension 'ros'
[0.367s] Level 1:colcon.colcon_core.package_identification:_identify(zed-ros2-wrapper/docker) by extensions ['cmake', 'python']
[0.367s] Level 1:colcon.colcon_core.package_identification:_identify(zed-ros2-wrapper/docker) by extension 'cmake'
[0.367s] Level 1:colcon.colcon_core.package_identification:_identify(zed-ros2-wrapper/docker) by extension 'python'
[0.367s] Level 1:colcon.colcon_core.package_identification:_identify(zed-ros2-wrapper/docker) by extensions ['python_setup_py']
[0.367s] Level 1:colcon.colcon_core.package_identification:_identify(zed-ros2-wrapper/docker) by extension 'python_setup_py'
[0.368s] Level 1:colcon.colcon_core.package_identification:_identify(zed-ros2-wrapper/images) by extensions ['ignore', 'ignore_ament_install']
[0.368s] Level 1:colcon.colcon_core.package_identification:_identify(zed-ros2-wrapper/images) by extension 'ignore'
[0.368s] Level 1:colcon.colcon_core.package_identification:_identify(zed-ros2-wrapper/images) by extension 'ignore_ament_install'
[0.368s] Level 1:colcon.colcon_core.package_identification:_identify(zed-ros2-wrapper/images) by extensions ['colcon_pkg']
[0.368s] Level 1:colcon.colcon_core.package_identification:_identify(zed-ros2-wrapper/images) by extension 'colcon_pkg'
[0.368s] Level 1:colcon.colcon_core.package_identification:_identify(zed-ros2-wrapper/images) by extensions ['colcon_meta']
[0.368s] Level 1:colcon.colcon_core.package_identification:_identify(zed-ros2-wrapper/images) by extension 'colcon_meta'
[0.368s] Level 1:colcon.colcon_core.package_identification:_identify(zed-ros2-wrapper/images) by extensions ['ros']
[0.368s] Level 1:colcon.colcon_core.package_identification:_identify(zed-ros2-wrapper/images) by extension 'ros'
[0.368s] Level 1:colcon.colcon_core.package_identification:_identify(zed-ros2-wrapper/images) by extensions ['cmake', 'python']
[0.368s] Level 1:colcon.colcon_core.package_identification:_identify(zed-ros2-wrapper/images) by extension 'cmake'
[0.368s] Level 1:colcon.colcon_core.package_identification:_identify(zed-ros2-wrapper/images) by extension 'python'
[0.368s] Level 1:colcon.colcon_core.package_identification:_identify(zed-ros2-wrapper/images) by extensions ['python_setup_py']
[0.368s] Level 1:colcon.colcon_core.package_identification:_identify(zed-ros2-wrapper/images) by extension 'python_setup_py'
[0.368s] Level 1:colcon.colcon_core.package_identification:_identify(zed-ros2-wrapper/zed_components) by extensions ['ignore', 'ignore_ament_install']
[0.369s] Level 1:colcon.colcon_core.package_identification:_identify(zed-ros2-wrapper/zed_components) by extension 'ignore'
[0.369s] Level 1:colcon.colcon_core.package_identification:_identify(zed-ros2-wrapper/zed_components) by extension 'ignore_ament_install'
[0.369s] Level 1:colcon.colcon_core.package_identification:_identify(zed-ros2-wrapper/zed_components) by extensions ['colcon_pkg']
[0.369s] Level 1:colcon.colcon_core.package_identification:_identify(zed-ros2-wrapper/zed_components) by extension 'colcon_pkg'
[0.369s] Level 1:colcon.colcon_core.package_identification:_identify(zed-ros2-wrapper/zed_components) by extensions ['colcon_meta']
[0.369s] Level 1:colcon.colcon_core.package_identification:_identify(zed-ros2-wrapper/zed_components) by extension 'colcon_meta'
[0.369s] Level 1:colcon.colcon_core.package_identification:_identify(zed-ros2-wrapper/zed_components) by extensions ['ros']
[0.369s] Level 1:colcon.colcon_core.package_identification:_identify(zed-ros2-wrapper/zed_components) by extension 'ros'
[0.370s] DEBUG:colcon.colcon_core.package_identification:Package 'zed-ros2-wrapper/zed_components' with type 'ros.ament_cmake' and name 'zed_components'
[0.370s] Level 1:colcon.colcon_core.package_identification:_identify(zed-ros2-wrapper/zed_ros2) by extensions ['ignore', 'ignore_ament_install']
[0.370s] Level 1:colcon.colcon_core.package_identification:_identify(zed-ros2-wrapper/zed_ros2) by extension 'ignore'
[0.371s] Level 1:colcon.colcon_core.package_identification:_identify(zed-ros2-wrapper/zed_ros2) by extension 'ignore_ament_install'
[0.371s] Level 1:colcon.colcon_core.package_identification:_identify(zed-ros2-wrapper/zed_ros2) by extensions ['colcon_pkg']
[0.371s] Level 1:colcon.colcon_core.package_identification:_identify(zed-ros2-wrapper/zed_ros2) by extension 'colcon_pkg'
[0.371s] Level 1:colcon.colcon_core.package_identification:_identify(zed-ros2-wrapper/zed_ros2) by extensions ['colcon_meta']
[0.371s] Level 1:colcon.colcon_core.package_identification:_identify(zed-ros2-wrapper/zed_ros2) by extension 'colcon_meta'
[0.371s] Level 1:colcon.colcon_core.package_identification:_identify(zed-ros2-wrapper/zed_ros2) by extensions ['ros']
[0.371s] Level 1:colcon.colcon_core.package_identification:_identify(zed-ros2-wrapper/zed_ros2) by extension 'ros'
[0.371s] DEBUG:colcon.colcon_core.package_identification:Package 'zed-ros2-wrapper/zed_ros2' with type 'ros.ament_cmake' and name 'zed_ros2'
[0.372s] Level 1:colcon.colcon_core.package_identification:_identify(zed-ros2-wrapper/zed_wrapper) by extensions ['ignore', 'ignore_ament_install']
[0.372s] Level 1:colcon.colcon_core.package_identification:_identify(zed-ros2-wrapper/zed_wrapper) by extension 'ignore'
[0.372s] Level 1:colcon.colcon_core.package_identification:_identify(zed-ros2-wrapper/zed_wrapper) by extension 'ignore_ament_install'
[0.372s] Level 1:colcon.colcon_core.package_identification:_identify(zed-ros2-wrapper/zed_wrapper) by extensions ['colcon_pkg']
[0.372s] Level 1:colcon.colcon_core.package_identification:_identify(zed-ros2-wrapper/zed_wrapper) by extension 'colcon_pkg'
[0.372s] Level 1:colcon.colcon_core.package_identification:_identify(zed-ros2-wrapper/zed_wrapper) by extensions ['colcon_meta']
[0.372s] Level 1:colcon.colcon_core.package_identification:_identify(zed-ros2-wrapper/zed_wrapper) by extension 'colcon_meta'
[0.372s] Level 1:colcon.colcon_core.package_identification:_identify(zed-ros2-wrapper/zed_wrapper) by extensions ['ros']
[0.372s] Level 1:colcon.colcon_core.package_identification:_identify(zed-ros2-wrapper/zed_wrapper) by extension 'ros'
[0.374s] DEBUG:colcon.colcon_core.package_identification:Package 'zed-ros2-wrapper/zed_wrapper' with type 'ros.ament_cmake' and name 'zed_wrapper'
[0.374s] Level 1:colcon.colcon_core.package_identification:_identify(zed_mini) by extensions ['ignore', 'ignore_ament_install']
[0.374s] Level 1:colcon.colcon_core.package_identification:_identify(zed_mini) by extension 'ignore'
[0.374s] Level 1:colcon.colcon_core.package_identification:_identify(zed_mini) by extension 'ignore_ament_install'
[0.374s] Level 1:colcon.colcon_core.package_identification:_identify(zed_mini) by extensions ['colcon_pkg']
[0.374s] Level 1:colcon.colcon_core.package_identification:_identify(zed_mini) by extension 'colcon_pkg'
[0.374s] Level 1:colcon.colcon_core.package_identification:_identify(zed_mini) by extensions ['colcon_meta']
[0.374s] Level 1:colcon.colcon_core.package_identification:_identify(zed_mini) by extension 'colcon_meta'
[0.374s] Level 1:colcon.colcon_core.package_identification:_identify(zed_mini) by extensions ['ros']
[0.374s] Level 1:colcon.colcon_core.package_identification:_identify(zed_mini) by extension 'ros'
[0.375s] DEBUG:colcon.colcon_core.package_identification:Package 'zed_mini' with type 'ros.ament_python' and name 'zed_mini'
[0.375s] Level 1:colcon.colcon_core.package_identification:_identify(zed_recorder_cpp) by extensions ['ignore', 'ignore_ament_install']
[0.375s] Level 1:colcon.colcon_core.package_identification:_identify(zed_recorder_cpp) by extension 'ignore'
[0.375s] Level 1:colcon.colcon_core.package_identification:_identify(zed_recorder_cpp) by extension 'ignore_ament_install'
[0.375s] Level 1:colcon.colcon_core.package_identification:_identify(zed_recorder_cpp) by extensions ['colcon_pkg']
[0.375s] Level 1:colcon.colcon_core.package_identification:_identify(zed_recorder_cpp) by extension 'colcon_pkg'
[0.375s] Level 1:colcon.colcon_core.package_identification:_identify(zed_recorder_cpp) by extensions ['colcon_meta']
[0.375s] Level 1:colcon.colcon_core.package_identification:_identify(zed_recorder_cpp) by extension 'colcon_meta'
[0.375s] Level 1:colcon.colcon_core.package_identification:_identify(zed_recorder_cpp) by extensions ['ros']
[0.375s] Level 1:colcon.colcon_core.package_identification:_identify(zed_recorder_cpp) by extension 'ros'
[0.376s] DEBUG:colcon.colcon_core.package_identification:Package 'zed_recorder_cpp' with type 'ros.ament_cmake' and name 'zed_recorder_cpp'
[0.376s] Level 1:colcon.colcon_core.package_discovery:discover_packages(recursive) using defaults
[0.376s] Level 1:colcon.colcon_core.package_discovery:discover_packages(ignore) discover
[0.377s] Level 1:colcon.colcon_core.package_discovery:discover_packages(ignore) using defaults
[0.377s] Level 1:colcon.colcon_core.package_discovery:discover_packages(path) discover
[0.377s] Level 1:colcon.colcon_core.package_discovery:discover_packages(path) using defaults
[0.417s] INFO:colcon.colcon_core.package_selection:Skipping not selected package 'apriltagdetection' in 'apriltagdetection'
[0.417s] INFO:colcon.colcon_core.package_selection:Skipping not selected package 'blink_interface' in 'blink_interface /blink_interface '
[0.417s] INFO:colcon.colcon_core.package_selection:Skipping not selected package 'egocentric_msg' in 'egocentric_msg'
[0.417s] INFO:colcon.colcon_core.package_selection:Skipping not selected package 'gaze_interface' in 'gaze_interface'
[0.417s] INFO:colcon.colcon_core.package_selection:Skipping not selected package 'imu_interface' in 'imu_interface'
[0.417s] INFO:colcon.colcon_core.package_selection:Skipping not selected package 'latency_tools' in 'latency_tools'
[0.417s] INFO:colcon.colcon_core.package_selection:Skipping not selected package 'recording_gaze' in 'recording_gaze'
[0.417s] INFO:colcon.colcon_core.package_selection:Skipping not selected package 'recording_scene' in 'recording_scene'
[0.417s] INFO:colcon.colcon_core.package_selection:Skipping not selected package 'recording_scene_cpp' in 'recording_scene_cpp'
[0.417s] INFO:colcon.colcon_core.package_selection:Skipping not selected package 'recording_scene_python' in 'recording_scene_python'
[0.417s] INFO:colcon.colcon_core.package_selection:Skipping not selected package 'recording_zed_depth' in 'recording_zed_depth'
[0.417s] INFO:colcon.colcon_core.package_selection:Skipping not selected package 'recording_zed_depth_rgb' in 'recording_zed_depth_rgb'
[0.417s] INFO:colcon.colcon_core.package_selection:Skipping not selected package 'recording_zed_rgb' in 'recording_zed_rgb'
[0.417s] INFO:colcon.colcon_core.package_selection:Skipping not selected package 'tf_recording' in 'tf_recording'
[0.417s] INFO:colcon.colcon_core.package_selection:Skipping not selected package 'zed_mini' in 'zed_mini'
[0.417s] INFO:colcon.colcon_core.package_selection:Skipping not selected package 'zed_msgs' in 'zed-ros2-interfaces'
[0.417s] INFO:colcon.colcon_core.package_selection:Skipping not selected package 'zed_recorder_cpp' in 'zed_recorder_cpp'
[0.418s] INFO:colcon.colcon_core.package_selection:Skipping not selected package 'zed_topic_benchmark_interfaces' in 'zed-ros2-examples/tools/zed_benchmark_interfaces'
[0.418s] INFO:colcon.colcon_core.package_selection:Skipping not selected package 'zed_tutorial_depth' in 'zed-ros2-examples/tutorials/zed_depth_tutorial'
[0.418s] INFO:colcon.colcon_core.package_selection:Skipping not selected package 'zed_tutorial_pos_tracking' in 'zed-ros2-examples/tutorials/zed_pose_tutorial'
[0.418s] INFO:colcon.colcon_core.package_selection:Skipping not selected package 'zed_tutorial_video' in 'zed-ros2-examples/tutorials/zed_video_tutorial'
[0.418s] INFO:colcon.colcon_core.package_selection:Skipping not selected package 'pupil_labs_wrapper' in 'pupil_labs_wrapper'
[0.418s] INFO:colcon.colcon_core.package_selection:Skipping not selected package 'recording_blink' in 'recording_blink'
[0.418s] INFO:colcon.colcon_core.package_selection:Skipping not selected package 'recording_controller_pkg' in 'recording_controller_pkg'
[0.418s] INFO:colcon.colcon_core.package_selection:Skipping not selected package 'recording_imu' in 'recording_imu'
[0.418s] INFO:colcon.colcon_core.package_selection:Skipping not selected package 'rviz_plugin_zed_od' in 'zed-ros2-examples/rviz-plugin-zed-od'
[0.418s] INFO:colcon.colcon_core.package_selection:Skipping not selected package 'zed_components' in 'zed-ros2-wrapper/zed_components'
[0.418s] INFO:colcon.colcon_core.package_selection:Skipping not selected package 'zed_topic_benchmark_component' in 'zed-ros2-examples/tools/zed_benchmark_component'
[0.418s] INFO:colcon.colcon_core.package_selection:Skipping not selected package 'zed_aruco_localization' in 'zed-ros2-examples/examples/zed_aruco_localization'
[0.418s] INFO:colcon.colcon_core.package_selection:Skipping not selected package 'zed_rgb_convert' in 'zed-ros2-examples/tutorials/zed_rgb_convert'
[0.418s] INFO:colcon.colcon_core.package_selection:Skipping not selected package 'zed_topic_benchmark' in 'zed-ros2-examples/tools/zed_benchmark'
[0.418s] INFO:colcon.colcon_core.package_selection:Skipping not selected package 'zed_wrapper' in 'zed-ros2-wrapper/zed_wrapper'
[0.418s] INFO:colcon.colcon_core.package_selection:Skipping not selected package 'zed_depth_to_laserscan' in 'zed-ros2-examples/examples/zed_depth_to_laserscan'
[0.418s] INFO:colcon.colcon_core.package_selection:Skipping not selected package 'zed_display_rviz2' in 'zed-ros2-examples/zed_display_rviz2'
[0.418s] INFO:colcon.colcon_core.package_selection:Skipping not selected package 'zed_multi_camera' in 'zed-ros2-examples/tutorials/zed_multi_camera'
[0.418s] INFO:colcon.colcon_core.package_selection:Skipping not selected package 'zed_robot_integration' in 'zed-ros2-examples/tutorials/zed_robot_integration'
[0.418s] INFO:colcon.colcon_core.package_selection:Skipping not selected package 'zed_ros2' in 'zed-ros2-wrapper/zed_ros2'
[0.418s] INFO:colcon.colcon_core.package_selection:Skipping not selected package 'zed_ipc' in 'zed-ros2-examples/tutorials/zed_ipc'
[0.419s] Level 1:colcon.colcon_core.package_discovery:discover_packages(prefix_path) check parameters
[0.419s] Level 1:colcon.colcon_core.package_discovery:discover_packages(prefix_path) discover
[0.424s] DEBUG:colcon.colcon_installed_package_information.package_discovery:Found 39 installed packages in /home/olhamelnyk/colcon_venv/install
[0.427s] DEBUG:colcon.colcon_installed_package_information.package_discovery:Found 419 installed packages in /opt/ros/jazzy
[0.431s] Level 1:colcon.colcon_core.package_discovery:discover_packages(prefix_path) using defaults
[0.554s] Level 5:colcon.colcon_core.verb:set package 'async_pupil_wrapper' build argument 'cmake_args' from command line to 'None'
[0.554s] Level 5:colcon.colcon_core.verb:set package 'async_pupil_wrapper' build argument 'cmake_target' from command line to 'None'
[0.554s] Level 5:colcon.colcon_core.verb:set package 'async_pupil_wrapper' build argument 'cmake_target_skip_unavailable' from command line to 'False'
[0.554s] Level 5:colcon.colcon_core.verb:set package 'async_pupil_wrapper' build argument 'cmake_clean_cache' from command line to 'False'
[0.554s] Level 5:colcon.colcon_core.verb:set package 'async_pupil_wrapper' build argument 'cmake_clean_first' from command line to 'False'
[0.554s] Level 5:colcon.colcon_core.verb:set package 'async_pupil_wrapper' build argument 'cmake_force_configure' from command line to 'False'
[0.554s] Level 5:colcon.colcon_core.verb:set package 'async_pupil_wrapper' build argument 'ament_cmake_args' from command line to 'None'
[0.554s] Level 5:colcon.colcon_core.verb:set package 'async_pupil_wrapper' build argument 'catkin_cmake_args' from command line to 'None'
[0.554s] Level 5:colcon.colcon_core.verb:set package 'async_pupil_wrapper' build argument 'catkin_skip_building_tests' from command line to 'False'
[0.554s] DEBUG:colcon.colcon_core.verb:Building package 'async_pupil_wrapper' with the following arguments: {'ament_cmake_args': None, 'build_base': '/home/olhamelnyk/colcon_venv/src/build/async_pupil_wrapper', 'catkin_cmake_args': None, 'catkin_skip_building_tests': False, 'cmake_args': None, 'cmake_clean_cache': False, 'cmake_clean_first': False, 'cmake_force_configure': False, 'cmake_target': None, 'cmake_target_skip_unavailable': False, 'install_base': '/home/olhamelnyk/colcon_venv/src/install/async_pupil_wrapper', 'merge_install': False, 'path': '/home/olhamelnyk/colcon_venv/src/async_pupil_wrapper', 'symlink_install': False, 'test_result_base': None}
[0.555s] INFO:colcon.colcon_core.executor:Executing jobs using 'parallel' executor
[0.556s] DEBUG:colcon.colcon_parallel_executor.executor.parallel:run_until_complete
[0.556s] INFO:colcon.colcon_ros.task.ament_python.build:Building ROS package in '/home/olhamelnyk/colcon_venv/src/async_pupil_wrapper' with build type 'ament_python'
[0.557s] Level 1:colcon.colcon_core.shell:create_environment_hook('async_pupil_wrapper', 'ament_prefix_path')
[0.563s] INFO:colcon.colcon_core.plugin_system:Skipping extension 'colcon_core.shell.bat': Not used on non-Windows systems
[0.564s] INFO:colcon.colcon_core.shell:Creating environment hook '/home/olhamelnyk/colcon_venv/src/install/async_pupil_wrapper/share/async_pupil_wrapper/hook/ament_prefix_path.ps1'
[0.565s] INFO:colcon.colcon_core.shell:Creating environment descriptor '/home/olhamelnyk/colcon_venv/src/install/async_pupil_wrapper/share/async_pupil_wrapper/hook/ament_prefix_path.dsv'
[0.566s] INFO:colcon.colcon_core.shell:Creating environment hook '/home/olhamelnyk/colcon_venv/src/install/async_pupil_wrapper/share/async_pupil_wrapper/hook/ament_prefix_path.sh'
[0.567s] INFO:colcon.colcon_core.shell:Skip shell extension 'powershell' for command environment: Not usable outside of PowerShell
[0.567s] DEBUG:colcon.colcon_core.shell:Skip shell extension 'dsv' for command environment
[0.574s] WARNING:colcon.colcon_core.shell:The following packages are in the workspace but haven't been built:
- blink_interface
They are being used from the following locations instead:
- /home/olhamelnyk/colcon_venv/install/blink_interface
To suppress this warning ignore these packages in the workspace:
--packages-ignore blink_interface
[1.016s] INFO:colcon.colcon_core.task.python.build:Building Python package in '/home/olhamelnyk/colcon_venv/src/async_pupil_wrapper'
[1.017s] INFO:colcon.colcon_core.shell:Skip shell extension 'powershell' for command environment: Not usable outside of PowerShell
[1.017s] DEBUG:colcon.colcon_core.shell:Skip shell extension 'dsv' for command environment
[2.209s] DEBUG:colcon.colcon_core.event_handler.log_command:Invoking command in '/home/olhamelnyk/colcon_venv/src/async_pupil_wrapper': AMENT_PREFIX_PATH=/home/olhamelnyk/colcon_venv/src/install/imu_interface:${AMENT_PREFIX_PATH} CMAKE_PREFIX_PATH=/home/olhamelnyk/colcon_venv/src/install/imu_interface:${CMAKE_PREFIX_PATH} DEBUGINFOD_URLS=https://debuginfod.ubuntu.com LD_LIBRARY_PATH=/home/olhamelnyk/colcon_venv/src/install/imu_interface/lib:${LD_LIBRARY_PATH} PYTHONPATH=/home/olhamelnyk/colcon_venv/src/build/async_pupil_wrapper/prefix_override:/usr/lib/python3/dist-packages/colcon_core/task/python/colcon_distutils_commands:/home/olhamelnyk/colcon_venv/src/install/async_pupil_wrapper/lib/python3.12/site-packages:/home/olhamelnyk/colcon_venv/src/install/imu_interface/lib/python3.12/site-packages:${PYTHONPATH} /usr/bin/python3 -W ignore:setup.py install is deprecated -W ignore:easy_install command is deprecated setup.py egg_info --egg-base ../build/async_pupil_wrapper build --build-base /home/olhamelnyk/colcon_venv/src/build/async_pupil_wrapper/build install --record /home/olhamelnyk/colcon_venv/src/build/async_pupil_wrapper/install.log --single-version-externally-managed install_data
[3.372s] DEBUG:colcon.colcon_core.event_handler.log_command:Invoked command in '/home/olhamelnyk/colcon_venv/src/async_pupil_wrapper' returned '0': AMENT_PREFIX_PATH=/home/olhamelnyk/colcon_venv/src/install/imu_interface:${AMENT_PREFIX_PATH} CMAKE_PREFIX_PATH=/home/olhamelnyk/colcon_venv/src/install/imu_interface:${CMAKE_PREFIX_PATH} DEBUGINFOD_URLS=https://debuginfod.ubuntu.com LD_LIBRARY_PATH=/home/olhamelnyk/colcon_venv/src/install/imu_interface/lib:${LD_LIBRARY_PATH} PYTHONPATH=/home/olhamelnyk/colcon_venv/src/build/async_pupil_wrapper/prefix_override:/usr/lib/python3/dist-packages/colcon_core/task/python/colcon_distutils_commands:/home/olhamelnyk/colcon_venv/src/install/async_pupil_wrapper/lib/python3.12/site-packages:/home/olhamelnyk/colcon_venv/src/install/imu_interface/lib/python3.12/site-packages:${PYTHONPATH} /usr/bin/python3 -W ignore:setup.py install is deprecated -W ignore:easy_install command is deprecated setup.py egg_info --egg-base ../build/async_pupil_wrapper build --build-base /home/olhamelnyk/colcon_venv/src/build/async_pupil_wrapper/build install --record /home/olhamelnyk/colcon_venv/src/build/async_pupil_wrapper/install.log --single-version-externally-managed install_data
[3.377s] Level 1:colcon.colcon_core.environment:checking '/home/olhamelnyk/colcon_venv/src/install/async_pupil_wrapper' for CMake module files
[3.379s] Level 1:colcon.colcon_core.environment:checking '/home/olhamelnyk/colcon_venv/src/install/async_pupil_wrapper' for CMake config files
[3.380s] Level 1:colcon.colcon_core.environment:checking '/home/olhamelnyk/colcon_venv/src/install/async_pupil_wrapper/lib'
[3.380s] Level 1:colcon.colcon_core.environment:checking '/home/olhamelnyk/colcon_venv/src/install/async_pupil_wrapper/bin'
[3.381s] Level 1:colcon.colcon_core.environment:checking '/home/olhamelnyk/colcon_venv/src/install/async_pupil_wrapper/lib/pkgconfig/async_pupil_wrapper.pc'
[3.381s] Level 1:colcon.colcon_core.environment:checking '/home/olhamelnyk/colcon_venv/src/install/async_pupil_wrapper/lib/python3.12/site-packages'
[3.381s] Level 1:colcon.colcon_core.shell:create_environment_hook('async_pupil_wrapper', 'pythonpath')
[3.382s] INFO:colcon.colcon_core.shell:Creating environment hook '/home/olhamelnyk/colcon_venv/src/install/async_pupil_wrapper/share/async_pupil_wrapper/hook/pythonpath.ps1'
[3.383s] INFO:colcon.colcon_core.shell:Creating environment descriptor '/home/olhamelnyk/colcon_venv/src/install/async_pupil_wrapper/share/async_pupil_wrapper/hook/pythonpath.dsv'
[3.384s] INFO:colcon.colcon_core.shell:Creating environment hook '/home/olhamelnyk/colcon_venv/src/install/async_pupil_wrapper/share/async_pupil_wrapper/hook/pythonpath.sh'
[3.387s] Level 1:colcon.colcon_core.environment:checking '/home/olhamelnyk/colcon_venv/src/install/async_pupil_wrapper/bin'
[3.388s] Level 1:colcon.colcon_core.environment:create_environment_scripts_only(async_pupil_wrapper)
[3.389s] INFO:colcon.colcon_core.shell:Creating package script '/home/olhamelnyk/colcon_venv/src/install/async_pupil_wrapper/share/async_pupil_wrapper/package.ps1'
[3.392s] INFO:colcon.colcon_core.shell:Creating package descriptor '/home/olhamelnyk/colcon_venv/src/install/async_pupil_wrapper/share/async_pupil_wrapper/package.dsv'
[3.393s] INFO:colcon.colcon_core.shell:Creating package script '/home/olhamelnyk/colcon_venv/src/install/async_pupil_wrapper/share/async_pupil_wrapper/package.sh'
[3.394s] INFO:colcon.colcon_core.shell:Creating package script '/home/olhamelnyk/colcon_venv/src/install/async_pupil_wrapper/share/async_pupil_wrapper/package.bash'
[3.395s] INFO:colcon.colcon_core.shell:Creating package script '/home/olhamelnyk/colcon_venv/src/install/async_pupil_wrapper/share/async_pupil_wrapper/package.zsh'
[3.396s] Level 1:colcon.colcon_core.environment:create_file_with_runtime_dependencies(/home/olhamelnyk/colcon_venv/src/install/async_pupil_wrapper/share/colcon-core/packages/async_pupil_wrapper)
[3.397s] DEBUG:colcon.colcon_parallel_executor.executor.parallel:closing loop
[3.398s] DEBUG:colcon.colcon_parallel_executor.executor.parallel:loop closed
[3.398s] DEBUG:colcon.colcon_parallel_executor.executor.parallel:run_until_complete finished with '0'
[3.398s] DEBUG:colcon.colcon_core.event_reactor:joining thread
[3.412s] INFO:colcon.colcon_core.plugin_system:Skipping extension 'colcon_notification.desktop_notification.terminal_notifier': Not used on non-Darwin systems
[3.412s] INFO:colcon.colcon_core.plugin_system:Skipping extension 'colcon_notification.desktop_notification.win32': Not used on non-Windows systems
[3.412s] INFO:colcon.colcon_notification.desktop_notification:Sending desktop notification using 'notify2'
[3.413s] DEBUG:colcon.colcon_notification.desktop_notification.notify2:Failed to initialize notify2: org.freedesktop.DBus.Error.AccessDenied: Failed to connect to socket /run/user/1001/bus: Operation not permitted
[3.413s] DEBUG:colcon.colcon_core.event_reactor:joined thread
[3.413s] INFO:colcon.colcon_core.shell:Creating prefix script '/home/olhamelnyk/colcon_venv/src/install/local_setup.ps1'
[3.416s] INFO:colcon.colcon_core.shell:Creating prefix util module '/home/olhamelnyk/colcon_venv/src/install/_local_setup_util_ps1.py'
[3.421s] INFO:colcon.colcon_core.shell:Creating prefix chain script '/home/olhamelnyk/colcon_venv/src/install/setup.ps1'
[3.428s] INFO:colcon.colcon_core.shell:Creating prefix script '/home/olhamelnyk/colcon_venv/src/install/local_setup.sh'
[3.429s] INFO:colcon.colcon_core.shell:Creating prefix util module '/home/olhamelnyk/colcon_venv/src/install/_local_setup_util_sh.py'
[3.431s] INFO:colcon.colcon_core.shell:Creating prefix chain script '/home/olhamelnyk/colcon_venv/src/install/setup.sh'
[3.437s] INFO:colcon.colcon_core.shell:Creating prefix script '/home/olhamelnyk/colcon_venv/src/install/local_setup.bash'
[3.440s] INFO:colcon.colcon_core.shell:Creating prefix chain script '/home/olhamelnyk/colcon_venv/src/install/setup.bash'
[3.444s] INFO:colcon.colcon_core.shell:Creating prefix script '/home/olhamelnyk/colcon_venv/src/install/local_setup.zsh'
[3.445s] INFO:colcon.colcon_core.shell:Creating prefix chain script '/home/olhamelnyk/colcon_venv/src/install/setup.zsh'
