[0.117s] DEBUG:colcon:Command line arguments: ['/usr/bin/colcon', 'build', '--symlink-install']
[0.117s] DEBUG:colcon:Parsed command line arguments: Namespace(log_base=None, log_level=None, verb_name='build', build_base='build', install_base='install', merge_install=False, symlink_install=True, test_result_base=None, continue_on_error=False, executor='parallel', parallel_workers=16, event_handlers=None, ignore_user_meta=False, metas=['./colcon.meta'], base_paths=['.'], packages_ignore=None, packages_ignore_regex=None, paths=None, packages_up_to=None, packages_up_to_regex=None, packages_above=None, packages_above_and_dependencies=None, packages_above_depth=None, packages_select_by_dep=None, packages_skip_by_dep=None, packages_skip_up_to=None, packages_select_build_failed=False, packages_skip_build_finished=False, packages_select_test_failures=False, packages_skip_test_passed=False, packages_select=None, packages_skip=None, packages_select_regex=None, packages_skip_regex=None, packages_start=None, packages_end=None, allow_overriding=[], cmake_args=None, cmake_target=None, cmake_target_skip_unavailable=False, cmake_clean_cache=False, cmake_clean_first=False, cmake_force_configure=False, ament_cmake_args=None, catkin_cmake_args=None, catkin_skip_building_tests=False, verb_parser=<colcon_defaults.argument_parser.defaults.DefaultArgumentsDecorator object at 0x7fa558db44d0>, verb_extension=<colcon_core.verb.build.BuildVerb object at 0x7fa558d8be60>, main=<bound method BuildVerb.main of <colcon_core.verb.build.BuildVerb object at 0x7fa558d8be60>>)
[0.157s] Level 1:colcon.colcon_core.package_discovery:discover_packages(colcon_meta) check parameters
[0.157s] Level 1:colcon.colcon_core.package_discovery:discover_packages(recursive) check parameters
[0.157s] Level 1:colcon.colcon_core.package_discovery:discover_packages(ignore) check parameters
[0.157s] Level 1:colcon.colcon_core.package_discovery:discover_packages(path) check parameters
[0.157s] Level 1:colcon.colcon_core.package_discovery:discover_packages(colcon_meta) discover
[0.157s] Level 1:colcon.colcon_core.package_discovery:discover_packages(recursive) discover
[0.157s] INFO:colcon.colcon_core.package_discovery:Crawling recursively for packages in '/home/olhamelnyk/colcon_venv/src'
[0.157s] Level 1:colcon.colcon_core.package_identification:_identify(.) by extensions ['ignore', 'ignore_ament_install']
[0.157s] Level 1:colcon.colcon_core.package_identification:_identify(.) by extension 'ignore'
[0.157s] Level 1:colcon.colcon_core.package_identification:_identify(.) by extension 'ignore_ament_install'
[0.157s] Level 1:colcon.colcon_core.package_identification:_identify(.) by extensions ['colcon_pkg']
[0.158s] Level 1:colcon.colcon_core.package_identification:_identify(.) by extension 'colcon_pkg'
[0.158s] Level 1:colcon.colcon_core.package_identification:_identify(.) by extensions ['colcon_meta']
[0.158s] Level 1:colcon.colcon_core.package_identification:_identify(.) by extension 'colcon_meta'
[0.158s] Level 1:colcon.colcon_core.package_identification:_identify(.) by extensions ['ros']
[0.158s] Level 1:colcon.colcon_core.package_identification:_identify(.) by extension 'ros'
[0.183s] Level 1:colcon.colcon_core.package_identification:_identify(.) by extensions ['cmake', 'python']
[0.184s] Level 1:colcon.colcon_core.package_identification:_identify(.) by extension 'cmake'
[0.184s] Level 1:colcon.colcon_core.package_identification:_identify(.) by extension 'python'
[0.184s] Level 1:colcon.colcon_core.package_identification:_identify(.) by extensions ['python_setup_py']
[0.184s] Level 1:colcon.colcon_core.package_identification:_identify(.) by extension 'python_setup_py'
[0.184s] Level 1:colcon.colcon_core.package_identification:_identify(__pycache__) by extensions ['ignore', 'ignore_ament_install']
[0.184s] Level 1:colcon.colcon_core.package_identification:_identify(__pycache__) by extension 'ignore'
[0.184s] Level 1:colcon.colcon_core.package_identification:_identify(__pycache__) by extension 'ignore_ament_install'
[0.184s] Level 1:colcon.colcon_core.package_identification:_identify(__pycache__) by extensions ['colcon_pkg']
[0.184s] Level 1:colcon.colcon_core.package_identification:_identify(__pycache__) by extension 'colcon_pkg'
[0.184s] Level 1:colcon.colcon_core.package_identification:_identify(__pycache__) by extensions ['colcon_meta']
[0.184s] Level 1:colcon.colcon_core.package_identification:_identify(__pycache__) by extension 'colcon_meta'
[0.184s] Level 1:colcon.colcon_core.package_identification:_identify(__pycache__) by extensions ['ros']
[0.184s] Level 1:colcon.colcon_core.package_identification:_identify(__pycache__) by extension 'ros'
[0.184s] Level 1:colcon.colcon_core.package_identification:_identify(__pycache__) by extensions ['cmake', 'python']
[0.184s] Level 1:colcon.colcon_core.package_identification:_identify(__pycache__) by extension 'cmake'
[0.184s] Level 1:colcon.colcon_core.package_identification:_identify(__pycache__) by extension 'python'
[0.184s] Level 1:colcon.colcon_core.package_identification:_identify(__pycache__) by extensions ['python_setup_py']
[0.184s] Level 1:colcon.colcon_core.package_identification:_identify(__pycache__) by extension 'python_setup_py'
[0.185s] Level 1:colcon.colcon_core.package_identification:_identify(async_pupil_wrapper) by extensions ['ignore', 'ignore_ament_install']
[0.185s] Level 1:colcon.colcon_core.package_identification:_identify(async_pupil_wrapper) by extension 'ignore'
[0.185s] Level 1:colcon.colcon_core.package_identification:_identify(async_pupil_wrapper) by extension 'ignore_ament_install'
[0.185s] Level 1:colcon.colcon_core.package_identification:_identify(async_pupil_wrapper) by extensions ['colcon_pkg']
[0.185s] Level 1:colcon.colcon_core.package_identification:_identify(async_pupil_wrapper) by extension 'colcon_pkg'
[0.185s] Level 1:colcon.colcon_core.package_identification:_identify(async_pupil_wrapper) by extensions ['colcon_meta']
[0.185s] Level 1:colcon.colcon_core.package_identification:_identify(async_pupil_wrapper) by extension 'colcon_meta'
[0.185s] Level 1:colcon.colcon_core.package_identification:_identify(async_pupil_wrapper) by extensions ['ros']
[0.185s] Level 1:colcon.colcon_core.package_identification:_identify(async_pupil_wrapper) by extension 'ros'
[0.187s] DEBUG:colcon.colcon_core.package_identification:Package 'async_pupil_wrapper' with type 'ros.ament_python' and name 'async_pupil_wrapper'
[0.187s] Level 1:colcon.colcon_core.package_identification:_identify(build) by extensions ['ignore', 'ignore_ament_install']
[0.187s] Level 1:colcon.colcon_core.package_identification:_identify(build) by extension 'ignore'
[0.187s] Level 1:colcon.colcon_core.package_identification:_identify(build) ignored
[0.188s] Level 1:colcon.colcon_core.package_identification:_identify(egocentric_msg) by extensions ['ignore', 'ignore_ament_install']
[0.188s] Level 1:colcon.colcon_core.package_identification:_identify(egocentric_msg) by extension 'ignore'
[0.188s] Level 1:colcon.colcon_core.package_identification:_identify(egocentric_msg) by extension 'ignore_ament_install'
[0.188s] Level 1:colcon.colcon_core.package_identification:_identify(egocentric_msg) by extensions ['colcon_pkg']
[0.188s] Level 1:colcon.colcon_core.package_identification:_identify(egocentric_msg) by extension 'colcon_pkg'
[0.188s] Level 1:colcon.colcon_core.package_identification:_identify(egocentric_msg) by extensions ['colcon_meta']
[0.188s] Level 1:colcon.colcon_core.package_identification:_identify(egocentric_msg) by extension 'colcon_meta'
[0.188s] Level 1:colcon.colcon_core.package_identification:_identify(egocentric_msg) by extensions ['ros']
[0.188s] Level 1:colcon.colcon_core.package_identification:_identify(egocentric_msg) by extension 'ros'
[0.188s] DEBUG:colcon.colcon_core.package_identification:Package 'egocentric_msg' with type 'ros.ament_cmake' and name 'egocentric_msg'
[0.189s] Level 1:colcon.colcon_core.package_identification:_identify(gaze_interface) by extensions ['ignore', 'ignore_ament_install']
[0.189s] Level 1:colcon.colcon_core.package_identification:_identify(gaze_interface) by extension 'ignore'
[0.189s] Level 1:colcon.colcon_core.package_identification:_identify(gaze_interface) by extension 'ignore_ament_install'
[0.189s] Level 1:colcon.colcon_core.package_identification:_identify(gaze_interface) by extensions ['colcon_pkg']
[0.189s] Level 1:colcon.colcon_core.package_identification:_identify(gaze_interface) by extension 'colcon_pkg'
[0.189s] Level 1:colcon.colcon_core.package_identification:_identify(gaze_interface) by extensions ['colcon_meta']
[0.189s] Level 1:colcon.colcon_core.package_identification:_identify(gaze_interface) by extension 'colcon_meta'
[0.189s] Level 1:colcon.colcon_core.package_identification:_identify(gaze_interface) by extensions ['ros']
[0.189s] Level 1:colcon.colcon_core.package_identification:_identify(gaze_interface) by extension 'ros'
[0.189s] DEBUG:colcon.colcon_core.package_identification:Package 'gaze_interface' with type 'ros.ament_cmake' and name 'gaze_interface'
[0.190s] Level 1:colcon.colcon_core.package_identification:_identify(install) by extensions ['ignore', 'ignore_ament_install']
[0.190s] Level 1:colcon.colcon_core.package_identification:_identify(install) by extension 'ignore'
[0.190s] Level 1:colcon.colcon_core.package_identification:_identify(install) ignored
[0.190s] Level 1:colcon.colcon_core.package_identification:_identify(log) by extensions ['ignore', 'ignore_ament_install']
[0.190s] Level 1:colcon.colcon_core.package_identification:_identify(log) by extension 'ignore'
[0.190s] Level 1:colcon.colcon_core.package_identification:_identify(log) ignored
[0.190s] Level 1:colcon.colcon_core.package_identification:_identify(pupil_labs_wrapper) by extensions ['ignore', 'ignore_ament_install']
[0.190s] Level 1:colcon.colcon_core.package_identification:_identify(pupil_labs_wrapper) by extension 'ignore'
[0.190s] Level 1:colcon.colcon_core.package_identification:_identify(pupil_labs_wrapper) by extension 'ignore_ament_install'
[0.190s] Level 1:colcon.colcon_core.package_identification:_identify(pupil_labs_wrapper) by extensions ['colcon_pkg']
[0.190s] Level 1:colcon.colcon_core.package_identification:_identify(pupil_labs_wrapper) by extension 'colcon_pkg'
[0.190s] Level 1:colcon.colcon_core.package_identification:_identify(pupil_labs_wrapper) by extensions ['colcon_meta']
[0.190s] Level 1:colcon.colcon_core.package_identification:_identify(pupil_labs_wrapper) by extension 'colcon_meta'
[0.190s] Level 1:colcon.colcon_core.package_identification:_identify(pupil_labs_wrapper) by extensions ['ros']
[0.190s] Level 1:colcon.colcon_core.package_identification:_identify(pupil_labs_wrapper) by extension 'ros'
[0.191s] DEBUG:colcon.colcon_core.package_identification:Package 'pupil_labs_wrapper' with type 'ros.ament_python' and name 'pupil_labs_wrapper'
[0.191s] Level 1:colcon.colcon_core.package_identification:_identify(recording_controller_pkg) by extensions ['ignore', 'ignore_ament_install']
[0.191s] Level 1:colcon.colcon_core.package_identification:_identify(recording_controller_pkg) by extension 'ignore'
[0.191s] Level 1:colcon.colcon_core.package_identification:_identify(recording_controller_pkg) by extension 'ignore_ament_install'
[0.191s] Level 1:colcon.colcon_core.package_identification:_identify(recording_controller_pkg) by extensions ['colcon_pkg']
[0.191s] Level 1:colcon.colcon_core.package_identification:_identify(recording_controller_pkg) by extension 'colcon_pkg'
[0.191s] Level 1:colcon.colcon_core.package_identification:_identify(recording_controller_pkg) by extensions ['colcon_meta']
[0.191s] Level 1:colcon.colcon_core.package_identification:_identify(recording_controller_pkg) by extension 'colcon_meta'
[0.191s] Level 1:colcon.colcon_core.package_identification:_identify(recording_controller_pkg) by extensions ['ros']
[0.191s] Level 1:colcon.colcon_core.package_identification:_identify(recording_controller_pkg) by extension 'ros'
[0.192s] DEBUG:colcon.colcon_core.package_identification:Package 'recording_controller_pkg' with type 'ros.ament_python' and name 'recording_controller_pkg'
[0.192s] Level 1:colcon.colcon_core.package_identification:_identify(recording_gaze) by extensions ['ignore', 'ignore_ament_install']
[0.192s] Level 1:colcon.colcon_core.package_identification:_identify(recording_gaze) by extension 'ignore'
[0.192s] Level 1:colcon.colcon_core.package_identification:_identify(recording_gaze) by extension 'ignore_ament_install'
[0.192s] Level 1:colcon.colcon_core.package_identification:_identify(recording_gaze) by extensions ['colcon_pkg']
[0.192s] Level 1:colcon.colcon_core.package_identification:_identify(recording_gaze) by extension 'colcon_pkg'
[0.192s] Level 1:colcon.colcon_core.package_identification:_identify(recording_gaze) by extensions ['colcon_meta']
[0.192s] Level 1:colcon.colcon_core.package_identification:_identify(recording_gaze) by extension 'colcon_meta'
[0.192s] Level 1:colcon.colcon_core.package_identification:_identify(recording_gaze) by extensions ['ros']
[0.192s] Level 1:colcon.colcon_core.package_identification:_identify(recording_gaze) by extension 'ros'
[0.193s] DEBUG:colcon.colcon_core.package_identification:Package 'recording_gaze' with type 'ros.ament_python' and name 'recording_gaze'
[0.193s] Level 1:colcon.colcon_core.package_identification:_identify(recording_scene) by extensions ['ignore', 'ignore_ament_install']
[0.193s] Level 1:colcon.colcon_core.package_identification:_identify(recording_scene) by extension 'ignore'
[0.193s] Level 1:colcon.colcon_core.package_identification:_identify(recording_scene) by extension 'ignore_ament_install'
[0.193s] Level 1:colcon.colcon_core.package_identification:_identify(recording_scene) by extensions ['colcon_pkg']
[0.193s] Level 1:colcon.colcon_core.package_identification:_identify(recording_scene) by extension 'colcon_pkg'
[0.193s] Level 1:colcon.colcon_core.package_identification:_identify(recording_scene) by extensions ['colcon_meta']
[0.193s] Level 1:colcon.colcon_core.package_identification:_identify(recording_scene) by extension 'colcon_meta'
[0.193s] Level 1:colcon.colcon_core.package_identification:_identify(recording_scene) by extensions ['ros']
[0.193s] Level 1:colcon.colcon_core.package_identification:_identify(recording_scene) by extension 'ros'
[0.194s] DEBUG:colcon.colcon_core.package_identification:Package 'recording_scene' with type 'ros.ament_python' and name 'recording_scene'
[0.194s] Level 1:colcon.colcon_core.package_identification:_identify(recording_zed_depth) by extensions ['ignore', 'ignore_ament_install']
[0.194s] Level 1:colcon.colcon_core.package_identification:_identify(recording_zed_depth) by extension 'ignore'
[0.194s] Level 1:colcon.colcon_core.package_identification:_identify(recording_zed_depth) by extension 'ignore_ament_install'
[0.194s] Level 1:colcon.colcon_core.package_identification:_identify(recording_zed_depth) by extensions ['colcon_pkg']
[0.194s] Level 1:colcon.colcon_core.package_identification:_identify(recording_zed_depth) by extension 'colcon_pkg'
[0.194s] Level 1:colcon.colcon_core.package_identification:_identify(recording_zed_depth) by extensions ['colcon_meta']
[0.194s] Level 1:colcon.colcon_core.package_identification:_identify(recording_zed_depth) by extension 'colcon_meta'
[0.194s] Level 1:colcon.colcon_core.package_identification:_identify(recording_zed_depth) by extensions ['ros']
[0.194s] Level 1:colcon.colcon_core.package_identification:_identify(recording_zed_depth) by extension 'ros'
[0.195s] DEBUG:colcon.colcon_core.package_identification:Package 'recording_zed_depth' with type 'ros.ament_python' and name 'recording_zed_depth'
[0.195s] Level 1:colcon.colcon_core.package_identification:_identify(recording_zed_depth_rgb) by extensions ['ignore', 'ignore_ament_install']
[0.195s] Level 1:colcon.colcon_core.package_identification:_identify(recording_zed_depth_rgb) by extension 'ignore'
[0.195s] Level 1:colcon.colcon_core.package_identification:_identify(recording_zed_depth_rgb) by extension 'ignore_ament_install'
[0.195s] Level 1:colcon.colcon_core.package_identification:_identify(recording_zed_depth_rgb) by extensions ['colcon_pkg']
[0.196s] Level 1:colcon.colcon_core.package_identification:_identify(recording_zed_depth_rgb) by extension 'colcon_pkg'
[0.196s] Level 1:colcon.colcon_core.package_identification:_identify(recording_zed_depth_rgb) by extensions ['colcon_meta']
[0.196s] Level 1:colcon.colcon_core.package_identification:_identify(recording_zed_depth_rgb) by extension 'colcon_meta'
[0.196s] Level 1:colcon.colcon_core.package_identification:_identify(recording_zed_depth_rgb) by extensions ['ros']
[0.196s] Level 1:colcon.colcon_core.package_identification:_identify(recording_zed_depth_rgb) by extension 'ros'
[0.196s] DEBUG:colcon.colcon_core.package_identification:Package 'recording_zed_depth_rgb' with type 'ros.ament_python' and name 'recording_zed_depth_rgb'
[0.196s] Level 1:colcon.colcon_core.package_identification:_identify(recording_zed_rgb) by extensions ['ignore', 'ignore_ament_install']
[0.196s] Level 1:colcon.colcon_core.package_identification:_identify(recording_zed_rgb) by extension 'ignore'
[0.197s] Level 1:colcon.colcon_core.package_identification:_identify(recording_zed_rgb) by extension 'ignore_ament_install'
[0.197s] Level 1:colcon.colcon_core.package_identification:_identify(recording_zed_rgb) by extensions ['colcon_pkg']
[0.197s] Level 1:colcon.colcon_core.package_identification:_identify(recording_zed_rgb) by extension 'colcon_pkg'
[0.197s] Level 1:colcon.colcon_core.package_identification:_identify(recording_zed_rgb) by extensions ['colcon_meta']
[0.197s] Level 1:colcon.colcon_core.package_identification:_identify(recording_zed_rgb) by extension 'colcon_meta'
[0.197s] Level 1:colcon.colcon_core.package_identification:_identify(recording_zed_rgb) by extensions ['ros']
[0.197s] Level 1:colcon.colcon_core.package_identification:_identify(recording_zed_rgb) by extension 'ros'
[0.197s] DEBUG:colcon.colcon_core.package_identification:Package 'recording_zed_rgb' with type 'ros.ament_python' and name 'recording_zed_rgb'
[0.197s] Level 1:colcon.colcon_core.package_identification:_identify(testing_realtime_api) by extensions ['ignore', 'ignore_ament_install']
[0.198s] Level 1:colcon.colcon_core.package_identification:_identify(testing_realtime_api) by extension 'ignore'
[0.198s] Level 1:colcon.colcon_core.package_identification:_identify(testing_realtime_api) by extension 'ignore_ament_install'
[0.198s] Level 1:colcon.colcon_core.package_identification:_identify(testing_realtime_api) by extensions ['colcon_pkg']
[0.198s] Level 1:colcon.colcon_core.package_identification:_identify(testing_realtime_api) by extension 'colcon_pkg'
[0.198s] Level 1:colcon.colcon_core.package_identification:_identify(testing_realtime_api) by extensions ['colcon_meta']
[0.198s] Level 1:colcon.colcon_core.package_identification:_identify(testing_realtime_api) by extension 'colcon_meta'
[0.198s] Level 1:colcon.colcon_core.package_identification:_identify(testing_realtime_api) by extensions ['ros']
[0.198s] Level 1:colcon.colcon_core.package_identification:_identify(testing_realtime_api) by extension 'ros'
[0.198s] Level 1:colcon.colcon_core.package_identification:_identify(testing_realtime_api) by extensions ['cmake', 'python']
[0.198s] Level 1:colcon.colcon_core.package_identification:_identify(testing_realtime_api) by extension 'cmake'
[0.198s] Level 1:colcon.colcon_core.package_identification:_identify(testing_realtime_api) by extension 'python'
[0.198s] Level 1:colcon.colcon_core.package_identification:_identify(testing_realtime_api) by extensions ['python_setup_py']
[0.198s] Level 1:colcon.colcon_core.package_identification:_identify(testing_realtime_api) by extension 'python_setup_py'
[0.198s] Level 1:colcon.colcon_core.package_identification:_identify(zed-ros2-examples) by extensions ['ignore', 'ignore_ament_install']
[0.198s] Level 1:colcon.colcon_core.package_identification:_identify(zed-ros2-examples) by extension 'ignore'
[0.198s] Level 1:colcon.colcon_core.package_identification:_identify(zed-ros2-examples) by extension 'ignore_ament_install'
[0.198s] Level 1:colcon.colcon_core.package_identification:_identify(zed-ros2-examples) by extensions ['colcon_pkg']
[0.198s] Level 1:colcon.colcon_core.package_identification:_identify(zed-ros2-examples) by extension 'colcon_pkg'
[0.198s] Level 1:colcon.colcon_core.package_identification:_identify(zed-ros2-examples) by extensions ['colcon_meta']
[0.198s] Level 1:colcon.colcon_core.package_identification:_identify(zed-ros2-examples) by extension 'colcon_meta'
[0.198s] Level 1:colcon.colcon_core.package_identification:_identify(zed-ros2-examples) by extensions ['ros']
[0.198s] Level 1:colcon.colcon_core.package_identification:_identify(zed-ros2-examples) by extension 'ros'
[0.199s] Level 1:colcon.colcon_core.package_identification:_identify(zed-ros2-examples) by extensions ['cmake', 'python']
[0.199s] Level 1:colcon.colcon_core.package_identification:_identify(zed-ros2-examples) by extension 'cmake'
[0.199s] Level 1:colcon.colcon_core.package_identification:_identify(zed-ros2-examples) by extension 'python'
[0.199s] Level 1:colcon.colcon_core.package_identification:_identify(zed-ros2-examples) by extensions ['python_setup_py']
[0.199s] Level 1:colcon.colcon_core.package_identification:_identify(zed-ros2-examples) by extension 'python_setup_py'
[0.199s] Level 1:colcon.colcon_core.package_identification:_identify(zed-ros2-examples/examples) by extensions ['ignore', 'ignore_ament_install']
[0.199s] Level 1:colcon.colcon_core.package_identification:_identify(zed-ros2-examples/examples) by extension 'ignore'
[0.199s] Level 1:colcon.colcon_core.package_identification:_identify(zed-ros2-examples/examples) by extension 'ignore_ament_install'
[0.199s] Level 1:colcon.colcon_core.package_identification:_identify(zed-ros2-examples/examples) by extensions ['colcon_pkg']
[0.199s] Level 1:colcon.colcon_core.package_identification:_identify(zed-ros2-examples/examples) by extension 'colcon_pkg'
[0.199s] Level 1:colcon.colcon_core.package_identification:_identify(zed-ros2-examples/examples) by extensions ['colcon_meta']
[0.199s] Level 1:colcon.colcon_core.package_identification:_identify(zed-ros2-examples/examples) by extension 'colcon_meta'
[0.199s] Level 1:colcon.colcon_core.package_identification:_identify(zed-ros2-examples/examples) by extensions ['ros']
[0.199s] Level 1:colcon.colcon_core.package_identification:_identify(zed-ros2-examples/examples) by extension 'ros'
[0.199s] Level 1:colcon.colcon_core.package_identification:_identify(zed-ros2-examples/examples) by extensions ['cmake', 'python']
[0.199s] Level 1:colcon.colcon_core.package_identification:_identify(zed-ros2-examples/examples) by extension 'cmake'
[0.199s] Level 1:colcon.colcon_core.package_identification:_identify(zed-ros2-examples/examples) by extension 'python'
[0.199s] Level 1:colcon.colcon_core.package_identification:_identify(zed-ros2-examples/examples) by extensions ['python_setup_py']
[0.199s] Level 1:colcon.colcon_core.package_identification:_identify(zed-ros2-examples/examples) by extension 'python_setup_py'
[0.199s] Level 1:colcon.colcon_core.package_identification:_identify(zed-ros2-examples/examples/zed_aruco_localization) by extensions ['ignore', 'ignore_ament_install']
[0.200s] Level 1:colcon.colcon_core.package_identification:_identify(zed-ros2-examples/examples/zed_aruco_localization) by extension 'ignore'
[0.200s] Level 1:colcon.colcon_core.package_identification:_identify(zed-ros2-examples/examples/zed_aruco_localization) by extension 'ignore_ament_install'
[0.200s] Level 1:colcon.colcon_core.package_identification:_identify(zed-ros2-examples/examples/zed_aruco_localization) by extensions ['colcon_pkg']
[0.200s] Level 1:colcon.colcon_core.package_identification:_identify(zed-ros2-examples/examples/zed_aruco_localization) by extension 'colcon_pkg'
[0.200s] Level 1:colcon.colcon_core.package_identification:_identify(zed-ros2-examples/examples/zed_aruco_localization) by extensions ['colcon_meta']
[0.200s] Level 1:colcon.colcon_core.package_identification:_identify(zed-ros2-examples/examples/zed_aruco_localization) by extension 'colcon_meta'
[0.200s] Level 1:colcon.colcon_core.package_identification:_identify(zed-ros2-examples/examples/zed_aruco_localization) by extensions ['ros']
[0.200s] Level 1:colcon.colcon_core.package_identification:_identify(zed-ros2-examples/examples/zed_aruco_localization) by extension 'ros'
[0.201s] DEBUG:colcon.colcon_core.package_identification:Package 'zed-ros2-examples/examples/zed_aruco_localization' with type 'ros.ament_cmake' and name 'zed_aruco_localization'
[0.201s] Level 1:colcon.colcon_core.package_identification:_identify(zed-ros2-examples/examples/zed_depth_to_laserscan) by extensions ['ignore', 'ignore_ament_install']
[0.201s] Level 1:colcon.colcon_core.package_identification:_identify(zed-ros2-examples/examples/zed_depth_to_laserscan) by extension 'ignore'
[0.201s] Level 1:colcon.colcon_core.package_identification:_identify(zed-ros2-examples/examples/zed_depth_to_laserscan) by extension 'ignore_ament_install'
[0.201s] Level 1:colcon.colcon_core.package_identification:_identify(zed-ros2-examples/examples/zed_depth_to_laserscan) by extensions ['colcon_pkg']
[0.201s] Level 1:colcon.colcon_core.package_identification:_identify(zed-ros2-examples/examples/zed_depth_to_laserscan) by extension 'colcon_pkg'
[0.201s] Level 1:colcon.colcon_core.package_identification:_identify(zed-ros2-examples/examples/zed_depth_to_laserscan) by extensions ['colcon_meta']
[0.201s] Level 1:colcon.colcon_core.package_identification:_identify(zed-ros2-examples/examples/zed_depth_to_laserscan) by extension 'colcon_meta'
[0.201s] Level 1:colcon.colcon_core.package_identification:_identify(zed-ros2-examples/examples/zed_depth_to_laserscan) by extensions ['ros']
[0.201s] Level 1:colcon.colcon_core.package_identification:_identify(zed-ros2-examples/examples/zed_depth_to_laserscan) by extension 'ros'
[0.202s] DEBUG:colcon.colcon_core.package_identification:Package 'zed-ros2-examples/examples/zed_depth_to_laserscan' with type 'ros.ament_cmake' and name 'zed_depth_to_laserscan'
[0.202s] Level 1:colcon.colcon_core.package_identification:_identify(zed-ros2-examples/images) by extensions ['ignore', 'ignore_ament_install']
[0.202s] Level 1:colcon.colcon_core.package_identification:_identify(zed-ros2-examples/images) by extension 'ignore'
[0.202s] Level 1:colcon.colcon_core.package_identification:_identify(zed-ros2-examples/images) by extension 'ignore_ament_install'
[0.202s] Level 1:colcon.colcon_core.package_identification:_identify(zed-ros2-examples/images) by extensions ['colcon_pkg']
[0.202s] Level 1:colcon.colcon_core.package_identification:_identify(zed-ros2-examples/images) by extension 'colcon_pkg'
[0.202s] Level 1:colcon.colcon_core.package_identification:_identify(zed-ros2-examples/images) by extensions ['colcon_meta']
[0.202s] Level 1:colcon.colcon_core.package_identification:_identify(zed-ros2-examples/images) by extension 'colcon_meta'
[0.202s] Level 1:colcon.colcon_core.package_identification:_identify(zed-ros2-examples/images) by extensions ['ros']
[0.202s] Level 1:colcon.colcon_core.package_identification:_identify(zed-ros2-examples/images) by extension 'ros'
[0.202s] Level 1:colcon.colcon_core.package_identification:_identify(zed-ros2-examples/images) by extensions ['cmake', 'python']
[0.202s] Level 1:colcon.colcon_core.package_identification:_identify(zed-ros2-examples/images) by extension 'cmake'
[0.202s] Level 1:colcon.colcon_core.package_identification:_identify(zed-ros2-examples/images) by extension 'python'
[0.202s] Level 1:colcon.colcon_core.package_identification:_identify(zed-ros2-examples/images) by extensions ['python_setup_py']
[0.202s] Level 1:colcon.colcon_core.package_identification:_identify(zed-ros2-examples/images) by extension 'python_setup_py'
[0.203s] Level 1:colcon.colcon_core.package_identification:_identify(zed-ros2-examples/rviz-plugin-zed-od) by extensions ['ignore', 'ignore_ament_install']
[0.203s] Level 1:colcon.colcon_core.package_identification:_identify(zed-ros2-examples/rviz-plugin-zed-od) by extension 'ignore'
[0.203s] Level 1:colcon.colcon_core.package_identification:_identify(zed-ros2-examples/rviz-plugin-zed-od) by extension 'ignore_ament_install'
[0.203s] Level 1:colcon.colcon_core.package_identification:_identify(zed-ros2-examples/rviz-plugin-zed-od) by extensions ['colcon_pkg']
[0.203s] Level 1:colcon.colcon_core.package_identification:_identify(zed-ros2-examples/rviz-plugin-zed-od) by extension 'colcon_pkg'
[0.203s] Level 1:colcon.colcon_core.package_identification:_identify(zed-ros2-examples/rviz-plugin-zed-od) by extensions ['colcon_meta']
[0.203s] Level 1:colcon.colcon_core.package_identification:_identify(zed-ros2-examples/rviz-plugin-zed-od) by extension 'colcon_meta'
[0.203s] Level 1:colcon.colcon_core.package_identification:_identify(zed-ros2-examples/rviz-plugin-zed-od) by extensions ['ros']
[0.203s] Level 1:colcon.colcon_core.package_identification:_identify(zed-ros2-examples/rviz-plugin-zed-od) by extension 'ros'
[0.203s] DEBUG:colcon.colcon_core.package_identification:Package 'zed-ros2-examples/rviz-plugin-zed-od' with type 'ros.ament_cmake' and name 'rviz_plugin_zed_od'
[0.204s] Level 1:colcon.colcon_core.package_identification:_identify(zed-ros2-examples/tools) by extensions ['ignore', 'ignore_ament_install']
[0.204s] Level 1:colcon.colcon_core.package_identification:_identify(zed-ros2-examples/tools) by extension 'ignore'
[0.204s] Level 1:colcon.colcon_core.package_identification:_identify(zed-ros2-examples/tools) by extension 'ignore_ament_install'
[0.204s] Level 1:colcon.colcon_core.package_identification:_identify(zed-ros2-examples/tools) by extensions ['colcon_pkg']
[0.204s] Level 1:colcon.colcon_core.package_identification:_identify(zed-ros2-examples/tools) by extension 'colcon_pkg'
[0.204s] Level 1:colcon.colcon_core.package_identification:_identify(zed-ros2-examples/tools) by extensions ['colcon_meta']
[0.204s] Level 1:colcon.colcon_core.package_identification:_identify(zed-ros2-examples/tools) by extension 'colcon_meta'
[0.204s] Level 1:colcon.colcon_core.package_identification:_identify(zed-ros2-examples/tools) by extensions ['ros']
[0.204s] Level 1:colcon.colcon_core.package_identification:_identify(zed-ros2-examples/tools) by extension 'ros'
[0.204s] Level 1:colcon.colcon_core.package_identification:_identify(zed-ros2-examples/tools) by extensions ['cmake', 'python']
[0.204s] Level 1:colcon.colcon_core.package_identification:_identify(zed-ros2-examples/tools) by extension 'cmake'
[0.204s] Level 1:colcon.colcon_core.package_identification:_identify(zed-ros2-examples/tools) by extension 'python'
[0.204s] Level 1:colcon.colcon_core.package_identification:_identify(zed-ros2-examples/tools) by extensions ['python_setup_py']
[0.204s] Level 1:colcon.colcon_core.package_identification:_identify(zed-ros2-examples/tools) by extension 'python_setup_py'
[0.204s] Level 1:colcon.colcon_core.package_identification:_identify(zed-ros2-examples/tools/zed_benchmark) by extensions ['ignore', 'ignore_ament_install']
[0.204s] Level 1:colcon.colcon_core.package_identification:_identify(zed-ros2-examples/tools/zed_benchmark) by extension 'ignore'
[0.204s] Level 1:colcon.colcon_core.package_identification:_identify(zed-ros2-examples/tools/zed_benchmark) by extension 'ignore_ament_install'
[0.204s] Level 1:colcon.colcon_core.package_identification:_identify(zed-ros2-examples/tools/zed_benchmark) by extensions ['colcon_pkg']
[0.204s] Level 1:colcon.colcon_core.package_identification:_identify(zed-ros2-examples/tools/zed_benchmark) by extension 'colcon_pkg'
[0.204s] Level 1:colcon.colcon_core.package_identification:_identify(zed-ros2-examples/tools/zed_benchmark) by extensions ['colcon_meta']
[0.205s] Level 1:colcon.colcon_core.package_identification:_identify(zed-ros2-examples/tools/zed_benchmark) by extension 'colcon_meta'
[0.205s] Level 1:colcon.colcon_core.package_identification:_identify(zed-ros2-examples/tools/zed_benchmark) by extensions ['ros']
[0.205s] Level 1:colcon.colcon_core.package_identification:_identify(zed-ros2-examples/tools/zed_benchmark) by extension 'ros'
[0.205s] DEBUG:colcon.colcon_core.package_identification:Package 'zed-ros2-examples/tools/zed_benchmark' with type 'ros.ament_cmake' and name 'zed_topic_benchmark'
[0.205s] Level 1:colcon.colcon_core.package_identification:_identify(zed-ros2-examples/tools/zed_benchmark_component) by extensions ['ignore', 'ignore_ament_install']
[0.205s] Level 1:colcon.colcon_core.package_identification:_identify(zed-ros2-examples/tools/zed_benchmark_component) by extension 'ignore'
[0.205s] Level 1:colcon.colcon_core.package_identification:_identify(zed-ros2-examples/tools/zed_benchmark_component) by extension 'ignore_ament_install'
[0.205s] Level 1:colcon.colcon_core.package_identification:_identify(zed-ros2-examples/tools/zed_benchmark_component) by extensions ['colcon_pkg']
[0.205s] Level 1:colcon.colcon_core.package_identification:_identify(zed-ros2-examples/tools/zed_benchmark_component) by extension 'colcon_pkg'
[0.205s] Level 1:colcon.colcon_core.package_identification:_identify(zed-ros2-examples/tools/zed_benchmark_component) by extensions ['colcon_meta']
[0.205s] Level 1:colcon.colcon_core.package_identification:_identify(zed-ros2-examples/tools/zed_benchmark_component) by extension 'colcon_meta'
[0.206s] Level 1:colcon.colcon_core.package_identification:_identify(zed-ros2-examples/tools/zed_benchmark_component) by extensions ['ros']
[0.206s] Level 1:colcon.colcon_core.package_identification:_identify(zed-ros2-examples/tools/zed_benchmark_component) by extension 'ros'
[0.206s] DEBUG:colcon.colcon_core.package_identification:Package 'zed-ros2-examples/tools/zed_benchmark_component' with type 'ros.ament_cmake' and name 'zed_topic_benchmark_component'
[0.206s] Level 1:colcon.colcon_core.package_identification:_identify(zed-ros2-examples/tools/zed_benchmark_interfaces) by extensions ['ignore', 'ignore_ament_install']
[0.206s] Level 1:colcon.colcon_core.package_identification:_identify(zed-ros2-examples/tools/zed_benchmark_interfaces) by extension 'ignore'
[0.206s] Level 1:colcon.colcon_core.package_identification:_identify(zed-ros2-examples/tools/zed_benchmark_interfaces) by extension 'ignore_ament_install'
[0.206s] Level 1:colcon.colcon_core.package_identification:_identify(zed-ros2-examples/tools/zed_benchmark_interfaces) by extensions ['colcon_pkg']
[0.206s] Level 1:colcon.colcon_core.package_identification:_identify(zed-ros2-examples/tools/zed_benchmark_interfaces) by extension 'colcon_pkg'
[0.206s] Level 1:colcon.colcon_core.package_identification:_identify(zed-ros2-examples/tools/zed_benchmark_interfaces) by extensions ['colcon_meta']
[0.206s] Level 1:colcon.colcon_core.package_identification:_identify(zed-ros2-examples/tools/zed_benchmark_interfaces) by extension 'colcon_meta'
[0.206s] Level 1:colcon.colcon_core.package_identification:_identify(zed-ros2-examples/tools/zed_benchmark_interfaces) by extensions ['ros']
[0.206s] Level 1:colcon.colcon_core.package_identification:_identify(zed-ros2-examples/tools/zed_benchmark_interfaces) by extension 'ros'
[0.207s] DEBUG:colcon.colcon_core.package_identification:Package 'zed-ros2-examples/tools/zed_benchmark_interfaces' with type 'ros.ament_cmake' and name 'zed_topic_benchmark_interfaces'
[0.207s] Level 1:colcon.colcon_core.package_identification:_identify(zed-ros2-examples/tutorials) by extensions ['ignore', 'ignore_ament_install']
[0.207s] Level 1:colcon.colcon_core.package_identification:_identify(zed-ros2-examples/tutorials) by extension 'ignore'
[0.207s] Level 1:colcon.colcon_core.package_identification:_identify(zed-ros2-examples/tutorials) by extension 'ignore_ament_install'
[0.207s] Level 1:colcon.colcon_core.package_identification:_identify(zed-ros2-examples/tutorials) by extensions ['colcon_pkg']
[0.207s] Level 1:colcon.colcon_core.package_identification:_identify(zed-ros2-examples/tutorials) by extension 'colcon_pkg'
[0.207s] Level 1:colcon.colcon_core.package_identification:_identify(zed-ros2-examples/tutorials) by extensions ['colcon_meta']
[0.207s] Level 1:colcon.colcon_core.package_identification:_identify(zed-ros2-examples/tutorials) by extension 'colcon_meta'
[0.207s] Level 1:colcon.colcon_core.package_identification:_identify(zed-ros2-examples/tutorials) by extensions ['ros']
[0.207s] Level 1:colcon.colcon_core.package_identification:_identify(zed-ros2-examples/tutorials) by extension 'ros'
[0.208s] Level 1:colcon.colcon_core.package_identification:_identify(zed-ros2-examples/tutorials) by extensions ['cmake', 'python']
[0.208s] Level 1:colcon.colcon_core.package_identification:_identify(zed-ros2-examples/tutorials) by extension 'cmake'
[0.208s] Level 1:colcon.colcon_core.package_identification:_identify(zed-ros2-examples/tutorials) by extension 'python'
[0.208s] Level 1:colcon.colcon_core.package_identification:_identify(zed-ros2-examples/tutorials) by extensions ['python_setup_py']
[0.208s] Level 1:colcon.colcon_core.package_identification:_identify(zed-ros2-examples/tutorials) by extension 'python_setup_py'
[0.208s] Level 1:colcon.colcon_core.package_identification:_identify(zed-ros2-examples/tutorials/zed_depth_tutorial) by extensions ['ignore', 'ignore_ament_install']
[0.208s] Level 1:colcon.colcon_core.package_identification:_identify(zed-ros2-examples/tutorials/zed_depth_tutorial) by extension 'ignore'
[0.208s] Level 1:colcon.colcon_core.package_identification:_identify(zed-ros2-examples/tutorials/zed_depth_tutorial) by extension 'ignore_ament_install'
[0.208s] Level 1:colcon.colcon_core.package_identification:_identify(zed-ros2-examples/tutorials/zed_depth_tutorial) by extensions ['colcon_pkg']
[0.208s] Level 1:colcon.colcon_core.package_identification:_identify(zed-ros2-examples/tutorials/zed_depth_tutorial) by extension 'colcon_pkg'
[0.208s] Level 1:colcon.colcon_core.package_identification:_identify(zed-ros2-examples/tutorials/zed_depth_tutorial) by extensions ['colcon_meta']
[0.208s] Level 1:colcon.colcon_core.package_identification:_identify(zed-ros2-examples/tutorials/zed_depth_tutorial) by extension 'colcon_meta'
[0.208s] Level 1:colcon.colcon_core.package_identification:_identify(zed-ros2-examples/tutorials/zed_depth_tutorial) by extensions ['ros']
[0.208s] Level 1:colcon.colcon_core.package_identification:_identify(zed-ros2-examples/tutorials/zed_depth_tutorial) by extension 'ros'
[0.209s] DEBUG:colcon.colcon_core.package_identification:Package 'zed-ros2-examples/tutorials/zed_depth_tutorial' with type 'ros.ament_cmake' and name 'zed_tutorial_depth'
[0.209s] Level 1:colcon.colcon_core.package_identification:_identify(zed-ros2-examples/tutorials/zed_ipc) by extensions ['ignore', 'ignore_ament_install']
[0.209s] Level 1:colcon.colcon_core.package_identification:_identify(zed-ros2-examples/tutorials/zed_ipc) by extension 'ignore'
[0.209s] Level 1:colcon.colcon_core.package_identification:_identify(zed-ros2-examples/tutorials/zed_ipc) by extension 'ignore_ament_install'
[0.209s] Level 1:colcon.colcon_core.package_identification:_identify(zed-ros2-examples/tutorials/zed_ipc) by extensions ['colcon_pkg']
[0.209s] Level 1:colcon.colcon_core.package_identification:_identify(zed-ros2-examples/tutorials/zed_ipc) by extension 'colcon_pkg'
[0.209s] Level 1:colcon.colcon_core.package_identification:_identify(zed-ros2-examples/tutorials/zed_ipc) by extensions ['colcon_meta']
[0.209s] Level 1:colcon.colcon_core.package_identification:_identify(zed-ros2-examples/tutorials/zed_ipc) by extension 'colcon_meta'
[0.209s] Level 1:colcon.colcon_core.package_identification:_identify(zed-ros2-examples/tutorials/zed_ipc) by extensions ['ros']
[0.209s] Level 1:colcon.colcon_core.package_identification:_identify(zed-ros2-examples/tutorials/zed_ipc) by extension 'ros'
[0.210s] DEBUG:colcon.colcon_core.package_identification:Package 'zed-ros2-examples/tutorials/zed_ipc' with type 'ros.ament_cmake' and name 'zed_ipc'
[0.210s] Level 1:colcon.colcon_core.package_identification:_identify(zed-ros2-examples/tutorials/zed_multi_camera) by extensions ['ignore', 'ignore_ament_install']
[0.210s] Level 1:colcon.colcon_core.package_identification:_identify(zed-ros2-examples/tutorials/zed_multi_camera) by extension 'ignore'
[0.210s] Level 1:colcon.colcon_core.package_identification:_identify(zed-ros2-examples/tutorials/zed_multi_camera) by extension 'ignore_ament_install'
[0.210s] Level 1:colcon.colcon_core.package_identification:_identify(zed-ros2-examples/tutorials/zed_multi_camera) by extensions ['colcon_pkg']
[0.210s] Level 1:colcon.colcon_core.package_identification:_identify(zed-ros2-examples/tutorials/zed_multi_camera) by extension 'colcon_pkg'
[0.210s] Level 1:colcon.colcon_core.package_identification:_identify(zed-ros2-examples/tutorials/zed_multi_camera) by extensions ['colcon_meta']
[0.210s] Level 1:colcon.colcon_core.package_identification:_identify(zed-ros2-examples/tutorials/zed_multi_camera) by extension 'colcon_meta'
[0.210s] Level 1:colcon.colcon_core.package_identification:_identify(zed-ros2-examples/tutorials/zed_multi_camera) by extensions ['ros']
[0.210s] Level 1:colcon.colcon_core.package_identification:_identify(zed-ros2-examples/tutorials/zed_multi_camera) by extension 'ros'
[0.211s] DEBUG:colcon.colcon_core.package_identification:Package 'zed-ros2-examples/tutorials/zed_multi_camera' with type 'ros.ament_cmake' and name 'zed_multi_camera'
[0.211s] Level 1:colcon.colcon_core.package_identification:_identify(zed-ros2-examples/tutorials/zed_pose_tutorial) by extensions ['ignore', 'ignore_ament_install']
[0.211s] Level 1:colcon.colcon_core.package_identification:_identify(zed-ros2-examples/tutorials/zed_pose_tutorial) by extension 'ignore'
[0.211s] Level 1:colcon.colcon_core.package_identification:_identify(zed-ros2-examples/tutorials/zed_pose_tutorial) by extension 'ignore_ament_install'
[0.211s] Level 1:colcon.colcon_core.package_identification:_identify(zed-ros2-examples/tutorials/zed_pose_tutorial) by extensions ['colcon_pkg']
[0.211s] Level 1:colcon.colcon_core.package_identification:_identify(zed-ros2-examples/tutorials/zed_pose_tutorial) by extension 'colcon_pkg'
[0.211s] Level 1:colcon.colcon_core.package_identification:_identify(zed-ros2-examples/tutorials/zed_pose_tutorial) by extensions ['colcon_meta']
[0.211s] Level 1:colcon.colcon_core.package_identification:_identify(zed-ros2-examples/tutorials/zed_pose_tutorial) by extension 'colcon_meta'
[0.211s] Level 1:colcon.colcon_core.package_identification:_identify(zed-ros2-examples/tutorials/zed_pose_tutorial) by extensions ['ros']
[0.211s] Level 1:colcon.colcon_core.package_identification:_identify(zed-ros2-examples/tutorials/zed_pose_tutorial) by extension 'ros'
[0.212s] DEBUG:colcon.colcon_core.package_identification:Package 'zed-ros2-examples/tutorials/zed_pose_tutorial' with type 'ros.ament_cmake' and name 'zed_tutorial_pos_tracking'
[0.212s] Level 1:colcon.colcon_core.package_identification:_identify(zed-ros2-examples/tutorials/zed_rgb_convert) by extensions ['ignore', 'ignore_ament_install']
[0.212s] Level 1:colcon.colcon_core.package_identification:_identify(zed-ros2-examples/tutorials/zed_rgb_convert) by extension 'ignore'
[0.212s] Level 1:colcon.colcon_core.package_identification:_identify(zed-ros2-examples/tutorials/zed_rgb_convert) by extension 'ignore_ament_install'
[0.212s] Level 1:colcon.colcon_core.package_identification:_identify(zed-ros2-examples/tutorials/zed_rgb_convert) by extensions ['colcon_pkg']
[0.212s] Level 1:colcon.colcon_core.package_identification:_identify(zed-ros2-examples/tutorials/zed_rgb_convert) by extension 'colcon_pkg'
[0.212s] Level 1:colcon.colcon_core.package_identification:_identify(zed-ros2-examples/tutorials/zed_rgb_convert) by extensions ['colcon_meta']
[0.212s] Level 1:colcon.colcon_core.package_identification:_identify(zed-ros2-examples/tutorials/zed_rgb_convert) by extension 'colcon_meta'
[0.213s] Level 1:colcon.colcon_core.package_identification:_identify(zed-ros2-examples/tutorials/zed_rgb_convert) by extensions ['ros']
[0.213s] Level 1:colcon.colcon_core.package_identification:_identify(zed-ros2-examples/tutorials/zed_rgb_convert) by extension 'ros'
[0.213s] DEBUG:colcon.colcon_core.package_identification:Package 'zed-ros2-examples/tutorials/zed_rgb_convert' with type 'ros.ament_cmake' and name 'zed_rgb_convert'
[0.213s] Level 1:colcon.colcon_core.package_identification:_identify(zed-ros2-examples/tutorials/zed_robot_integration) by extensions ['ignore', 'ignore_ament_install']
[0.213s] Level 1:colcon.colcon_core.package_identification:_identify(zed-ros2-examples/tutorials/zed_robot_integration) by extension 'ignore'
[0.213s] Level 1:colcon.colcon_core.package_identification:_identify(zed-ros2-examples/tutorials/zed_robot_integration) by extension 'ignore_ament_install'
[0.213s] Level 1:colcon.colcon_core.package_identification:_identify(zed-ros2-examples/tutorials/zed_robot_integration) by extensions ['colcon_pkg']
[0.213s] Level 1:colcon.colcon_core.package_identification:_identify(zed-ros2-examples/tutorials/zed_robot_integration) by extension 'colcon_pkg'
[0.213s] Level 1:colcon.colcon_core.package_identification:_identify(zed-ros2-examples/tutorials/zed_robot_integration) by extensions ['colcon_meta']
[0.214s] Level 1:colcon.colcon_core.package_identification:_identify(zed-ros2-examples/tutorials/zed_robot_integration) by extension 'colcon_meta'
[0.214s] Level 1:colcon.colcon_core.package_identification:_identify(zed-ros2-examples/tutorials/zed_robot_integration) by extensions ['ros']
[0.214s] Level 1:colcon.colcon_core.package_identification:_identify(zed-ros2-examples/tutorials/zed_robot_integration) by extension 'ros'
[0.214s] DEBUG:colcon.colcon_core.package_identification:Package 'zed-ros2-examples/tutorials/zed_robot_integration' with type 'ros.ament_cmake' and name 'zed_robot_integration'
[0.214s] Level 1:colcon.colcon_core.package_identification:_identify(zed-ros2-examples/tutorials/zed_video_tutorial) by extensions ['ignore', 'ignore_ament_install']
[0.214s] Level 1:colcon.colcon_core.package_identification:_identify(zed-ros2-examples/tutorials/zed_video_tutorial) by extension 'ignore'
[0.214s] Level 1:colcon.colcon_core.package_identification:_identify(zed-ros2-examples/tutorials/zed_video_tutorial) by extension 'ignore_ament_install'
[0.214s] Level 1:colcon.colcon_core.package_identification:_identify(zed-ros2-examples/tutorials/zed_video_tutorial) by extensions ['colcon_pkg']
[0.214s] Level 1:colcon.colcon_core.package_identification:_identify(zed-ros2-examples/tutorials/zed_video_tutorial) by extension 'colcon_pkg'
[0.214s] Level 1:colcon.colcon_core.package_identification:_identify(zed-ros2-examples/tutorials/zed_video_tutorial) by extensions ['colcon_meta']
[0.214s] Level 1:colcon.colcon_core.package_identification:_identify(zed-ros2-examples/tutorials/zed_video_tutorial) by extension 'colcon_meta'
[0.214s] Level 1:colcon.colcon_core.package_identification:_identify(zed-ros2-examples/tutorials/zed_video_tutorial) by extensions ['ros']
[0.214s] Level 1:colcon.colcon_core.package_identification:_identify(zed-ros2-examples/tutorials/zed_video_tutorial) by extension 'ros'
[0.215s] DEBUG:colcon.colcon_core.package_identification:Package 'zed-ros2-examples/tutorials/zed_video_tutorial' with type 'ros.ament_cmake' and name 'zed_tutorial_video'
[0.215s] Level 1:colcon.colcon_core.package_identification:_identify(zed-ros2-examples/zed_display_foxglove) by extensions ['ignore', 'ignore_ament_install']
[0.215s] Level 1:colcon.colcon_core.package_identification:_identify(zed-ros2-examples/zed_display_foxglove) by extension 'ignore'
[0.215s] Level 1:colcon.colcon_core.package_identification:_identify(zed-ros2-examples/zed_display_foxglove) by extension 'ignore_ament_install'
[0.215s] Level 1:colcon.colcon_core.package_identification:_identify(zed-ros2-examples/zed_display_foxglove) by extensions ['colcon_pkg']
[0.215s] Level 1:colcon.colcon_core.package_identification:_identify(zed-ros2-examples/zed_display_foxglove) by extension 'colcon_pkg'
[0.215s] Level 1:colcon.colcon_core.package_identification:_identify(zed-ros2-examples/zed_display_foxglove) by extensions ['colcon_meta']
[0.215s] Level 1:colcon.colcon_core.package_identification:_identify(zed-ros2-examples/zed_display_foxglove) by extension 'colcon_meta'
[0.215s] Level 1:colcon.colcon_core.package_identification:_identify(zed-ros2-examples/zed_display_foxglove) by extensions ['ros']
[0.215s] Level 1:colcon.colcon_core.package_identification:_identify(zed-ros2-examples/zed_display_foxglove) by extension 'ros'
[0.215s] Level 1:colcon.colcon_core.package_identification:_identify(zed-ros2-examples/zed_display_foxglove) by extensions ['cmake', 'python']
[0.216s] Level 1:colcon.colcon_core.package_identification:_identify(zed-ros2-examples/zed_display_foxglove) by extension 'cmake'
[0.216s] Level 1:colcon.colcon_core.package_identification:_identify(zed-ros2-examples/zed_display_foxglove) by extension 'python'
[0.216s] Level 1:colcon.colcon_core.package_identification:_identify(zed-ros2-examples/zed_display_foxglove) by extensions ['python_setup_py']
[0.216s] Level 1:colcon.colcon_core.package_identification:_identify(zed-ros2-examples/zed_display_foxglove) by extension 'python_setup_py'
[0.216s] Level 1:colcon.colcon_core.package_identification:_identify(zed-ros2-examples/zed_display_foxglove/images) by extensions ['ignore', 'ignore_ament_install']
[0.216s] Level 1:colcon.colcon_core.package_identification:_identify(zed-ros2-examples/zed_display_foxglove/images) by extension 'ignore'
[0.216s] Level 1:colcon.colcon_core.package_identification:_identify(zed-ros2-examples/zed_display_foxglove/images) by extension 'ignore_ament_install'
[0.216s] Level 1:colcon.colcon_core.package_identification:_identify(zed-ros2-examples/zed_display_foxglove/images) by extensions ['colcon_pkg']
[0.216s] Level 1:colcon.colcon_core.package_identification:_identify(zed-ros2-examples/zed_display_foxglove/images) by extension 'colcon_pkg'
[0.216s] Level 1:colcon.colcon_core.package_identification:_identify(zed-ros2-examples/zed_display_foxglove/images) by extensions ['colcon_meta']
[0.216s] Level 1:colcon.colcon_core.package_identification:_identify(zed-ros2-examples/zed_display_foxglove/images) by extension 'colcon_meta'
[0.216s] Level 1:colcon.colcon_core.package_identification:_identify(zed-ros2-examples/zed_display_foxglove/images) by extensions ['ros']
[0.216s] Level 1:colcon.colcon_core.package_identification:_identify(zed-ros2-examples/zed_display_foxglove/images) by extension 'ros'
[0.216s] Level 1:colcon.colcon_core.package_identification:_identify(zed-ros2-examples/zed_display_foxglove/images) by extensions ['cmake', 'python']
[0.216s] Level 1:colcon.colcon_core.package_identification:_identify(zed-ros2-examples/zed_display_foxglove/images) by extension 'cmake'
[0.216s] Level 1:colcon.colcon_core.package_identification:_identify(zed-ros2-examples/zed_display_foxglove/images) by extension 'python'
[0.216s] Level 1:colcon.colcon_core.package_identification:_identify(zed-ros2-examples/zed_display_foxglove/images) by extensions ['python_setup_py']
[0.216s] Level 1:colcon.colcon_core.package_identification:_identify(zed-ros2-examples/zed_display_foxglove/images) by extension 'python_setup_py'
[0.216s] Level 1:colcon.colcon_core.package_identification:_identify(zed-ros2-examples/zed_display_foxglove/layouts) by extensions ['ignore', 'ignore_ament_install']
[0.216s] Level 1:colcon.colcon_core.package_identification:_identify(zed-ros2-examples/zed_display_foxglove/layouts) by extension 'ignore'
[0.217s] Level 1:colcon.colcon_core.package_identification:_identify(zed-ros2-examples/zed_display_foxglove/layouts) by extension 'ignore_ament_install'
[0.217s] Level 1:colcon.colcon_core.package_identification:_identify(zed-ros2-examples/zed_display_foxglove/layouts) by extensions ['colcon_pkg']
[0.217s] Level 1:colcon.colcon_core.package_identification:_identify(zed-ros2-examples/zed_display_foxglove/layouts) by extension 'colcon_pkg'
[0.217s] Level 1:colcon.colcon_core.package_identification:_identify(zed-ros2-examples/zed_display_foxglove/layouts) by extensions ['colcon_meta']
[0.217s] Level 1:colcon.colcon_core.package_identification:_identify(zed-ros2-examples/zed_display_foxglove/layouts) by extension 'colcon_meta'
[0.217s] Level 1:colcon.colcon_core.package_identification:_identify(zed-ros2-examples/zed_display_foxglove/layouts) by extensions ['ros']
[0.217s] Level 1:colcon.colcon_core.package_identification:_identify(zed-ros2-examples/zed_display_foxglove/layouts) by extension 'ros'
[0.217s] Level 1:colcon.colcon_core.package_identification:_identify(zed-ros2-examples/zed_display_foxglove/layouts) by extensions ['cmake', 'python']
[0.217s] Level 1:colcon.colcon_core.package_identification:_identify(zed-ros2-examples/zed_display_foxglove/layouts) by extension 'cmake'
[0.217s] Level 1:colcon.colcon_core.package_identification:_identify(zed-ros2-examples/zed_display_foxglove/layouts) by extension 'python'
[0.217s] Level 1:colcon.colcon_core.package_identification:_identify(zed-ros2-examples/zed_display_foxglove/layouts) by extensions ['python_setup_py']
[0.217s] Level 1:colcon.colcon_core.package_identification:_identify(zed-ros2-examples/zed_display_foxglove/layouts) by extension 'python_setup_py'
[0.217s] Level 1:colcon.colcon_core.package_identification:_identify(zed-ros2-examples/zed_display_rviz2) by extensions ['ignore', 'ignore_ament_install']
[0.217s] Level 1:colcon.colcon_core.package_identification:_identify(zed-ros2-examples/zed_display_rviz2) by extension 'ignore'
[0.217s] Level 1:colcon.colcon_core.package_identification:_identify(zed-ros2-examples/zed_display_rviz2) by extension 'ignore_ament_install'
[0.217s] Level 1:colcon.colcon_core.package_identification:_identify(zed-ros2-examples/zed_display_rviz2) by extensions ['colcon_pkg']
[0.217s] Level 1:colcon.colcon_core.package_identification:_identify(zed-ros2-examples/zed_display_rviz2) by extension 'colcon_pkg'
[0.217s] Level 1:colcon.colcon_core.package_identification:_identify(zed-ros2-examples/zed_display_rviz2) by extensions ['colcon_meta']
[0.217s] Level 1:colcon.colcon_core.package_identification:_identify(zed-ros2-examples/zed_display_rviz2) by extension 'colcon_meta'
[0.217s] Level 1:colcon.colcon_core.package_identification:_identify(zed-ros2-examples/zed_display_rviz2) by extensions ['ros']
[0.217s] Level 1:colcon.colcon_core.package_identification:_identify(zed-ros2-examples/zed_display_rviz2) by extension 'ros'
[0.218s] DEBUG:colcon.colcon_core.package_identification:Package 'zed-ros2-examples/zed_display_rviz2' with type 'ros.ament_cmake' and name 'zed_display_rviz2'
[0.218s] Level 1:colcon.colcon_core.package_identification:_identify(zed-ros2-interfaces) by extensions ['ignore', 'ignore_ament_install']
[0.218s] Level 1:colcon.colcon_core.package_identification:_identify(zed-ros2-interfaces) by extension 'ignore'
[0.218s] Level 1:colcon.colcon_core.package_identification:_identify(zed-ros2-interfaces) by extension 'ignore_ament_install'
[0.218s] Level 1:colcon.colcon_core.package_identification:_identify(zed-ros2-interfaces) by extensions ['colcon_pkg']
[0.218s] Level 1:colcon.colcon_core.package_identification:_identify(zed-ros2-interfaces) by extension 'colcon_pkg'
[0.218s] Level 1:colcon.colcon_core.package_identification:_identify(zed-ros2-interfaces) by extensions ['colcon_meta']
[0.218s] Level 1:colcon.colcon_core.package_identification:_identify(zed-ros2-interfaces) by extension 'colcon_meta'
[0.218s] Level 1:colcon.colcon_core.package_identification:_identify(zed-ros2-interfaces) by extensions ['ros']
[0.218s] Level 1:colcon.colcon_core.package_identification:_identify(zed-ros2-interfaces) by extension 'ros'
[0.219s] DEBUG:colcon.colcon_core.package_identification:Package 'zed-ros2-interfaces' with type 'ros.ament_cmake' and name 'zed_msgs'
[0.219s] Level 1:colcon.colcon_core.package_identification:_identify(zed-ros2-wrapper) by extensions ['ignore', 'ignore_ament_install']
[0.219s] Level 1:colcon.colcon_core.package_identification:_identify(zed-ros2-wrapper) by extension 'ignore'
[0.219s] Level 1:colcon.colcon_core.package_identification:_identify(zed-ros2-wrapper) by extension 'ignore_ament_install'
[0.219s] Level 1:colcon.colcon_core.package_identification:_identify(zed-ros2-wrapper) by extensions ['colcon_pkg']
[0.219s] Level 1:colcon.colcon_core.package_identification:_identify(zed-ros2-wrapper) by extension 'colcon_pkg'
[0.219s] Level 1:colcon.colcon_core.package_identification:_identify(zed-ros2-wrapper) by extensions ['colcon_meta']
[0.219s] Level 1:colcon.colcon_core.package_identification:_identify(zed-ros2-wrapper) by extension 'colcon_meta'
[0.219s] Level 1:colcon.colcon_core.package_identification:_identify(zed-ros2-wrapper) by extensions ['ros']
[0.220s] Level 1:colcon.colcon_core.package_identification:_identify(zed-ros2-wrapper) by extension 'ros'
[0.220s] Level 1:colcon.colcon_core.package_identification:_identify(zed-ros2-wrapper) by extensions ['cmake', 'python']
[0.220s] Level 1:colcon.colcon_core.package_identification:_identify(zed-ros2-wrapper) by extension 'cmake'
[0.220s] Level 1:colcon.colcon_core.package_identification:_identify(zed-ros2-wrapper) by extension 'python'
[0.220s] Level 1:colcon.colcon_core.package_identification:_identify(zed-ros2-wrapper) by extensions ['python_setup_py']
[0.220s] Level 1:colcon.colcon_core.package_identification:_identify(zed-ros2-wrapper) by extension 'python_setup_py'
[0.220s] Level 1:colcon.colcon_core.package_identification:_identify(zed-ros2-wrapper/docker) by extensions ['ignore', 'ignore_ament_install']
[0.220s] Level 1:colcon.colcon_core.package_identification:_identify(zed-ros2-wrapper/docker) by extension 'ignore'
[0.220s] Level 1:colcon.colcon_core.package_identification:_identify(zed-ros2-wrapper/docker) by extension 'ignore_ament_install'
[0.220s] Level 1:colcon.colcon_core.package_identification:_identify(zed-ros2-wrapper/docker) by extensions ['colcon_pkg']
[0.220s] Level 1:colcon.colcon_core.package_identification:_identify(zed-ros2-wrapper/docker) by extension 'colcon_pkg'
[0.220s] Level 1:colcon.colcon_core.package_identification:_identify(zed-ros2-wrapper/docker) by extensions ['colcon_meta']
[0.220s] Level 1:colcon.colcon_core.package_identification:_identify(zed-ros2-wrapper/docker) by extension 'colcon_meta'
[0.220s] Level 1:colcon.colcon_core.package_identification:_identify(zed-ros2-wrapper/docker) by extensions ['ros']
[0.220s] Level 1:colcon.colcon_core.package_identification:_identify(zed-ros2-wrapper/docker) by extension 'ros'
[0.220s] Level 1:colcon.colcon_core.package_identification:_identify(zed-ros2-wrapper/docker) by extensions ['cmake', 'python']
[0.220s] Level 1:colcon.colcon_core.package_identification:_identify(zed-ros2-wrapper/docker) by extension 'cmake'
[0.220s] Level 1:colcon.colcon_core.package_identification:_identify(zed-ros2-wrapper/docker) by extension 'python'
[0.220s] Level 1:colcon.colcon_core.package_identification:_identify(zed-ros2-wrapper/docker) by extensions ['python_setup_py']
[0.220s] Level 1:colcon.colcon_core.package_identification:_identify(zed-ros2-wrapper/docker) by extension 'python_setup_py'
[0.221s] Level 1:colcon.colcon_core.package_identification:_identify(zed-ros2-wrapper/images) by extensions ['ignore', 'ignore_ament_install']
[0.221s] Level 1:colcon.colcon_core.package_identification:_identify(zed-ros2-wrapper/images) by extension 'ignore'
[0.221s] Level 1:colcon.colcon_core.package_identification:_identify(zed-ros2-wrapper/images) by extension 'ignore_ament_install'
[0.221s] Level 1:colcon.colcon_core.package_identification:_identify(zed-ros2-wrapper/images) by extensions ['colcon_pkg']
[0.221s] Level 1:colcon.colcon_core.package_identification:_identify(zed-ros2-wrapper/images) by extension 'colcon_pkg'
[0.221s] Level 1:colcon.colcon_core.package_identification:_identify(zed-ros2-wrapper/images) by extensions ['colcon_meta']
[0.221s] Level 1:colcon.colcon_core.package_identification:_identify(zed-ros2-wrapper/images) by extension 'colcon_meta'
[0.221s] Level 1:colcon.colcon_core.package_identification:_identify(zed-ros2-wrapper/images) by extensions ['ros']
[0.221s] Level 1:colcon.colcon_core.package_identification:_identify(zed-ros2-wrapper/images) by extension 'ros'
[0.221s] Level 1:colcon.colcon_core.package_identification:_identify(zed-ros2-wrapper/images) by extensions ['cmake', 'python']
[0.221s] Level 1:colcon.colcon_core.package_identification:_identify(zed-ros2-wrapper/images) by extension 'cmake'
[0.221s] Level 1:colcon.colcon_core.package_identification:_identify(zed-ros2-wrapper/images) by extension 'python'
[0.221s] Level 1:colcon.colcon_core.package_identification:_identify(zed-ros2-wrapper/images) by extensions ['python_setup_py']
[0.221s] Level 1:colcon.colcon_core.package_identification:_identify(zed-ros2-wrapper/images) by extension 'python_setup_py'
[0.221s] Level 1:colcon.colcon_core.package_identification:_identify(zed-ros2-wrapper/zed_components) by extensions ['ignore', 'ignore_ament_install']
[0.221s] Level 1:colcon.colcon_core.package_identification:_identify(zed-ros2-wrapper/zed_components) by extension 'ignore'
[0.221s] Level 1:colcon.colcon_core.package_identification:_identify(zed-ros2-wrapper/zed_components) by extension 'ignore_ament_install'
[0.221s] Level 1:colcon.colcon_core.package_identification:_identify(zed-ros2-wrapper/zed_components) by extensions ['colcon_pkg']
[0.221s] Level 1:colcon.colcon_core.package_identification:_identify(zed-ros2-wrapper/zed_components) by extension 'colcon_pkg'
[0.221s] Level 1:colcon.colcon_core.package_identification:_identify(zed-ros2-wrapper/zed_components) by extensions ['colcon_meta']
[0.221s] Level 1:colcon.colcon_core.package_identification:_identify(zed-ros2-wrapper/zed_components) by extension 'colcon_meta'
[0.221s] Level 1:colcon.colcon_core.package_identification:_identify(zed-ros2-wrapper/zed_components) by extensions ['ros']
[0.222s] Level 1:colcon.colcon_core.package_identification:_identify(zed-ros2-wrapper/zed_components) by extension 'ros'
[0.222s] DEBUG:colcon.colcon_core.package_identification:Package 'zed-ros2-wrapper/zed_components' with type 'ros.ament_cmake' and name 'zed_components'
[0.223s] Level 1:colcon.colcon_core.package_identification:_identify(zed-ros2-wrapper/zed_ros2) by extensions ['ignore', 'ignore_ament_install']
[0.223s] Level 1:colcon.colcon_core.package_identification:_identify(zed-ros2-wrapper/zed_ros2) by extension 'ignore'
[0.223s] Level 1:colcon.colcon_core.package_identification:_identify(zed-ros2-wrapper/zed_ros2) by extension 'ignore_ament_install'
[0.223s] Level 1:colcon.colcon_core.package_identification:_identify(zed-ros2-wrapper/zed_ros2) by extensions ['colcon_pkg']
[0.223s] Level 1:colcon.colcon_core.package_identification:_identify(zed-ros2-wrapper/zed_ros2) by extension 'colcon_pkg'
[0.223s] Level 1:colcon.colcon_core.package_identification:_identify(zed-ros2-wrapper/zed_ros2) by extensions ['colcon_meta']
[0.223s] Level 1:colcon.colcon_core.package_identification:_identify(zed-ros2-wrapper/zed_ros2) by extension 'colcon_meta'
[0.223s] Level 1:colcon.colcon_core.package_identification:_identify(zed-ros2-wrapper/zed_ros2) by extensions ['ros']
[0.223s] Level 1:colcon.colcon_core.package_identification:_identify(zed-ros2-wrapper/zed_ros2) by extension 'ros'
[0.223s] DEBUG:colcon.colcon_core.package_identification:Package 'zed-ros2-wrapper/zed_ros2' with type 'ros.ament_cmake' and name 'zed_ros2'
[0.224s] Level 1:colcon.colcon_core.package_identification:_identify(zed-ros2-wrapper/zed_wrapper) by extensions ['ignore', 'ignore_ament_install']
[0.224s] Level 1:colcon.colcon_core.package_identification:_identify(zed-ros2-wrapper/zed_wrapper) by extension 'ignore'
[0.224s] Level 1:colcon.colcon_core.package_identification:_identify(zed-ros2-wrapper/zed_wrapper) by extension 'ignore_ament_install'
[0.224s] Level 1:colcon.colcon_core.package_identification:_identify(zed-ros2-wrapper/zed_wrapper) by extensions ['colcon_pkg']
[0.224s] Level 1:colcon.colcon_core.package_identification:_identify(zed-ros2-wrapper/zed_wrapper) by extension 'colcon_pkg'
[0.224s] Level 1:colcon.colcon_core.package_identification:_identify(zed-ros2-wrapper/zed_wrapper) by extensions ['colcon_meta']
[0.224s] Level 1:colcon.colcon_core.package_identification:_identify(zed-ros2-wrapper/zed_wrapper) by extension 'colcon_meta'
[0.224s] Level 1:colcon.colcon_core.package_identification:_identify(zed-ros2-wrapper/zed_wrapper) by extensions ['ros']
[0.224s] Level 1:colcon.colcon_core.package_identification:_identify(zed-ros2-wrapper/zed_wrapper) by extension 'ros'
[0.225s] DEBUG:colcon.colcon_core.package_identification:Package 'zed-ros2-wrapper/zed_wrapper' with type 'ros.ament_cmake' and name 'zed_wrapper'
[0.225s] Level 1:colcon.colcon_core.package_identification:_identify(zed_mini) by extensions ['ignore', 'ignore_ament_install']
[0.225s] Level 1:colcon.colcon_core.package_identification:_identify(zed_mini) by extension 'ignore'
[0.225s] Level 1:colcon.colcon_core.package_identification:_identify(zed_mini) by extension 'ignore_ament_install'
[0.225s] Level 1:colcon.colcon_core.package_identification:_identify(zed_mini) by extensions ['colcon_pkg']
[0.225s] Level 1:colcon.colcon_core.package_identification:_identify(zed_mini) by extension 'colcon_pkg'
[0.225s] Level 1:colcon.colcon_core.package_identification:_identify(zed_mini) by extensions ['colcon_meta']
[0.225s] Level 1:colcon.colcon_core.package_identification:_identify(zed_mini) by extension 'colcon_meta'
[0.225s] Level 1:colcon.colcon_core.package_identification:_identify(zed_mini) by extensions ['ros']
[0.225s] Level 1:colcon.colcon_core.package_identification:_identify(zed_mini) by extension 'ros'
[0.225s] DEBUG:colcon.colcon_core.package_identification:Package 'zed_mini' with type 'ros.ament_python' and name 'zed_mini'
[0.226s] Level 1:colcon.colcon_core.package_identification:_identify(zed_recorder_cpp) by extensions ['ignore', 'ignore_ament_install']
[0.226s] Level 1:colcon.colcon_core.package_identification:_identify(zed_recorder_cpp) by extension 'ignore'
[0.226s] Level 1:colcon.colcon_core.package_identification:_identify(zed_recorder_cpp) by extension 'ignore_ament_install'
[0.226s] Level 1:colcon.colcon_core.package_identification:_identify(zed_recorder_cpp) by extensions ['colcon_pkg']
[0.226s] Level 1:colcon.colcon_core.package_identification:_identify(zed_recorder_cpp) by extension 'colcon_pkg'
[0.226s] Level 1:colcon.colcon_core.package_identification:_identify(zed_recorder_cpp) by extensions ['colcon_meta']
[0.226s] Level 1:colcon.colcon_core.package_identification:_identify(zed_recorder_cpp) by extension 'colcon_meta'
[0.226s] Level 1:colcon.colcon_core.package_identification:_identify(zed_recorder_cpp) by extensions ['ros']
[0.226s] Level 1:colcon.colcon_core.package_identification:_identify(zed_recorder_cpp) by extension 'ros'
[0.227s] DEBUG:colcon.colcon_core.package_identification:Package 'zed_recorder_cpp' with type 'ros.ament_cmake' and name 'zed_recorder_cpp'
[0.227s] Level 1:colcon.colcon_core.package_discovery:discover_packages(recursive) using defaults
[0.227s] Level 1:colcon.colcon_core.package_discovery:discover_packages(ignore) discover
[0.227s] Level 1:colcon.colcon_core.package_discovery:discover_packages(ignore) using defaults
[0.227s] Level 1:colcon.colcon_core.package_discovery:discover_packages(path) discover
[0.227s] Level 1:colcon.colcon_core.package_discovery:discover_packages(path) using defaults
[0.254s] Level 1:colcon.colcon_core.package_discovery:discover_packages(prefix_path) check parameters
[0.254s] Level 1:colcon.colcon_core.package_discovery:discover_packages(prefix_path) discover
[0.257s] DEBUG:colcon.colcon_installed_package_information.package_discovery:Found 29 installed packages in /home/olhamelnyk/colcon_venv/install
[0.259s] DEBUG:colcon.colcon_installed_package_information.package_discovery:Found 386 installed packages in /opt/ros/jazzy
[0.260s] Level 1:colcon.colcon_core.package_discovery:discover_packages(prefix_path) using defaults
[0.333s] Level 5:colcon.colcon_core.verb:set package 'async_pupil_wrapper' build argument 'cmake_args' from command line to 'None'
[0.333s] Level 5:colcon.colcon_core.verb:set package 'async_pupil_wrapper' build argument 'cmake_target' from command line to 'None'
[0.333s] Level 5:colcon.colcon_core.verb:set package 'async_pupil_wrapper' build argument 'cmake_target_skip_unavailable' from command line to 'False'
[0.333s] Level 5:colcon.colcon_core.verb:set package 'async_pupil_wrapper' build argument 'cmake_clean_cache' from command line to 'False'
[0.333s] Level 5:colcon.colcon_core.verb:set package 'async_pupil_wrapper' build argument 'cmake_clean_first' from command line to 'False'
[0.333s] Level 5:colcon.colcon_core.verb:set package 'async_pupil_wrapper' build argument 'cmake_force_configure' from command line to 'False'
[0.333s] Level 5:colcon.colcon_core.verb:set package 'async_pupil_wrapper' build argument 'ament_cmake_args' from command line to 'None'
[0.333s] Level 5:colcon.colcon_core.verb:set package 'async_pupil_wrapper' build argument 'catkin_cmake_args' from command line to 'None'
[0.333s] Level 5:colcon.colcon_core.verb:set package 'async_pupil_wrapper' build argument 'catkin_skip_building_tests' from command line to 'False'
[0.333s] DEBUG:colcon.colcon_core.verb:Building package 'async_pupil_wrapper' with the following arguments: {'ament_cmake_args': None, 'build_base': '/home/olhamelnyk/colcon_venv/src/build/async_pupil_wrapper', 'catkin_cmake_args': None, 'catkin_skip_building_tests': False, 'cmake_args': None, 'cmake_clean_cache': False, 'cmake_clean_first': False, 'cmake_force_configure': False, 'cmake_target': None, 'cmake_target_skip_unavailable': False, 'install_base': '/home/olhamelnyk/colcon_venv/src/install/async_pupil_wrapper', 'merge_install': False, 'path': '/home/olhamelnyk/colcon_venv/src/async_pupil_wrapper', 'symlink_install': True, 'test_result_base': None}
[0.333s] Level 5:colcon.colcon_core.verb:set package 'egocentric_msg' build argument 'cmake_args' from command line to 'None'
[0.333s] Level 5:colcon.colcon_core.verb:set package 'egocentric_msg' build argument 'cmake_target' from command line to 'None'
[0.333s] Level 5:colcon.colcon_core.verb:set package 'egocentric_msg' build argument 'cmake_target_skip_unavailable' from command line to 'False'
[0.333s] Level 5:colcon.colcon_core.verb:set package 'egocentric_msg' build argument 'cmake_clean_cache' from command line to 'False'
[0.333s] Level 5:colcon.colcon_core.verb:set package 'egocentric_msg' build argument 'cmake_clean_first' from command line to 'False'
[0.333s] Level 5:colcon.colcon_core.verb:set package 'egocentric_msg' build argument 'cmake_force_configure' from command line to 'False'
[0.333s] Level 5:colcon.colcon_core.verb:set package 'egocentric_msg' build argument 'ament_cmake_args' from command line to 'None'
[0.333s] Level 5:colcon.colcon_core.verb:set package 'egocentric_msg' build argument 'catkin_cmake_args' from command line to 'None'
[0.333s] Level 5:colcon.colcon_core.verb:set package 'egocentric_msg' build argument 'catkin_skip_building_tests' from command line to 'False'
[0.333s] DEBUG:colcon.colcon_core.verb:Building package 'egocentric_msg' with the following arguments: {'ament_cmake_args': None, 'build_base': '/home/olhamelnyk/colcon_venv/src/build/egocentric_msg', 'catkin_cmake_args': None, 'catkin_skip_building_tests': False, 'cmake_args': None, 'cmake_clean_cache': False, 'cmake_clean_first': False, 'cmake_force_configure': False, 'cmake_target': None, 'cmake_target_skip_unavailable': False, 'install_base': '/home/olhamelnyk/colcon_venv/src/install/egocentric_msg', 'merge_install': False, 'path': '/home/olhamelnyk/colcon_venv/src/egocentric_msg', 'symlink_install': True, 'test_result_base': None}
[0.334s] Level 5:colcon.colcon_core.verb:set package 'gaze_interface' build argument 'cmake_args' from command line to 'None'
[0.334s] Level 5:colcon.colcon_core.verb:set package 'gaze_interface' build argument 'cmake_target' from command line to 'None'
[0.334s] Level 5:colcon.colcon_core.verb:set package 'gaze_interface' build argument 'cmake_target_skip_unavailable' from command line to 'False'
[0.334s] Level 5:colcon.colcon_core.verb:set package 'gaze_interface' build argument 'cmake_clean_cache' from command line to 'False'
[0.334s] Level 5:colcon.colcon_core.verb:set package 'gaze_interface' build argument 'cmake_clean_first' from command line to 'False'
[0.334s] Level 5:colcon.colcon_core.verb:set package 'gaze_interface' build argument 'cmake_force_configure' from command line to 'False'
[0.334s] Level 5:colcon.colcon_core.verb:set package 'gaze_interface' build argument 'ament_cmake_args' from command line to 'None'
[0.334s] Level 5:colcon.colcon_core.verb:set package 'gaze_interface' build argument 'catkin_cmake_args' from command line to 'None'
[0.334s] Level 5:colcon.colcon_core.verb:set package 'gaze_interface' build argument 'catkin_skip_building_tests' from command line to 'False'
[0.334s] DEBUG:colcon.colcon_core.verb:Building package 'gaze_interface' with the following arguments: {'ament_cmake_args': None, 'build_base': '/home/olhamelnyk/colcon_venv/src/build/gaze_interface', 'catkin_cmake_args': None, 'catkin_skip_building_tests': False, 'cmake_args': None, 'cmake_clean_cache': False, 'cmake_clean_first': False, 'cmake_force_configure': False, 'cmake_target': None, 'cmake_target_skip_unavailable': False, 'install_base': '/home/olhamelnyk/colcon_venv/src/install/gaze_interface', 'merge_install': False, 'path': '/home/olhamelnyk/colcon_venv/src/gaze_interface', 'symlink_install': True, 'test_result_base': None}
[0.334s] Level 5:colcon.colcon_core.verb:set package 'recording_gaze' build argument 'cmake_args' from command line to 'None'
[0.334s] Level 5:colcon.colcon_core.verb:set package 'recording_gaze' build argument 'cmake_target' from command line to 'None'
[0.334s] Level 5:colcon.colcon_core.verb:set package 'recording_gaze' build argument 'cmake_target_skip_unavailable' from command line to 'False'
[0.334s] Level 5:colcon.colcon_core.verb:set package 'recording_gaze' build argument 'cmake_clean_cache' from command line to 'False'
[0.334s] Level 5:colcon.colcon_core.verb:set package 'recording_gaze' build argument 'cmake_clean_first' from command line to 'False'
[0.334s] Level 5:colcon.colcon_core.verb:set package 'recording_gaze' build argument 'cmake_force_configure' from command line to 'False'
[0.334s] Level 5:colcon.colcon_core.verb:set package 'recording_gaze' build argument 'ament_cmake_args' from command line to 'None'
[0.334s] Level 5:colcon.colcon_core.verb:set package 'recording_gaze' build argument 'catkin_cmake_args' from command line to 'None'
[0.334s] Level 5:colcon.colcon_core.verb:set package 'recording_gaze' build argument 'catkin_skip_building_tests' from command line to 'False'
[0.334s] DEBUG:colcon.colcon_core.verb:Building package 'recording_gaze' with the following arguments: {'ament_cmake_args': None, 'build_base': '/home/olhamelnyk/colcon_venv/src/build/recording_gaze', 'catkin_cmake_args': None, 'catkin_skip_building_tests': False, 'cmake_args': None, 'cmake_clean_cache': False, 'cmake_clean_first': False, 'cmake_force_configure': False, 'cmake_target': None, 'cmake_target_skip_unavailable': False, 'install_base': '/home/olhamelnyk/colcon_venv/src/install/recording_gaze', 'merge_install': False, 'path': '/home/olhamelnyk/colcon_venv/src/recording_gaze', 'symlink_install': True, 'test_result_base': None}
[0.335s] Level 5:colcon.colcon_core.verb:set package 'recording_scene' build argument 'cmake_args' from command line to 'None'
[0.335s] Level 5:colcon.colcon_core.verb:set package 'recording_scene' build argument 'cmake_target' from command line to 'None'
[0.335s] Level 5:colcon.colcon_core.verb:set package 'recording_scene' build argument 'cmake_target_skip_unavailable' from command line to 'False'
[0.335s] Level 5:colcon.colcon_core.verb:set package 'recording_scene' build argument 'cmake_clean_cache' from command line to 'False'
[0.335s] Level 5:colcon.colcon_core.verb:set package 'recording_scene' build argument 'cmake_clean_first' from command line to 'False'
[0.335s] Level 5:colcon.colcon_core.verb:set package 'recording_scene' build argument 'cmake_force_configure' from command line to 'False'
[0.335s] Level 5:colcon.colcon_core.verb:set package 'recording_scene' build argument 'ament_cmake_args' from command line to 'None'
[0.335s] Level 5:colcon.colcon_core.verb:set package 'recording_scene' build argument 'catkin_cmake_args' from command line to 'None'
[0.335s] Level 5:colcon.colcon_core.verb:set package 'recording_scene' build argument 'catkin_skip_building_tests' from command line to 'False'
[0.335s] DEBUG:colcon.colcon_core.verb:Building package 'recording_scene' with the following arguments: {'ament_cmake_args': None, 'build_base': '/home/olhamelnyk/colcon_venv/src/build/recording_scene', 'catkin_cmake_args': None, 'catkin_skip_building_tests': False, 'cmake_args': None, 'cmake_clean_cache': False, 'cmake_clean_first': False, 'cmake_force_configure': False, 'cmake_target': None, 'cmake_target_skip_unavailable': False, 'install_base': '/home/olhamelnyk/colcon_venv/src/install/recording_scene', 'merge_install': False, 'path': '/home/olhamelnyk/colcon_venv/src/recording_scene', 'symlink_install': True, 'test_result_base': None}
[0.335s] Level 5:colcon.colcon_core.verb:set package 'recording_zed_depth' build argument 'cmake_args' from command line to 'None'
[0.335s] Level 5:colcon.colcon_core.verb:set package 'recording_zed_depth' build argument 'cmake_target' from command line to 'None'
[0.335s] Level 5:colcon.colcon_core.verb:set package 'recording_zed_depth' build argument 'cmake_target_skip_unavailable' from command line to 'False'
[0.335s] Level 5:colcon.colcon_core.verb:set package 'recording_zed_depth' build argument 'cmake_clean_cache' from command line to 'False'
[0.335s] Level 5:colcon.colcon_core.verb:set package 'recording_zed_depth' build argument 'cmake_clean_first' from command line to 'False'
[0.335s] Level 5:colcon.colcon_core.verb:set package 'recording_zed_depth' build argument 'cmake_force_configure' from command line to 'False'
[0.335s] Level 5:colcon.colcon_core.verb:set package 'recording_zed_depth' build argument 'ament_cmake_args' from command line to 'None'
[0.335s] Level 5:colcon.colcon_core.verb:set package 'recording_zed_depth' build argument 'catkin_cmake_args' from command line to 'None'
[0.335s] Level 5:colcon.colcon_core.verb:set package 'recording_zed_depth' build argument 'catkin_skip_building_tests' from command line to 'False'
[0.335s] DEBUG:colcon.colcon_core.verb:Building package 'recording_zed_depth' with the following arguments: {'ament_cmake_args': None, 'build_base': '/home/olhamelnyk/colcon_venv/src/build/recording_zed_depth', 'catkin_cmake_args': None, 'catkin_skip_building_tests': False, 'cmake_args': None, 'cmake_clean_cache': False, 'cmake_clean_first': False, 'cmake_force_configure': False, 'cmake_target': None, 'cmake_target_skip_unavailable': False, 'install_base': '/home/olhamelnyk/colcon_venv/src/install/recording_zed_depth', 'merge_install': False, 'path': '/home/olhamelnyk/colcon_venv/src/recording_zed_depth', 'symlink_install': True, 'test_result_base': None}
[0.335s] Level 5:colcon.colcon_core.verb:set package 'recording_zed_depth_rgb' build argument 'cmake_args' from command line to 'None'
[0.335s] Level 5:colcon.colcon_core.verb:set package 'recording_zed_depth_rgb' build argument 'cmake_target' from command line to 'None'
[0.335s] Level 5:colcon.colcon_core.verb:set package 'recording_zed_depth_rgb' build argument 'cmake_target_skip_unavailable' from command line to 'False'
[0.336s] Level 5:colcon.colcon_core.verb:set package 'recording_zed_depth_rgb' build argument 'cmake_clean_cache' from command line to 'False'
[0.336s] Level 5:colcon.colcon_core.verb:set package 'recording_zed_depth_rgb' build argument 'cmake_clean_first' from command line to 'False'
[0.336s] Level 5:colcon.colcon_core.verb:set package 'recording_zed_depth_rgb' build argument 'cmake_force_configure' from command line to 'False'
[0.336s] Level 5:colcon.colcon_core.verb:set package 'recording_zed_depth_rgb' build argument 'ament_cmake_args' from command line to 'None'
[0.336s] Level 5:colcon.colcon_core.verb:set package 'recording_zed_depth_rgb' build argument 'catkin_cmake_args' from command line to 'None'
[0.336s] Level 5:colcon.colcon_core.verb:set package 'recording_zed_depth_rgb' build argument 'catkin_skip_building_tests' from command line to 'False'
[0.336s] DEBUG:colcon.colcon_core.verb:Building package 'recording_zed_depth_rgb' with the following arguments: {'ament_cmake_args': None, 'build_base': '/home/olhamelnyk/colcon_venv/src/build/recording_zed_depth_rgb', 'catkin_cmake_args': None, 'catkin_skip_building_tests': False, 'cmake_args': None, 'cmake_clean_cache': False, 'cmake_clean_first': False, 'cmake_force_configure': False, 'cmake_target': None, 'cmake_target_skip_unavailable': False, 'install_base': '/home/olhamelnyk/colcon_venv/src/install/recording_zed_depth_rgb', 'merge_install': False, 'path': '/home/olhamelnyk/colcon_venv/src/recording_zed_depth_rgb', 'symlink_install': True, 'test_result_base': None}
[0.336s] Level 5:colcon.colcon_core.verb:set package 'recording_zed_rgb' build argument 'cmake_args' from command line to 'None'
[0.336s] Level 5:colcon.colcon_core.verb:set package 'recording_zed_rgb' build argument 'cmake_target' from command line to 'None'
[0.336s] Level 5:colcon.colcon_core.verb:set package 'recording_zed_rgb' build argument 'cmake_target_skip_unavailable' from command line to 'False'
[0.336s] Level 5:colcon.colcon_core.verb:set package 'recording_zed_rgb' build argument 'cmake_clean_cache' from command line to 'False'
[0.336s] Level 5:colcon.colcon_core.verb:set package 'recording_zed_rgb' build argument 'cmake_clean_first' from command line to 'False'
[0.336s] Level 5:colcon.colcon_core.verb:set package 'recording_zed_rgb' build argument 'cmake_force_configure' from command line to 'False'
[0.336s] Level 5:colcon.colcon_core.verb:set package 'recording_zed_rgb' build argument 'ament_cmake_args' from command line to 'None'
[0.336s] Level 5:colcon.colcon_core.verb:set package 'recording_zed_rgb' build argument 'catkin_cmake_args' from command line to 'None'
[0.336s] Level 5:colcon.colcon_core.verb:set package 'recording_zed_rgb' build argument 'catkin_skip_building_tests' from command line to 'False'
[0.336s] DEBUG:colcon.colcon_core.verb:Building package 'recording_zed_rgb' with the following arguments: {'ament_cmake_args': None, 'build_base': '/home/olhamelnyk/colcon_venv/src/build/recording_zed_rgb', 'catkin_cmake_args': None, 'catkin_skip_building_tests': False, 'cmake_args': None, 'cmake_clean_cache': False, 'cmake_clean_first': False, 'cmake_force_configure': False, 'cmake_target': None, 'cmake_target_skip_unavailable': False, 'install_base': '/home/olhamelnyk/colcon_venv/src/install/recording_zed_rgb', 'merge_install': False, 'path': '/home/olhamelnyk/colcon_venv/src/recording_zed_rgb', 'symlink_install': True, 'test_result_base': None}
[0.336s] Level 5:colcon.colcon_core.verb:set package 'zed_mini' build argument 'cmake_args' from command line to 'None'
[0.336s] Level 5:colcon.colcon_core.verb:set package 'zed_mini' build argument 'cmake_target' from command line to 'None'
[0.336s] Level 5:colcon.colcon_core.verb:set package 'zed_mini' build argument 'cmake_target_skip_unavailable' from command line to 'False'
[0.336s] Level 5:colcon.colcon_core.verb:set package 'zed_mini' build argument 'cmake_clean_cache' from command line to 'False'
[0.336s] Level 5:colcon.colcon_core.verb:set package 'zed_mini' build argument 'cmake_clean_first' from command line to 'False'
[0.336s] Level 5:colcon.colcon_core.verb:set package 'zed_mini' build argument 'cmake_force_configure' from command line to 'False'
[0.336s] Level 5:colcon.colcon_core.verb:set package 'zed_mini' build argument 'ament_cmake_args' from command line to 'None'
[0.336s] Level 5:colcon.colcon_core.verb:set package 'zed_mini' build argument 'catkin_cmake_args' from command line to 'None'
[0.336s] Level 5:colcon.colcon_core.verb:set package 'zed_mini' build argument 'catkin_skip_building_tests' from command line to 'False'
[0.337s] DEBUG:colcon.colcon_core.verb:Building package 'zed_mini' with the following arguments: {'ament_cmake_args': None, 'build_base': '/home/olhamelnyk/colcon_venv/src/build/zed_mini', 'catkin_cmake_args': None, 'catkin_skip_building_tests': False, 'cmake_args': None, 'cmake_clean_cache': False, 'cmake_clean_first': False, 'cmake_force_configure': False, 'cmake_target': None, 'cmake_target_skip_unavailable': False, 'install_base': '/home/olhamelnyk/colcon_venv/src/install/zed_mini', 'merge_install': False, 'path': '/home/olhamelnyk/colcon_venv/src/zed_mini', 'symlink_install': True, 'test_result_base': None}
[0.337s] Level 5:colcon.colcon_core.verb:set package 'zed_msgs' build argument 'cmake_args' from command line to 'None'
[0.337s] Level 5:colcon.colcon_core.verb:set package 'zed_msgs' build argument 'cmake_target' from command line to 'None'
[0.337s] Level 5:colcon.colcon_core.verb:set package 'zed_msgs' build argument 'cmake_target_skip_unavailable' from command line to 'False'
[0.337s] Level 5:colcon.colcon_core.verb:set package 'zed_msgs' build argument 'cmake_clean_cache' from command line to 'False'
[0.337s] Level 5:colcon.colcon_core.verb:set package 'zed_msgs' build argument 'cmake_clean_first' from command line to 'False'
[0.337s] Level 5:colcon.colcon_core.verb:set package 'zed_msgs' build argument 'cmake_force_configure' from command line to 'False'
[0.337s] Level 5:colcon.colcon_core.verb:set package 'zed_msgs' build argument 'ament_cmake_args' from command line to 'None'
[0.337s] Level 5:colcon.colcon_core.verb:set package 'zed_msgs' build argument 'catkin_cmake_args' from command line to 'None'
[0.337s] Level 5:colcon.colcon_core.verb:set package 'zed_msgs' build argument 'catkin_skip_building_tests' from command line to 'False'
[0.337s] DEBUG:colcon.colcon_core.verb:Building package 'zed_msgs' with the following arguments: {'ament_cmake_args': None, 'build_base': '/home/olhamelnyk/colcon_venv/src/build/zed_msgs', 'catkin_cmake_args': None, 'catkin_skip_building_tests': False, 'cmake_args': None, 'cmake_clean_cache': False, 'cmake_clean_first': False, 'cmake_force_configure': False, 'cmake_target': None, 'cmake_target_skip_unavailable': False, 'install_base': '/home/olhamelnyk/colcon_venv/src/install/zed_msgs', 'merge_install': False, 'path': '/home/olhamelnyk/colcon_venv/src/zed-ros2-interfaces', 'symlink_install': True, 'test_result_base': None}
[0.337s] Level 5:colcon.colcon_core.verb:set package 'zed_recorder_cpp' build argument 'cmake_args' from command line to 'None'
[0.337s] Level 5:colcon.colcon_core.verb:set package 'zed_recorder_cpp' build argument 'cmake_target' from command line to 'None'
[0.337s] Level 5:colcon.colcon_core.verb:set package 'zed_recorder_cpp' build argument 'cmake_target_skip_unavailable' from command line to 'False'
[0.337s] Level 5:colcon.colcon_core.verb:set package 'zed_recorder_cpp' build argument 'cmake_clean_cache' from command line to 'False'
[0.337s] Level 5:colcon.colcon_core.verb:set package 'zed_recorder_cpp' build argument 'cmake_clean_first' from command line to 'False'
[0.337s] Level 5:colcon.colcon_core.verb:set package 'zed_recorder_cpp' build argument 'cmake_force_configure' from command line to 'False'
[0.337s] Level 5:colcon.colcon_core.verb:set package 'zed_recorder_cpp' build argument 'ament_cmake_args' from command line to 'None'
[0.337s] Level 5:colcon.colcon_core.verb:set package 'zed_recorder_cpp' build argument 'catkin_cmake_args' from command line to 'None'
[0.337s] Level 5:colcon.colcon_core.verb:set package 'zed_recorder_cpp' build argument 'catkin_skip_building_tests' from command line to 'False'
[0.337s] DEBUG:colcon.colcon_core.verb:Building package 'zed_recorder_cpp' with the following arguments: {'ament_cmake_args': None, 'build_base': '/home/olhamelnyk/colcon_venv/src/build/zed_recorder_cpp', 'catkin_cmake_args': None, 'catkin_skip_building_tests': False, 'cmake_args': None, 'cmake_clean_cache': False, 'cmake_clean_first': False, 'cmake_force_configure': False, 'cmake_target': None, 'cmake_target_skip_unavailable': False, 'install_base': '/home/olhamelnyk/colcon_venv/src/install/zed_recorder_cpp', 'merge_install': False, 'path': '/home/olhamelnyk/colcon_venv/src/zed_recorder_cpp', 'symlink_install': True, 'test_result_base': None}
[0.338s] Level 5:colcon.colcon_core.verb:set package 'zed_topic_benchmark_interfaces' build argument 'cmake_args' from command line to 'None'
[0.338s] Level 5:colcon.colcon_core.verb:set package 'zed_topic_benchmark_interfaces' build argument 'cmake_target' from command line to 'None'
[0.338s] Level 5:colcon.colcon_core.verb:set package 'zed_topic_benchmark_interfaces' build argument 'cmake_target_skip_unavailable' from command line to 'False'
[0.338s] Level 5:colcon.colcon_core.verb:set package 'zed_topic_benchmark_interfaces' build argument 'cmake_clean_cache' from command line to 'False'
[0.338s] Level 5:colcon.colcon_core.verb:set package 'zed_topic_benchmark_interfaces' build argument 'cmake_clean_first' from command line to 'False'
[0.338s] Level 5:colcon.colcon_core.verb:set package 'zed_topic_benchmark_interfaces' build argument 'cmake_force_configure' from command line to 'False'
[0.338s] Level 5:colcon.colcon_core.verb:set package 'zed_topic_benchmark_interfaces' build argument 'ament_cmake_args' from command line to 'None'
[0.338s] Level 5:colcon.colcon_core.verb:set package 'zed_topic_benchmark_interfaces' build argument 'catkin_cmake_args' from command line to 'None'
[0.338s] Level 5:colcon.colcon_core.verb:set package 'zed_topic_benchmark_interfaces' build argument 'catkin_skip_building_tests' from command line to 'False'
[0.338s] DEBUG:colcon.colcon_core.verb:Building package 'zed_topic_benchmark_interfaces' with the following arguments: {'ament_cmake_args': None, 'build_base': '/home/olhamelnyk/colcon_venv/src/build/zed_topic_benchmark_interfaces', 'catkin_cmake_args': None, 'catkin_skip_building_tests': False, 'cmake_args': None, 'cmake_clean_cache': False, 'cmake_clean_first': False, 'cmake_force_configure': False, 'cmake_target': None, 'cmake_target_skip_unavailable': False, 'install_base': '/home/olhamelnyk/colcon_venv/src/install/zed_topic_benchmark_interfaces', 'merge_install': False, 'path': '/home/olhamelnyk/colcon_venv/src/zed-ros2-examples/tools/zed_benchmark_interfaces', 'symlink_install': True, 'test_result_base': None}
[0.338s] Level 5:colcon.colcon_core.verb:set package 'zed_tutorial_depth' build argument 'cmake_args' from command line to 'None'
[0.338s] Level 5:colcon.colcon_core.verb:set package 'zed_tutorial_depth' build argument 'cmake_target' from command line to 'None'
[0.338s] Level 5:colcon.colcon_core.verb:set package 'zed_tutorial_depth' build argument 'cmake_target_skip_unavailable' from command line to 'False'
[0.338s] Level 5:colcon.colcon_core.verb:set package 'zed_tutorial_depth' build argument 'cmake_clean_cache' from command line to 'False'
[0.338s] Level 5:colcon.colcon_core.verb:set package 'zed_tutorial_depth' build argument 'cmake_clean_first' from command line to 'False'
[0.338s] Level 5:colcon.colcon_core.verb:set package 'zed_tutorial_depth' build argument 'cmake_force_configure' from command line to 'False'
[0.338s] Level 5:colcon.colcon_core.verb:set package 'zed_tutorial_depth' build argument 'ament_cmake_args' from command line to 'None'
[0.338s] Level 5:colcon.colcon_core.verb:set package 'zed_tutorial_depth' build argument 'catkin_cmake_args' from command line to 'None'
[0.338s] Level 5:colcon.colcon_core.verb:set package 'zed_tutorial_depth' build argument 'catkin_skip_building_tests' from command line to 'False'
[0.338s] DEBUG:colcon.colcon_core.verb:Building package 'zed_tutorial_depth' with the following arguments: {'ament_cmake_args': None, 'build_base': '/home/olhamelnyk/colcon_venv/src/build/zed_tutorial_depth', 'catkin_cmake_args': None, 'catkin_skip_building_tests': False, 'cmake_args': None, 'cmake_clean_cache': False, 'cmake_clean_first': False, 'cmake_force_configure': False, 'cmake_target': None, 'cmake_target_skip_unavailable': False, 'install_base': '/home/olhamelnyk/colcon_venv/src/install/zed_tutorial_depth', 'merge_install': False, 'path': '/home/olhamelnyk/colcon_venv/src/zed-ros2-examples/tutorials/zed_depth_tutorial', 'symlink_install': True, 'test_result_base': None}
[0.339s] Level 5:colcon.colcon_core.verb:set package 'zed_tutorial_pos_tracking' build argument 'cmake_args' from command line to 'None'
[0.339s] Level 5:colcon.colcon_core.verb:set package 'zed_tutorial_pos_tracking' build argument 'cmake_target' from command line to 'None'
[0.339s] Level 5:colcon.colcon_core.verb:set package 'zed_tutorial_pos_tracking' build argument 'cmake_target_skip_unavailable' from command line to 'False'
[0.339s] Level 5:colcon.colcon_core.verb:set package 'zed_tutorial_pos_tracking' build argument 'cmake_clean_cache' from command line to 'False'
[0.339s] Level 5:colcon.colcon_core.verb:set package 'zed_tutorial_pos_tracking' build argument 'cmake_clean_first' from command line to 'False'
[0.339s] Level 5:colcon.colcon_core.verb:set package 'zed_tutorial_pos_tracking' build argument 'cmake_force_configure' from command line to 'False'
[0.339s] Level 5:colcon.colcon_core.verb:set package 'zed_tutorial_pos_tracking' build argument 'ament_cmake_args' from command line to 'None'
[0.339s] Level 5:colcon.colcon_core.verb:set package 'zed_tutorial_pos_tracking' build argument 'catkin_cmake_args' from command line to 'None'
[0.339s] Level 5:colcon.colcon_core.verb:set package 'zed_tutorial_pos_tracking' build argument 'catkin_skip_building_tests' from command line to 'False'
[0.339s] DEBUG:colcon.colcon_core.verb:Building package 'zed_tutorial_pos_tracking' with the following arguments: {'ament_cmake_args': None, 'build_base': '/home/olhamelnyk/colcon_venv/src/build/zed_tutorial_pos_tracking', 'catkin_cmake_args': None, 'catkin_skip_building_tests': False, 'cmake_args': None, 'cmake_clean_cache': False, 'cmake_clean_first': False, 'cmake_force_configure': False, 'cmake_target': None, 'cmake_target_skip_unavailable': False, 'install_base': '/home/olhamelnyk/colcon_venv/src/install/zed_tutorial_pos_tracking', 'merge_install': False, 'path': '/home/olhamelnyk/colcon_venv/src/zed-ros2-examples/tutorials/zed_pose_tutorial', 'symlink_install': True, 'test_result_base': None}
[0.339s] Level 5:colcon.colcon_core.verb:set package 'zed_tutorial_video' build argument 'cmake_args' from command line to 'None'
[0.339s] Level 5:colcon.colcon_core.verb:set package 'zed_tutorial_video' build argument 'cmake_target' from command line to 'None'
[0.339s] Level 5:colcon.colcon_core.verb:set package 'zed_tutorial_video' build argument 'cmake_target_skip_unavailable' from command line to 'False'
[0.339s] Level 5:colcon.colcon_core.verb:set package 'zed_tutorial_video' build argument 'cmake_clean_cache' from command line to 'False'
[0.339s] Level 5:colcon.colcon_core.verb:set package 'zed_tutorial_video' build argument 'cmake_clean_first' from command line to 'False'
[0.339s] Level 5:colcon.colcon_core.verb:set package 'zed_tutorial_video' build argument 'cmake_force_configure' from command line to 'False'
[0.339s] Level 5:colcon.colcon_core.verb:set package 'zed_tutorial_video' build argument 'ament_cmake_args' from command line to 'None'
[0.339s] Level 5:colcon.colcon_core.verb:set package 'zed_tutorial_video' build argument 'catkin_cmake_args' from command line to 'None'
[0.339s] Level 5:colcon.colcon_core.verb:set package 'zed_tutorial_video' build argument 'catkin_skip_building_tests' from command line to 'False'
[0.339s] DEBUG:colcon.colcon_core.verb:Building package 'zed_tutorial_video' with the following arguments: {'ament_cmake_args': None, 'build_base': '/home/olhamelnyk/colcon_venv/src/build/zed_tutorial_video', 'catkin_cmake_args': None, 'catkin_skip_building_tests': False, 'cmake_args': None, 'cmake_clean_cache': False, 'cmake_clean_first': False, 'cmake_force_configure': False, 'cmake_target': None, 'cmake_target_skip_unavailable': False, 'install_base': '/home/olhamelnyk/colcon_venv/src/install/zed_tutorial_video', 'merge_install': False, 'path': '/home/olhamelnyk/colcon_venv/src/zed-ros2-examples/tutorials/zed_video_tutorial', 'symlink_install': True, 'test_result_base': None}
[0.339s] Level 5:colcon.colcon_core.verb:set package 'pupil_labs_wrapper' build argument 'cmake_args' from command line to 'None'
[0.339s] Level 5:colcon.colcon_core.verb:set package 'pupil_labs_wrapper' build argument 'cmake_target' from command line to 'None'
[0.339s] Level 5:colcon.colcon_core.verb:set package 'pupil_labs_wrapper' build argument 'cmake_target_skip_unavailable' from command line to 'False'
[0.339s] Level 5:colcon.colcon_core.verb:set package 'pupil_labs_wrapper' build argument 'cmake_clean_cache' from command line to 'False'
[0.340s] Level 5:colcon.colcon_core.verb:set package 'pupil_labs_wrapper' build argument 'cmake_clean_first' from command line to 'False'
[0.340s] Level 5:colcon.colcon_core.verb:set package 'pupil_labs_wrapper' build argument 'cmake_force_configure' from command line to 'False'
[0.340s] Level 5:colcon.colcon_core.verb:set package 'pupil_labs_wrapper' build argument 'ament_cmake_args' from command line to 'None'
[0.340s] Level 5:colcon.colcon_core.verb:set package 'pupil_labs_wrapper' build argument 'catkin_cmake_args' from command line to 'None'
[0.340s] Level 5:colcon.colcon_core.verb:set package 'pupil_labs_wrapper' build argument 'catkin_skip_building_tests' from command line to 'False'
[0.340s] DEBUG:colcon.colcon_core.verb:Building package 'pupil_labs_wrapper' with the following arguments: {'ament_cmake_args': None, 'build_base': '/home/olhamelnyk/colcon_venv/src/build/pupil_labs_wrapper', 'catkin_cmake_args': None, 'catkin_skip_building_tests': False, 'cmake_args': None, 'cmake_clean_cache': False, 'cmake_clean_first': False, 'cmake_force_configure': False, 'cmake_target': None, 'cmake_target_skip_unavailable': False, 'install_base': '/home/olhamelnyk/colcon_venv/src/install/pupil_labs_wrapper', 'merge_install': False, 'path': '/home/olhamelnyk/colcon_venv/src/pupil_labs_wrapper', 'symlink_install': True, 'test_result_base': None}
[0.340s] Level 5:colcon.colcon_core.verb:set package 'recording_controller_pkg' build argument 'cmake_args' from command line to 'None'
[0.340s] Level 5:colcon.colcon_core.verb:set package 'recording_controller_pkg' build argument 'cmake_target' from command line to 'None'
[0.340s] Level 5:colcon.colcon_core.verb:set package 'recording_controller_pkg' build argument 'cmake_target_skip_unavailable' from command line to 'False'
[0.340s] Level 5:colcon.colcon_core.verb:set package 'recording_controller_pkg' build argument 'cmake_clean_cache' from command line to 'False'
[0.340s] Level 5:colcon.colcon_core.verb:set package 'recording_controller_pkg' build argument 'cmake_clean_first' from command line to 'False'
[0.340s] Level 5:colcon.colcon_core.verb:set package 'recording_controller_pkg' build argument 'cmake_force_configure' from command line to 'False'
[0.340s] Level 5:colcon.colcon_core.verb:set package 'recording_controller_pkg' build argument 'ament_cmake_args' from command line to 'None'
[0.340s] Level 5:colcon.colcon_core.verb:set package 'recording_controller_pkg' build argument 'catkin_cmake_args' from command line to 'None'
[0.340s] Level 5:colcon.colcon_core.verb:set package 'recording_controller_pkg' build argument 'catkin_skip_building_tests' from command line to 'False'
[0.340s] DEBUG:colcon.colcon_core.verb:Building package 'recording_controller_pkg' with the following arguments: {'ament_cmake_args': None, 'build_base': '/home/olhamelnyk/colcon_venv/src/build/recording_controller_pkg', 'catkin_cmake_args': None, 'catkin_skip_building_tests': False, 'cmake_args': None, 'cmake_clean_cache': False, 'cmake_clean_first': False, 'cmake_force_configure': False, 'cmake_target': None, 'cmake_target_skip_unavailable': False, 'install_base': '/home/olhamelnyk/colcon_venv/src/install/recording_controller_pkg', 'merge_install': False, 'path': '/home/olhamelnyk/colcon_venv/src/recording_controller_pkg', 'symlink_install': True, 'test_result_base': None}
[0.340s] Level 5:colcon.colcon_core.verb:set package 'rviz_plugin_zed_od' build argument 'cmake_args' from command line to 'None'
[0.340s] Level 5:colcon.colcon_core.verb:set package 'rviz_plugin_zed_od' build argument 'cmake_target' from command line to 'None'
[0.340s] Level 5:colcon.colcon_core.verb:set package 'rviz_plugin_zed_od' build argument 'cmake_target_skip_unavailable' from command line to 'False'
[0.340s] Level 5:colcon.colcon_core.verb:set package 'rviz_plugin_zed_od' build argument 'cmake_clean_cache' from command line to 'False'
[0.340s] Level 5:colcon.colcon_core.verb:set package 'rviz_plugin_zed_od' build argument 'cmake_clean_first' from command line to 'False'
[0.340s] Level 5:colcon.colcon_core.verb:set package 'rviz_plugin_zed_od' build argument 'cmake_force_configure' from command line to 'False'
[0.340s] Level 5:colcon.colcon_core.verb:set package 'rviz_plugin_zed_od' build argument 'ament_cmake_args' from command line to 'None'
[0.340s] Level 5:colcon.colcon_core.verb:set package 'rviz_plugin_zed_od' build argument 'catkin_cmake_args' from command line to 'None'
[0.340s] Level 5:colcon.colcon_core.verb:set package 'rviz_plugin_zed_od' build argument 'catkin_skip_building_tests' from command line to 'False'
[0.341s] DEBUG:colcon.colcon_core.verb:Building package 'rviz_plugin_zed_od' with the following arguments: {'ament_cmake_args': None, 'build_base': '/home/olhamelnyk/colcon_venv/src/build/rviz_plugin_zed_od', 'catkin_cmake_args': None, 'catkin_skip_building_tests': False, 'cmake_args': None, 'cmake_clean_cache': False, 'cmake_clean_first': False, 'cmake_force_configure': False, 'cmake_target': None, 'cmake_target_skip_unavailable': False, 'install_base': '/home/olhamelnyk/colcon_venv/src/install/rviz_plugin_zed_od', 'merge_install': False, 'path': '/home/olhamelnyk/colcon_venv/src/zed-ros2-examples/rviz-plugin-zed-od', 'symlink_install': True, 'test_result_base': None}
[0.341s] Level 5:colcon.colcon_core.verb:set package 'zed_components' build argument 'cmake_args' from command line to 'None'
[0.341s] Level 5:colcon.colcon_core.verb:set package 'zed_components' build argument 'cmake_target' from command line to 'None'
[0.341s] Level 5:colcon.colcon_core.verb:set package 'zed_components' build argument 'cmake_target_skip_unavailable' from command line to 'False'
[0.341s] Level 5:colcon.colcon_core.verb:set package 'zed_components' build argument 'cmake_clean_cache' from command line to 'False'
[0.341s] Level 5:colcon.colcon_core.verb:set package 'zed_components' build argument 'cmake_clean_first' from command line to 'False'
[0.341s] Level 5:colcon.colcon_core.verb:set package 'zed_components' build argument 'cmake_force_configure' from command line to 'False'
[0.341s] Level 5:colcon.colcon_core.verb:set package 'zed_components' build argument 'ament_cmake_args' from command line to 'None'
[0.341s] Level 5:colcon.colcon_core.verb:set package 'zed_components' build argument 'catkin_cmake_args' from command line to 'None'
[0.341s] Level 5:colcon.colcon_core.verb:set package 'zed_components' build argument 'catkin_skip_building_tests' from command line to 'False'
[0.341s] DEBUG:colcon.colcon_core.verb:Building package 'zed_components' with the following arguments: {'ament_cmake_args': None, 'build_base': '/home/olhamelnyk/colcon_venv/src/build/zed_components', 'catkin_cmake_args': None, 'catkin_skip_building_tests': False, 'cmake_args': None, 'cmake_clean_cache': False, 'cmake_clean_first': False, 'cmake_force_configure': False, 'cmake_target': None, 'cmake_target_skip_unavailable': False, 'install_base': '/home/olhamelnyk/colcon_venv/src/install/zed_components', 'merge_install': False, 'path': '/home/olhamelnyk/colcon_venv/src/zed-ros2-wrapper/zed_components', 'symlink_install': True, 'test_result_base': None}
[0.341s] Level 5:colcon.colcon_core.verb:set package 'zed_topic_benchmark_component' build argument 'cmake_args' from command line to 'None'
[0.341s] Level 5:colcon.colcon_core.verb:set package 'zed_topic_benchmark_component' build argument 'cmake_target' from command line to 'None'
[0.341s] Level 5:colcon.colcon_core.verb:set package 'zed_topic_benchmark_component' build argument 'cmake_target_skip_unavailable' from command line to 'False'
[0.341s] Level 5:colcon.colcon_core.verb:set package 'zed_topic_benchmark_component' build argument 'cmake_clean_cache' from command line to 'False'
[0.341s] Level 5:colcon.colcon_core.verb:set package 'zed_topic_benchmark_component' build argument 'cmake_clean_first' from command line to 'False'
[0.341s] Level 5:colcon.colcon_core.verb:set package 'zed_topic_benchmark_component' build argument 'cmake_force_configure' from command line to 'False'
[0.341s] Level 5:colcon.colcon_core.verb:set package 'zed_topic_benchmark_component' build argument 'ament_cmake_args' from command line to 'None'
[0.341s] Level 5:colcon.colcon_core.verb:set package 'zed_topic_benchmark_component' build argument 'catkin_cmake_args' from command line to 'None'
[0.341s] Level 5:colcon.colcon_core.verb:set package 'zed_topic_benchmark_component' build argument 'catkin_skip_building_tests' from command line to 'False'
[0.341s] DEBUG:colcon.colcon_core.verb:Building package 'zed_topic_benchmark_component' with the following arguments: {'ament_cmake_args': None, 'build_base': '/home/olhamelnyk/colcon_venv/src/build/zed_topic_benchmark_component', 'catkin_cmake_args': None, 'catkin_skip_building_tests': False, 'cmake_args': None, 'cmake_clean_cache': False, 'cmake_clean_first': False, 'cmake_force_configure': False, 'cmake_target': None, 'cmake_target_skip_unavailable': False, 'install_base': '/home/olhamelnyk/colcon_venv/src/install/zed_topic_benchmark_component', 'merge_install': False, 'path': '/home/olhamelnyk/colcon_venv/src/zed-ros2-examples/tools/zed_benchmark_component', 'symlink_install': True, 'test_result_base': None}
[0.342s] Level 5:colcon.colcon_core.verb:set package 'zed_aruco_localization' build argument 'cmake_args' from command line to 'None'
[0.342s] Level 5:colcon.colcon_core.verb:set package 'zed_aruco_localization' build argument 'cmake_target' from command line to 'None'
[0.342s] Level 5:colcon.colcon_core.verb:set package 'zed_aruco_localization' build argument 'cmake_target_skip_unavailable' from command line to 'False'
[0.342s] Level 5:colcon.colcon_core.verb:set package 'zed_aruco_localization' build argument 'cmake_clean_cache' from command line to 'False'
[0.342s] Level 5:colcon.colcon_core.verb:set package 'zed_aruco_localization' build argument 'cmake_clean_first' from command line to 'False'
[0.342s] Level 5:colcon.colcon_core.verb:set package 'zed_aruco_localization' build argument 'cmake_force_configure' from command line to 'False'
[0.342s] Level 5:colcon.colcon_core.verb:set package 'zed_aruco_localization' build argument 'ament_cmake_args' from command line to 'None'
[0.342s] Level 5:colcon.colcon_core.verb:set package 'zed_aruco_localization' build argument 'catkin_cmake_args' from command line to 'None'
[0.342s] Level 5:colcon.colcon_core.verb:set package 'zed_aruco_localization' build argument 'catkin_skip_building_tests' from command line to 'False'
[0.342s] DEBUG:colcon.colcon_core.verb:Building package 'zed_aruco_localization' with the following arguments: {'ament_cmake_args': None, 'build_base': '/home/olhamelnyk/colcon_venv/src/build/zed_aruco_localization', 'catkin_cmake_args': None, 'catkin_skip_building_tests': False, 'cmake_args': None, 'cmake_clean_cache': False, 'cmake_clean_first': False, 'cmake_force_configure': False, 'cmake_target': None, 'cmake_target_skip_unavailable': False, 'install_base': '/home/olhamelnyk/colcon_venv/src/install/zed_aruco_localization', 'merge_install': False, 'path': '/home/olhamelnyk/colcon_venv/src/zed-ros2-examples/examples/zed_aruco_localization', 'symlink_install': True, 'test_result_base': None}
[0.342s] Level 5:colcon.colcon_core.verb:set package 'zed_rgb_convert' build argument 'cmake_args' from command line to 'None'
[0.342s] Level 5:colcon.colcon_core.verb:set package 'zed_rgb_convert' build argument 'cmake_target' from command line to 'None'
[0.342s] Level 5:colcon.colcon_core.verb:set package 'zed_rgb_convert' build argument 'cmake_target_skip_unavailable' from command line to 'False'
[0.342s] Level 5:colcon.colcon_core.verb:set package 'zed_rgb_convert' build argument 'cmake_clean_cache' from command line to 'False'
[0.342s] Level 5:colcon.colcon_core.verb:set package 'zed_rgb_convert' build argument 'cmake_clean_first' from command line to 'False'
[0.342s] Level 5:colcon.colcon_core.verb:set package 'zed_rgb_convert' build argument 'cmake_force_configure' from command line to 'False'
[0.342s] Level 5:colcon.colcon_core.verb:set package 'zed_rgb_convert' build argument 'ament_cmake_args' from command line to 'None'
[0.342s] Level 5:colcon.colcon_core.verb:set package 'zed_rgb_convert' build argument 'catkin_cmake_args' from command line to 'None'
[0.342s] Level 5:colcon.colcon_core.verb:set package 'zed_rgb_convert' build argument 'catkin_skip_building_tests' from command line to 'False'
[0.342s] DEBUG:colcon.colcon_core.verb:Building package 'zed_rgb_convert' with the following arguments: {'ament_cmake_args': None, 'build_base': '/home/olhamelnyk/colcon_venv/src/build/zed_rgb_convert', 'catkin_cmake_args': None, 'catkin_skip_building_tests': False, 'cmake_args': None, 'cmake_clean_cache': False, 'cmake_clean_first': False, 'cmake_force_configure': False, 'cmake_target': None, 'cmake_target_skip_unavailable': False, 'install_base': '/home/olhamelnyk/colcon_venv/src/install/zed_rgb_convert', 'merge_install': False, 'path': '/home/olhamelnyk/colcon_venv/src/zed-ros2-examples/tutorials/zed_rgb_convert', 'symlink_install': True, 'test_result_base': None}
[0.343s] Level 5:colcon.colcon_core.verb:set package 'zed_topic_benchmark' build argument 'cmake_args' from command line to 'None'
[0.343s] Level 5:colcon.colcon_core.verb:set package 'zed_topic_benchmark' build argument 'cmake_target' from command line to 'None'
[0.343s] Level 5:colcon.colcon_core.verb:set package 'zed_topic_benchmark' build argument 'cmake_target_skip_unavailable' from command line to 'False'
[0.343s] Level 5:colcon.colcon_core.verb:set package 'zed_topic_benchmark' build argument 'cmake_clean_cache' from command line to 'False'
[0.343s] Level 5:colcon.colcon_core.verb:set package 'zed_topic_benchmark' build argument 'cmake_clean_first' from command line to 'False'
[0.343s] Level 5:colcon.colcon_core.verb:set package 'zed_topic_benchmark' build argument 'cmake_force_configure' from command line to 'False'
[0.343s] Level 5:colcon.colcon_core.verb:set package 'zed_topic_benchmark' build argument 'ament_cmake_args' from command line to 'None'
[0.343s] Level 5:colcon.colcon_core.verb:set package 'zed_topic_benchmark' build argument 'catkin_cmake_args' from command line to 'None'
[0.343s] Level 5:colcon.colcon_core.verb:set package 'zed_topic_benchmark' build argument 'catkin_skip_building_tests' from command line to 'False'
[0.343s] DEBUG:colcon.colcon_core.verb:Building package 'zed_topic_benchmark' with the following arguments: {'ament_cmake_args': None, 'build_base': '/home/olhamelnyk/colcon_venv/src/build/zed_topic_benchmark', 'catkin_cmake_args': None, 'catkin_skip_building_tests': False, 'cmake_args': None, 'cmake_clean_cache': False, 'cmake_clean_first': False, 'cmake_force_configure': False, 'cmake_target': None, 'cmake_target_skip_unavailable': False, 'install_base': '/home/olhamelnyk/colcon_venv/src/install/zed_topic_benchmark', 'merge_install': False, 'path': '/home/olhamelnyk/colcon_venv/src/zed-ros2-examples/tools/zed_benchmark', 'symlink_install': True, 'test_result_base': None}
[0.343s] Level 5:colcon.colcon_core.verb:set package 'zed_wrapper' build argument 'cmake_args' from command line to 'None'
[0.343s] Level 5:colcon.colcon_core.verb:set package 'zed_wrapper' build argument 'cmake_target' from command line to 'None'
[0.343s] Level 5:colcon.colcon_core.verb:set package 'zed_wrapper' build argument 'cmake_target_skip_unavailable' from command line to 'False'
[0.343s] Level 5:colcon.colcon_core.verb:set package 'zed_wrapper' build argument 'cmake_clean_cache' from command line to 'False'
[0.343s] Level 5:colcon.colcon_core.verb:set package 'zed_wrapper' build argument 'cmake_clean_first' from command line to 'False'
[0.343s] Level 5:colcon.colcon_core.verb:set package 'zed_wrapper' build argument 'cmake_force_configure' from command line to 'False'
[0.343s] Level 5:colcon.colcon_core.verb:set package 'zed_wrapper' build argument 'ament_cmake_args' from command line to 'None'
[0.343s] Level 5:colcon.colcon_core.verb:set package 'zed_wrapper' build argument 'catkin_cmake_args' from command line to 'None'
[0.343s] Level 5:colcon.colcon_core.verb:set package 'zed_wrapper' build argument 'catkin_skip_building_tests' from command line to 'False'
[0.343s] DEBUG:colcon.colcon_core.verb:Building package 'zed_wrapper' with the following arguments: {'ament_cmake_args': None, 'build_base': '/home/olhamelnyk/colcon_venv/src/build/zed_wrapper', 'catkin_cmake_args': None, 'catkin_skip_building_tests': False, 'cmake_args': None, 'cmake_clean_cache': False, 'cmake_clean_first': False, 'cmake_force_configure': False, 'cmake_target': None, 'cmake_target_skip_unavailable': False, 'install_base': '/home/olhamelnyk/colcon_venv/src/install/zed_wrapper', 'merge_install': False, 'path': '/home/olhamelnyk/colcon_venv/src/zed-ros2-wrapper/zed_wrapper', 'symlink_install': True, 'test_result_base': None}
[0.343s] Level 5:colcon.colcon_core.verb:set package 'zed_depth_to_laserscan' build argument 'cmake_args' from command line to 'None'
[0.343s] Level 5:colcon.colcon_core.verb:set package 'zed_depth_to_laserscan' build argument 'cmake_target' from command line to 'None'
[0.343s] Level 5:colcon.colcon_core.verb:set package 'zed_depth_to_laserscan' build argument 'cmake_target_skip_unavailable' from command line to 'False'
[0.344s] Level 5:colcon.colcon_core.verb:set package 'zed_depth_to_laserscan' build argument 'cmake_clean_cache' from command line to 'False'
[0.344s] Level 5:colcon.colcon_core.verb:set package 'zed_depth_to_laserscan' build argument 'cmake_clean_first' from command line to 'False'
[0.344s] Level 5:colcon.colcon_core.verb:set package 'zed_depth_to_laserscan' build argument 'cmake_force_configure' from command line to 'False'
[0.344s] Level 5:colcon.colcon_core.verb:set package 'zed_depth_to_laserscan' build argument 'ament_cmake_args' from command line to 'None'
[0.344s] Level 5:colcon.colcon_core.verb:set package 'zed_depth_to_laserscan' build argument 'catkin_cmake_args' from command line to 'None'
[0.344s] Level 5:colcon.colcon_core.verb:set package 'zed_depth_to_laserscan' build argument 'catkin_skip_building_tests' from command line to 'False'
[0.344s] DEBUG:colcon.colcon_core.verb:Building package 'zed_depth_to_laserscan' with the following arguments: {'ament_cmake_args': None, 'build_base': '/home/olhamelnyk/colcon_venv/src/build/zed_depth_to_laserscan', 'catkin_cmake_args': None, 'catkin_skip_building_tests': False, 'cmake_args': None, 'cmake_clean_cache': False, 'cmake_clean_first': False, 'cmake_force_configure': False, 'cmake_target': None, 'cmake_target_skip_unavailable': False, 'install_base': '/home/olhamelnyk/colcon_venv/src/install/zed_depth_to_laserscan', 'merge_install': False, 'path': '/home/olhamelnyk/colcon_venv/src/zed-ros2-examples/examples/zed_depth_to_laserscan', 'symlink_install': True, 'test_result_base': None}
[0.344s] Level 5:colcon.colcon_core.verb:set package 'zed_display_rviz2' build argument 'cmake_args' from command line to 'None'
[0.344s] Level 5:colcon.colcon_core.verb:set package 'zed_display_rviz2' build argument 'cmake_target' from command line to 'None'
[0.344s] Level 5:colcon.colcon_core.verb:set package 'zed_display_rviz2' build argument 'cmake_target_skip_unavailable' from command line to 'False'
[0.344s] Level 5:colcon.colcon_core.verb:set package 'zed_display_rviz2' build argument 'cmake_clean_cache' from command line to 'False'
[0.344s] Level 5:colcon.colcon_core.verb:set package 'zed_display_rviz2' build argument 'cmake_clean_first' from command line to 'False'
[0.344s] Level 5:colcon.colcon_core.verb:set package 'zed_display_rviz2' build argument 'cmake_force_configure' from command line to 'False'
[0.344s] Level 5:colcon.colcon_core.verb:set package 'zed_display_rviz2' build argument 'ament_cmake_args' from command line to 'None'
[0.344s] Level 5:colcon.colcon_core.verb:set package 'zed_display_rviz2' build argument 'catkin_cmake_args' from command line to 'None'
[0.344s] Level 5:colcon.colcon_core.verb:set package 'zed_display_rviz2' build argument 'catkin_skip_building_tests' from command line to 'False'
[0.344s] DEBUG:colcon.colcon_core.verb:Building package 'zed_display_rviz2' with the following arguments: {'ament_cmake_args': None, 'build_base': '/home/olhamelnyk/colcon_venv/src/build/zed_display_rviz2', 'catkin_cmake_args': None, 'catkin_skip_building_tests': False, 'cmake_args': None, 'cmake_clean_cache': False, 'cmake_clean_first': False, 'cmake_force_configure': False, 'cmake_target': None, 'cmake_target_skip_unavailable': False, 'install_base': '/home/olhamelnyk/colcon_venv/src/install/zed_display_rviz2', 'merge_install': False, 'path': '/home/olhamelnyk/colcon_venv/src/zed-ros2-examples/zed_display_rviz2', 'symlink_install': True, 'test_result_base': None}
[0.344s] Level 5:colcon.colcon_core.verb:set package 'zed_multi_camera' build argument 'cmake_args' from command line to 'None'
[0.344s] Level 5:colcon.colcon_core.verb:set package 'zed_multi_camera' build argument 'cmake_target' from command line to 'None'
[0.344s] Level 5:colcon.colcon_core.verb:set package 'zed_multi_camera' build argument 'cmake_target_skip_unavailable' from command line to 'False'
[0.344s] Level 5:colcon.colcon_core.verb:set package 'zed_multi_camera' build argument 'cmake_clean_cache' from command line to 'False'
[0.344s] Level 5:colcon.colcon_core.verb:set package 'zed_multi_camera' build argument 'cmake_clean_first' from command line to 'False'
[0.344s] Level 5:colcon.colcon_core.verb:set package 'zed_multi_camera' build argument 'cmake_force_configure' from command line to 'False'
[0.344s] Level 5:colcon.colcon_core.verb:set package 'zed_multi_camera' build argument 'ament_cmake_args' from command line to 'None'
[0.345s] Level 5:colcon.colcon_core.verb:set package 'zed_multi_camera' build argument 'catkin_cmake_args' from command line to 'None'
[0.345s] Level 5:colcon.colcon_core.verb:set package 'zed_multi_camera' build argument 'catkin_skip_building_tests' from command line to 'False'
[0.345s] DEBUG:colcon.colcon_core.verb:Building package 'zed_multi_camera' with the following arguments: {'ament_cmake_args': None, 'build_base': '/home/olhamelnyk/colcon_venv/src/build/zed_multi_camera', 'catkin_cmake_args': None, 'catkin_skip_building_tests': False, 'cmake_args': None, 'cmake_clean_cache': False, 'cmake_clean_first': False, 'cmake_force_configure': False, 'cmake_target': None, 'cmake_target_skip_unavailable': False, 'install_base': '/home/olhamelnyk/colcon_venv/src/install/zed_multi_camera', 'merge_install': False, 'path': '/home/olhamelnyk/colcon_venv/src/zed-ros2-examples/tutorials/zed_multi_camera', 'symlink_install': True, 'test_result_base': None}
[0.345s] Level 5:colcon.colcon_core.verb:set package 'zed_robot_integration' build argument 'cmake_args' from command line to 'None'
[0.345s] Level 5:colcon.colcon_core.verb:set package 'zed_robot_integration' build argument 'cmake_target' from command line to 'None'
[0.345s] Level 5:colcon.colcon_core.verb:set package 'zed_robot_integration' build argument 'cmake_target_skip_unavailable' from command line to 'False'
[0.345s] Level 5:colcon.colcon_core.verb:set package 'zed_robot_integration' build argument 'cmake_clean_cache' from command line to 'False'
[0.345s] Level 5:colcon.colcon_core.verb:set package 'zed_robot_integration' build argument 'cmake_clean_first' from command line to 'False'
[0.345s] Level 5:colcon.colcon_core.verb:set package 'zed_robot_integration' build argument 'cmake_force_configure' from command line to 'False'
[0.345s] Level 5:colcon.colcon_core.verb:set package 'zed_robot_integration' build argument 'ament_cmake_args' from command line to 'None'
[0.345s] Level 5:colcon.colcon_core.verb:set package 'zed_robot_integration' build argument 'catkin_cmake_args' from command line to 'None'
[0.345s] Level 5:colcon.colcon_core.verb:set package 'zed_robot_integration' build argument 'catkin_skip_building_tests' from command line to 'False'
[0.345s] DEBUG:colcon.colcon_core.verb:Building package 'zed_robot_integration' with the following arguments: {'ament_cmake_args': None, 'build_base': '/home/olhamelnyk/colcon_venv/src/build/zed_robot_integration', 'catkin_cmake_args': None, 'catkin_skip_building_tests': False, 'cmake_args': None, 'cmake_clean_cache': False, 'cmake_clean_first': False, 'cmake_force_configure': False, 'cmake_target': None, 'cmake_target_skip_unavailable': False, 'install_base': '/home/olhamelnyk/colcon_venv/src/install/zed_robot_integration', 'merge_install': False, 'path': '/home/olhamelnyk/colcon_venv/src/zed-ros2-examples/tutorials/zed_robot_integration', 'symlink_install': True, 'test_result_base': None}
[0.345s] Level 5:colcon.colcon_core.verb:set package 'zed_ros2' build argument 'cmake_args' from command line to 'None'
[0.345s] Level 5:colcon.colcon_core.verb:set package 'zed_ros2' build argument 'cmake_target' from command line to 'None'
[0.345s] Level 5:colcon.colcon_core.verb:set package 'zed_ros2' build argument 'cmake_target_skip_unavailable' from command line to 'False'
[0.345s] Level 5:colcon.colcon_core.verb:set package 'zed_ros2' build argument 'cmake_clean_cache' from command line to 'False'
[0.345s] Level 5:colcon.colcon_core.verb:set package 'zed_ros2' build argument 'cmake_clean_first' from command line to 'False'
[0.345s] Level 5:colcon.colcon_core.verb:set package 'zed_ros2' build argument 'cmake_force_configure' from command line to 'False'
[0.345s] Level 5:colcon.colcon_core.verb:set package 'zed_ros2' build argument 'ament_cmake_args' from command line to 'None'
[0.345s] Level 5:colcon.colcon_core.verb:set package 'zed_ros2' build argument 'catkin_cmake_args' from command line to 'None'
[0.345s] Level 5:colcon.colcon_core.verb:set package 'zed_ros2' build argument 'catkin_skip_building_tests' from command line to 'False'
[0.345s] DEBUG:colcon.colcon_core.verb:Building package 'zed_ros2' with the following arguments: {'ament_cmake_args': None, 'build_base': '/home/olhamelnyk/colcon_venv/src/build/zed_ros2', 'catkin_cmake_args': None, 'catkin_skip_building_tests': False, 'cmake_args': None, 'cmake_clean_cache': False, 'cmake_clean_first': False, 'cmake_force_configure': False, 'cmake_target': None, 'cmake_target_skip_unavailable': False, 'install_base': '/home/olhamelnyk/colcon_venv/src/install/zed_ros2', 'merge_install': False, 'path': '/home/olhamelnyk/colcon_venv/src/zed-ros2-wrapper/zed_ros2', 'symlink_install': True, 'test_result_base': None}
[0.346s] Level 5:colcon.colcon_core.verb:set package 'zed_ipc' build argument 'cmake_args' from command line to 'None'
[0.346s] Level 5:colcon.colcon_core.verb:set package 'zed_ipc' build argument 'cmake_target' from command line to 'None'
[0.346s] Level 5:colcon.colcon_core.verb:set package 'zed_ipc' build argument 'cmake_target_skip_unavailable' from command line to 'False'
[0.346s] Level 5:colcon.colcon_core.verb:set package 'zed_ipc' build argument 'cmake_clean_cache' from command line to 'False'
[0.346s] Level 5:colcon.colcon_core.verb:set package 'zed_ipc' build argument 'cmake_clean_first' from command line to 'False'
[0.346s] Level 5:colcon.colcon_core.verb:set package 'zed_ipc' build argument 'cmake_force_configure' from command line to 'False'
[0.346s] Level 5:colcon.colcon_core.verb:set package 'zed_ipc' build argument 'ament_cmake_args' from command line to 'None'
[0.346s] Level 5:colcon.colcon_core.verb:set package 'zed_ipc' build argument 'catkin_cmake_args' from command line to 'None'
[0.346s] Level 5:colcon.colcon_core.verb:set package 'zed_ipc' build argument 'catkin_skip_building_tests' from command line to 'False'
[0.346s] DEBUG:colcon.colcon_core.verb:Building package 'zed_ipc' with the following arguments: {'ament_cmake_args': None, 'build_base': '/home/olhamelnyk/colcon_venv/src/build/zed_ipc', 'catkin_cmake_args': None, 'catkin_skip_building_tests': False, 'cmake_args': None, 'cmake_clean_cache': False, 'cmake_clean_first': False, 'cmake_force_configure': False, 'cmake_target': None, 'cmake_target_skip_unavailable': False, 'install_base': '/home/olhamelnyk/colcon_venv/src/install/zed_ipc', 'merge_install': False, 'path': '/home/olhamelnyk/colcon_venv/src/zed-ros2-examples/tutorials/zed_ipc', 'symlink_install': True, 'test_result_base': None}
[0.346s] INFO:colcon.colcon_core.executor:Executing jobs using 'parallel' executor
[0.347s] DEBUG:colcon.colcon_parallel_executor.executor.parallel:run_until_complete
[0.348s] INFO:colcon.colcon_ros.task.ament_cmake.build:Building ROS package in '/home/olhamelnyk/colcon_venv/src/zed-ros2-interfaces' with build type 'ament_cmake'
[0.348s] INFO:colcon.colcon_cmake.task.cmake.build:Building CMake package in '/home/olhamelnyk/colcon_venv/src/zed-ros2-interfaces'
[0.352s] INFO:colcon.colcon_core.plugin_system:Skipping extension 'colcon_core.shell.bat': Not used on non-Windows systems
[0.352s] INFO:colcon.colcon_core.shell:Skip shell extension 'powershell' for command environment: Not usable outside of PowerShell
[0.352s] DEBUG:colcon.colcon_core.shell:Skip shell extension 'dsv' for command environment
[0.358s] INFO:colcon.colcon_ros.task.ament_cmake.build:Building ROS package in '/home/olhamelnyk/colcon_venv/src/zed-ros2-examples/tools/zed_benchmark_interfaces' with build type 'ament_cmake'
[0.358s] INFO:colcon.colcon_cmake.task.cmake.build:Building CMake package in '/home/olhamelnyk/colcon_venv/src/zed-ros2-examples/tools/zed_benchmark_interfaces'
[0.358s] INFO:colcon.colcon_core.shell:Skip shell extension 'powershell' for command environment: Not usable outside of PowerShell
[0.358s] DEBUG:colcon.colcon_core.shell:Skip shell extension 'dsv' for command environment
[0.364s] INFO:colcon.colcon_ros.task.ament_cmake.build:Building ROS package in '/home/olhamelnyk/colcon_venv/src/egocentric_msg' with build type 'ament_cmake'
[0.364s] INFO:colcon.colcon_cmake.task.cmake.build:Building CMake package in '/home/olhamelnyk/colcon_venv/src/egocentric_msg'
[0.364s] INFO:colcon.colcon_core.shell:Skip shell extension 'powershell' for command environment: Not usable outside of PowerShell
[0.364s] DEBUG:colcon.colcon_core.shell:Skip shell extension 'dsv' for command environment
[0.370s] INFO:colcon.colcon_ros.task.ament_python.build:Building ROS package in '/home/olhamelnyk/colcon_venv/src/async_pupil_wrapper' with build type 'ament_python'
[0.370s] Level 1:colcon.colcon_core.shell:create_environment_hook('async_pupil_wrapper', 'ament_prefix_path')
[0.370s] INFO:colcon.colcon_core.shell:Creating environment hook '/home/olhamelnyk/colcon_venv/src/install/async_pupil_wrapper/share/async_pupil_wrapper/hook/ament_prefix_path.ps1'
[0.371s] INFO:colcon.colcon_core.shell:Creating environment descriptor '/home/olhamelnyk/colcon_venv/src/install/async_pupil_wrapper/share/async_pupil_wrapper/hook/ament_prefix_path.dsv'
[0.371s] INFO:colcon.colcon_core.shell:Creating environment hook '/home/olhamelnyk/colcon_venv/src/install/async_pupil_wrapper/share/async_pupil_wrapper/hook/ament_prefix_path.sh'
[0.372s] INFO:colcon.colcon_core.shell:Skip shell extension 'powershell' for command environment: Not usable outside of PowerShell
[0.372s] DEBUG:colcon.colcon_core.shell:Skip shell extension 'dsv' for command environment
[0.377s] INFO:colcon.colcon_ros.task.ament_cmake.build:Building ROS package in '/home/olhamelnyk/colcon_venv/src/gaze_interface' with build type 'ament_cmake'
[0.378s] INFO:colcon.colcon_cmake.task.cmake.build:Building CMake package in '/home/olhamelnyk/colcon_venv/src/gaze_interface'
[0.378s] INFO:colcon.colcon_core.shell:Skip shell extension 'powershell' for command environment: Not usable outside of PowerShell
[0.378s] DEBUG:colcon.colcon_core.shell:Skip shell extension 'dsv' for command environment
[0.383s] INFO:colcon.colcon_ros.task.ament_python.build:Building ROS package in '/home/olhamelnyk/colcon_venv/src/recording_gaze' with build type 'ament_python'
[0.383s] Level 1:colcon.colcon_core.shell:create_environment_hook('recording_gaze', 'ament_prefix_path')
[0.383s] INFO:colcon.colcon_core.shell:Creating environment hook '/home/olhamelnyk/colcon_venv/src/install/recording_gaze/share/recording_gaze/hook/ament_prefix_path.ps1'
[0.384s] INFO:colcon.colcon_core.shell:Creating environment descriptor '/home/olhamelnyk/colcon_venv/src/install/recording_gaze/share/recording_gaze/hook/ament_prefix_path.dsv'
[0.384s] INFO:colcon.colcon_core.shell:Creating environment hook '/home/olhamelnyk/colcon_venv/src/install/recording_gaze/share/recording_gaze/hook/ament_prefix_path.sh'
[0.385s] INFO:colcon.colcon_core.shell:Skip shell extension 'powershell' for command environment: Not usable outside of PowerShell
[0.385s] DEBUG:colcon.colcon_core.shell:Skip shell extension 'dsv' for command environment
[0.391s] INFO:colcon.colcon_ros.task.ament_python.build:Building ROS package in '/home/olhamelnyk/colcon_venv/src/recording_scene' with build type 'ament_python'
[0.391s] Level 1:colcon.colcon_core.shell:create_environment_hook('recording_scene', 'ament_prefix_path')
[0.391s] INFO:colcon.colcon_core.shell:Creating environment hook '/home/olhamelnyk/colcon_venv/src/install/recording_scene/share/recording_scene/hook/ament_prefix_path.ps1'
[0.392s] INFO:colcon.colcon_core.shell:Creating environment descriptor '/home/olhamelnyk/colcon_venv/src/install/recording_scene/share/recording_scene/hook/ament_prefix_path.dsv'
[0.392s] INFO:colcon.colcon_core.shell:Creating environment hook '/home/olhamelnyk/colcon_venv/src/install/recording_scene/share/recording_scene/hook/ament_prefix_path.sh'
[0.392s] INFO:colcon.colcon_core.shell:Skip shell extension 'powershell' for command environment: Not usable outside of PowerShell
[0.392s] DEBUG:colcon.colcon_core.shell:Skip shell extension 'dsv' for command environment
[0.398s] INFO:colcon.colcon_ros.task.ament_python.build:Building ROS package in '/home/olhamelnyk/colcon_venv/src/recording_zed_depth' with build type 'ament_python'
[0.399s] Level 1:colcon.colcon_core.shell:create_environment_hook('recording_zed_depth', 'ament_prefix_path')
[0.399s] INFO:colcon.colcon_core.shell:Creating environment hook '/home/olhamelnyk/colcon_venv/src/install/recording_zed_depth/share/recording_zed_depth/hook/ament_prefix_path.ps1'
[0.399s] INFO:colcon.colcon_core.shell:Creating environment descriptor '/home/olhamelnyk/colcon_venv/src/install/recording_zed_depth/share/recording_zed_depth/hook/ament_prefix_path.dsv'
[0.400s] INFO:colcon.colcon_core.shell:Creating environment hook '/home/olhamelnyk/colcon_venv/src/install/recording_zed_depth/share/recording_zed_depth/hook/ament_prefix_path.sh'
[0.400s] INFO:colcon.colcon_core.shell:Skip shell extension 'powershell' for command environment: Not usable outside of PowerShell
[0.400s] DEBUG:colcon.colcon_core.shell:Skip shell extension 'dsv' for command environment
[0.406s] INFO:colcon.colcon_ros.task.ament_python.build:Building ROS package in '/home/olhamelnyk/colcon_venv/src/recording_zed_depth_rgb' with build type 'ament_python'
[0.406s] Level 1:colcon.colcon_core.shell:create_environment_hook('recording_zed_depth_rgb', 'ament_prefix_path')
[0.406s] INFO:colcon.colcon_core.shell:Creating environment hook '/home/olhamelnyk/colcon_venv/src/install/recording_zed_depth_rgb/share/recording_zed_depth_rgb/hook/ament_prefix_path.ps1'
[0.407s] INFO:colcon.colcon_core.shell:Creating environment descriptor '/home/olhamelnyk/colcon_venv/src/install/recording_zed_depth_rgb/share/recording_zed_depth_rgb/hook/ament_prefix_path.dsv'
[0.407s] INFO:colcon.colcon_core.shell:Creating environment hook '/home/olhamelnyk/colcon_venv/src/install/recording_zed_depth_rgb/share/recording_zed_depth_rgb/hook/ament_prefix_path.sh'
[0.408s] INFO:colcon.colcon_core.shell:Skip shell extension 'powershell' for command environment: Not usable outside of PowerShell
[0.408s] DEBUG:colcon.colcon_core.shell:Skip shell extension 'dsv' for command environment
[0.414s] INFO:colcon.colcon_ros.task.ament_python.build:Building ROS package in '/home/olhamelnyk/colcon_venv/src/recording_zed_rgb' with build type 'ament_python'
[0.414s] Level 1:colcon.colcon_core.shell:create_environment_hook('recording_zed_rgb', 'ament_prefix_path')
[0.414s] INFO:colcon.colcon_core.shell:Creating environment hook '/home/olhamelnyk/colcon_venv/src/install/recording_zed_rgb/share/recording_zed_rgb/hook/ament_prefix_path.ps1'
[0.415s] INFO:colcon.colcon_core.shell:Creating environment descriptor '/home/olhamelnyk/colcon_venv/src/install/recording_zed_rgb/share/recording_zed_rgb/hook/ament_prefix_path.dsv'
[0.415s] INFO:colcon.colcon_core.shell:Creating environment hook '/home/olhamelnyk/colcon_venv/src/install/recording_zed_rgb/share/recording_zed_rgb/hook/ament_prefix_path.sh'
[0.415s] INFO:colcon.colcon_core.shell:Skip shell extension 'powershell' for command environment: Not usable outside of PowerShell
[0.415s] DEBUG:colcon.colcon_core.shell:Skip shell extension 'dsv' for command environment
[0.421s] INFO:colcon.colcon_ros.task.ament_python.build:Building ROS package in '/home/olhamelnyk/colcon_venv/src/zed_mini' with build type 'ament_python'
[0.422s] Level 1:colcon.colcon_core.shell:create_environment_hook('zed_mini', 'ament_prefix_path')
[0.422s] INFO:colcon.colcon_core.shell:Creating environment hook '/home/olhamelnyk/colcon_venv/src/install/zed_mini/share/zed_mini/hook/ament_prefix_path.ps1'
[0.422s] INFO:colcon.colcon_core.shell:Creating environment descriptor '/home/olhamelnyk/colcon_venv/src/install/zed_mini/share/zed_mini/hook/ament_prefix_path.dsv'
[0.423s] INFO:colcon.colcon_core.shell:Creating environment hook '/home/olhamelnyk/colcon_venv/src/install/zed_mini/share/zed_mini/hook/ament_prefix_path.sh'
[0.423s] INFO:colcon.colcon_core.shell:Skip shell extension 'powershell' for command environment: Not usable outside of PowerShell
[0.423s] DEBUG:colcon.colcon_core.shell:Skip shell extension 'dsv' for command environment
[0.429s] INFO:colcon.colcon_ros.task.ament_cmake.build:Building ROS package in '/home/olhamelnyk/colcon_venv/src/zed_recorder_cpp' with build type 'ament_cmake'
[0.429s] INFO:colcon.colcon_cmake.task.cmake.build:Building CMake package in '/home/olhamelnyk/colcon_venv/src/zed_recorder_cpp'
[0.429s] INFO:colcon.colcon_core.shell:Skip shell extension 'powershell' for command environment: Not usable outside of PowerShell
[0.429s] DEBUG:colcon.colcon_core.shell:Skip shell extension 'dsv' for command environment
[0.435s] INFO:colcon.colcon_ros.task.ament_cmake.build:Building ROS package in '/home/olhamelnyk/colcon_venv/src/zed-ros2-examples/tutorials/zed_depth_tutorial' with build type 'ament_cmake'
[0.435s] INFO:colcon.colcon_cmake.task.cmake.build:Building CMake package in '/home/olhamelnyk/colcon_venv/src/zed-ros2-examples/tutorials/zed_depth_tutorial'
[0.435s] INFO:colcon.colcon_core.shell:Skip shell extension 'powershell' for command environment: Not usable outside of PowerShell
[0.435s] DEBUG:colcon.colcon_core.shell:Skip shell extension 'dsv' for command environment
[0.441s] INFO:colcon.colcon_ros.task.ament_cmake.build:Building ROS package in '/home/olhamelnyk/colcon_venv/src/zed-ros2-examples/tutorials/zed_pose_tutorial' with build type 'ament_cmake'
[0.441s] INFO:colcon.colcon_cmake.task.cmake.build:Building CMake package in '/home/olhamelnyk/colcon_venv/src/zed-ros2-examples/tutorials/zed_pose_tutorial'
[0.441s] INFO:colcon.colcon_core.shell:Skip shell extension 'powershell' for command environment: Not usable outside of PowerShell
[0.441s] DEBUG:colcon.colcon_core.shell:Skip shell extension 'dsv' for command environment
[0.448s] INFO:colcon.colcon_ros.task.ament_cmake.build:Building ROS package in '/home/olhamelnyk/colcon_venv/src/zed-ros2-examples/tutorials/zed_video_tutorial' with build type 'ament_cmake'
[0.448s] INFO:colcon.colcon_cmake.task.cmake.build:Building CMake package in '/home/olhamelnyk/colcon_venv/src/zed-ros2-examples/tutorials/zed_video_tutorial'
[0.448s] INFO:colcon.colcon_core.shell:Skip shell extension 'powershell' for command environment: Not usable outside of PowerShell
[0.448s] DEBUG:colcon.colcon_core.shell:Skip shell extension 'dsv' for command environment
[0.462s] DEBUG:colcon.colcon_core.event_handler.log_command:Invoking command in '/home/olhamelnyk/colcon_venv/src/build/zed_msgs': CMAKE_PREFIX_PATH=${CMAKE_PREFIX_PATH}:/home/olhamelnyk/colcon_venv/install/recording_controller_pkg:/home/olhamelnyk/colcon_venv/install/zed_mini:/home/olhamelnyk/colcon_venv/install/recording_zed_rgb:/home/olhamelnyk/colcon_venv/install/recording_zed_depth_rgb:/home/olhamelnyk/colcon_venv/install/recording_zed_depth:/home/olhamelnyk/colcon_venv/install/recording_scene:/home/olhamelnyk/colcon_venv/install/recording_gaze:/home/olhamelnyk/colcon_venv/install/pupil_labs_wrapper:/home/olhamelnyk/colcon_venv/install/async_pupil_wrapper:/opt/ros/jazzy DEBUGINFOD_URLS=https://debuginfod.ubuntu.com /usr/bin/cmake /home/olhamelnyk/colcon_venv/src/zed-ros2-interfaces -DAMENT_CMAKE_SYMLINK_INSTALL=1 -DCMAKE_INSTALL_PREFIX=/home/olhamelnyk/colcon_venv/src/install/zed_msgs
[0.464s] DEBUG:colcon.colcon_core.event_handler.log_command:Invoking command in '/home/olhamelnyk/colcon_venv/src/build/zed_topic_benchmark_interfaces': CMAKE_PREFIX_PATH=${CMAKE_PREFIX_PATH}:/home/olhamelnyk/colcon_venv/install/recording_controller_pkg:/home/olhamelnyk/colcon_venv/install/zed_mini:/home/olhamelnyk/colcon_venv/install/recording_zed_rgb:/home/olhamelnyk/colcon_venv/install/recording_zed_depth_rgb:/home/olhamelnyk/colcon_venv/install/recording_zed_depth:/home/olhamelnyk/colcon_venv/install/recording_scene:/home/olhamelnyk/colcon_venv/install/recording_gaze:/home/olhamelnyk/colcon_venv/install/pupil_labs_wrapper:/home/olhamelnyk/colcon_venv/install/async_pupil_wrapper:/opt/ros/jazzy DEBUGINFOD_URLS=https://debuginfod.ubuntu.com /usr/bin/cmake /home/olhamelnyk/colcon_venv/src/zed-ros2-examples/tools/zed_benchmark_interfaces -DAMENT_CMAKE_SYMLINK_INSTALL=1 -DCMAKE_INSTALL_PREFIX=/home/olhamelnyk/colcon_venv/src/install/zed_topic_benchmark_interfaces
[0.466s] DEBUG:colcon.colcon_core.event_handler.log_command:Invoking command in '/home/olhamelnyk/colcon_venv/src/build/egocentric_msg': CMAKE_PREFIX_PATH=${CMAKE_PREFIX_PATH}:/home/olhamelnyk/colcon_venv/install/recording_controller_pkg:/home/olhamelnyk/colcon_venv/install/zed_mini:/home/olhamelnyk/colcon_venv/install/recording_zed_rgb:/home/olhamelnyk/colcon_venv/install/recording_zed_depth_rgb:/home/olhamelnyk/colcon_venv/install/recording_zed_depth:/home/olhamelnyk/colcon_venv/install/recording_scene:/home/olhamelnyk/colcon_venv/install/recording_gaze:/home/olhamelnyk/colcon_venv/install/pupil_labs_wrapper:/home/olhamelnyk/colcon_venv/install/async_pupil_wrapper:/opt/ros/jazzy DEBUGINFOD_URLS=https://debuginfod.ubuntu.com /usr/bin/cmake /home/olhamelnyk/colcon_venv/src/egocentric_msg -DAMENT_CMAKE_SYMLINK_INSTALL=1 -DCMAKE_INSTALL_PREFIX=/home/olhamelnyk/colcon_venv/src/install/egocentric_msg
[0.796s] INFO:colcon.colcon_core.task.python.build:Building Python package in '/home/olhamelnyk/colcon_venv/src/async_pupil_wrapper'
[0.796s] INFO:colcon.colcon_core.shell:Skip shell extension 'powershell' for command environment: Not usable outside of PowerShell
[0.796s] DEBUG:colcon.colcon_core.shell:Skip shell extension 'dsv' for command environment
[0.806s] DEBUG:colcon.colcon_core.event_handler.log_command:Invoking command in '/home/olhamelnyk/colcon_venv/src/build/gaze_interface': CMAKE_PREFIX_PATH=${CMAKE_PREFIX_PATH}:/home/olhamelnyk/colcon_venv/install/recording_controller_pkg:/home/olhamelnyk/colcon_venv/install/zed_mini:/home/olhamelnyk/colcon_venv/install/recording_zed_rgb:/home/olhamelnyk/colcon_venv/install/recording_zed_depth_rgb:/home/olhamelnyk/colcon_venv/install/recording_zed_depth:/home/olhamelnyk/colcon_venv/install/recording_scene:/home/olhamelnyk/colcon_venv/install/recording_gaze:/home/olhamelnyk/colcon_venv/install/pupil_labs_wrapper:/home/olhamelnyk/colcon_venv/install/async_pupil_wrapper:/opt/ros/jazzy DEBUGINFOD_URLS=https://debuginfod.ubuntu.com /usr/bin/cmake /home/olhamelnyk/colcon_venv/src/gaze_interface -DAMENT_CMAKE_SYMLINK_INSTALL=1 -DCMAKE_INSTALL_PREFIX=/home/olhamelnyk/colcon_venv/src/install/gaze_interface
[1.120s] INFO:colcon.colcon_core.task.python.build:Building Python package in '/home/olhamelnyk/colcon_venv/src/recording_gaze'
[1.120s] INFO:colcon.colcon_core.shell:Skip shell extension 'powershell' for command environment: Not usable outside of PowerShell
[1.120s] DEBUG:colcon.colcon_core.shell:Skip shell extension 'dsv' for command environment
[1.480s] INFO:colcon.colcon_core.task.python.build:Building Python package in '/home/olhamelnyk/colcon_venv/src/recording_scene'
[1.481s] INFO:colcon.colcon_core.shell:Skip shell extension 'powershell' for command environment: Not usable outside of PowerShell
[1.481s] DEBUG:colcon.colcon_core.shell:Skip shell extension 'dsv' for command environment
[1.836s] INFO:colcon.colcon_core.task.python.build:Building Python package in '/home/olhamelnyk/colcon_venv/src/recording_zed_depth'
[1.837s] INFO:colcon.colcon_core.shell:Skip shell extension 'powershell' for command environment: Not usable outside of PowerShell
[1.837s] DEBUG:colcon.colcon_core.shell:Skip shell extension 'dsv' for command environment
[2.188s] INFO:colcon.colcon_core.task.python.build:Building Python package in '/home/olhamelnyk/colcon_venv/src/recording_zed_depth_rgb'
[2.189s] INFO:colcon.colcon_core.shell:Skip shell extension 'powershell' for command environment: Not usable outside of PowerShell
[2.189s] DEBUG:colcon.colcon_core.shell:Skip shell extension 'dsv' for command environment
[2.520s] INFO:colcon.colcon_core.task.python.build:Building Python package in '/home/olhamelnyk/colcon_venv/src/recording_zed_rgb'
[2.520s] INFO:colcon.colcon_core.shell:Skip shell extension 'powershell' for command environment: Not usable outside of PowerShell
[2.520s] DEBUG:colcon.colcon_core.shell:Skip shell extension 'dsv' for command environment
[2.846s] INFO:colcon.colcon_core.task.python.build:Building Python package in '/home/olhamelnyk/colcon_venv/src/zed_mini'
[2.847s] INFO:colcon.colcon_core.shell:Skip shell extension 'powershell' for command environment: Not usable outside of PowerShell
[2.847s] DEBUG:colcon.colcon_core.shell:Skip shell extension 'dsv' for command environment
[2.866s] DEBUG:colcon.colcon_core.event_handler.log_command:Invoking command in '/home/olhamelnyk/colcon_venv/src/build/zed_recorder_cpp': CMAKE_PREFIX_PATH=${CMAKE_PREFIX_PATH}:/home/olhamelnyk/colcon_venv/install/recording_controller_pkg:/home/olhamelnyk/colcon_venv/install/zed_mini:/home/olhamelnyk/colcon_venv/install/recording_zed_rgb:/home/olhamelnyk/colcon_venv/install/recording_zed_depth_rgb:/home/olhamelnyk/colcon_venv/install/recording_zed_depth:/home/olhamelnyk/colcon_venv/install/recording_scene:/home/olhamelnyk/colcon_venv/install/recording_gaze:/home/olhamelnyk/colcon_venv/install/pupil_labs_wrapper:/home/olhamelnyk/colcon_venv/install/async_pupil_wrapper:/opt/ros/jazzy DEBUGINFOD_URLS=https://debuginfod.ubuntu.com /usr/bin/cmake /home/olhamelnyk/colcon_venv/src/zed_recorder_cpp -DAMENT_CMAKE_SYMLINK_INSTALL=1 -DCMAKE_INSTALL_PREFIX=/home/olhamelnyk/colcon_venv/src/install/zed_recorder_cpp
[2.870s] DEBUG:colcon.colcon_core.event_handler.log_command:Invoking command in '/home/olhamelnyk/colcon_venv/src/build/zed_tutorial_depth': CMAKE_PREFIX_PATH=${CMAKE_PREFIX_PATH}:/home/olhamelnyk/colcon_venv/install/recording_controller_pkg:/home/olhamelnyk/colcon_venv/install/zed_mini:/home/olhamelnyk/colcon_venv/install/recording_zed_rgb:/home/olhamelnyk/colcon_venv/install/recording_zed_depth_rgb:/home/olhamelnyk/colcon_venv/install/recording_zed_depth:/home/olhamelnyk/colcon_venv/install/recording_scene:/home/olhamelnyk/colcon_venv/install/recording_gaze:/home/olhamelnyk/colcon_venv/install/pupil_labs_wrapper:/home/olhamelnyk/colcon_venv/install/async_pupil_wrapper:/opt/ros/jazzy DEBUGINFOD_URLS=https://debuginfod.ubuntu.com /usr/bin/cmake /home/olhamelnyk/colcon_venv/src/zed-ros2-examples/tutorials/zed_depth_tutorial -DAMENT_CMAKE_SYMLINK_INSTALL=1 -DCMAKE_INSTALL_PREFIX=/home/olhamelnyk/colcon_venv/src/install/zed_tutorial_depth
[2.874s] DEBUG:colcon.colcon_core.event_handler.log_command:Invoking command in '/home/olhamelnyk/colcon_venv/src/build/zed_tutorial_pos_tracking': CMAKE_PREFIX_PATH=${CMAKE_PREFIX_PATH}:/home/olhamelnyk/colcon_venv/install/recording_controller_pkg:/home/olhamelnyk/colcon_venv/install/zed_mini:/home/olhamelnyk/colcon_venv/install/recording_zed_rgb:/home/olhamelnyk/colcon_venv/install/recording_zed_depth_rgb:/home/olhamelnyk/colcon_venv/install/recording_zed_depth:/home/olhamelnyk/colcon_venv/install/recording_scene:/home/olhamelnyk/colcon_venv/install/recording_gaze:/home/olhamelnyk/colcon_venv/install/pupil_labs_wrapper:/home/olhamelnyk/colcon_venv/install/async_pupil_wrapper:/opt/ros/jazzy DEBUGINFOD_URLS=https://debuginfod.ubuntu.com /usr/bin/cmake /home/olhamelnyk/colcon_venv/src/zed-ros2-examples/tutorials/zed_pose_tutorial -DAMENT_CMAKE_SYMLINK_INSTALL=1 -DCMAKE_INSTALL_PREFIX=/home/olhamelnyk/colcon_venv/src/install/zed_tutorial_pos_tracking
[2.905s] DEBUG:colcon.colcon_core.event_handler.log_command:Invoked command in '/home/olhamelnyk/colcon_venv/src/build/zed_topic_benchmark_interfaces' returned '0': CMAKE_PREFIX_PATH=${CMAKE_PREFIX_PATH}:/home/olhamelnyk/colcon_venv/install/recording_controller_pkg:/home/olhamelnyk/colcon_venv/install/zed_mini:/home/olhamelnyk/colcon_venv/install/recording_zed_rgb:/home/olhamelnyk/colcon_venv/install/recording_zed_depth_rgb:/home/olhamelnyk/colcon_venv/install/recording_zed_depth:/home/olhamelnyk/colcon_venv/install/recording_scene:/home/olhamelnyk/colcon_venv/install/recording_gaze:/home/olhamelnyk/colcon_venv/install/pupil_labs_wrapper:/home/olhamelnyk/colcon_venv/install/async_pupil_wrapper:/opt/ros/jazzy DEBUGINFOD_URLS=https://debuginfod.ubuntu.com /usr/bin/cmake /home/olhamelnyk/colcon_venv/src/zed-ros2-examples/tools/zed_benchmark_interfaces -DAMENT_CMAKE_SYMLINK_INSTALL=1 -DCMAKE_INSTALL_PREFIX=/home/olhamelnyk/colcon_venv/src/install/zed_topic_benchmark_interfaces
[2.906s] DEBUG:colcon.colcon_core.event_handler.log_command:Invoking command in '/home/olhamelnyk/colcon_venv/src/build/zed_topic_benchmark_interfaces': CMAKE_PREFIX_PATH=${CMAKE_PREFIX_PATH}:/home/olhamelnyk/colcon_venv/install/recording_controller_pkg:/home/olhamelnyk/colcon_venv/install/zed_mini:/home/olhamelnyk/colcon_venv/install/recording_zed_rgb:/home/olhamelnyk/colcon_venv/install/recording_zed_depth_rgb:/home/olhamelnyk/colcon_venv/install/recording_zed_depth:/home/olhamelnyk/colcon_venv/install/recording_scene:/home/olhamelnyk/colcon_venv/install/recording_gaze:/home/olhamelnyk/colcon_venv/install/pupil_labs_wrapper:/home/olhamelnyk/colcon_venv/install/async_pupil_wrapper:/opt/ros/jazzy DEBUGINFOD_URLS=https://debuginfod.ubuntu.com /usr/bin/cmake --build /home/olhamelnyk/colcon_venv/src/build/zed_topic_benchmark_interfaces -- -j16 -l16
[2.907s] DEBUG:colcon.colcon_core.event_handler.log_command:Invoked command in '/home/olhamelnyk/colcon_venv/src/build/egocentric_msg' returned '0': CMAKE_PREFIX_PATH=${CMAKE_PREFIX_PATH}:/home/olhamelnyk/colcon_venv/install/recording_controller_pkg:/home/olhamelnyk/colcon_venv/install/zed_mini:/home/olhamelnyk/colcon_venv/install/recording_zed_rgb:/home/olhamelnyk/colcon_venv/install/recording_zed_depth_rgb:/home/olhamelnyk/colcon_venv/install/recording_zed_depth:/home/olhamelnyk/colcon_venv/install/recording_scene:/home/olhamelnyk/colcon_venv/install/recording_gaze:/home/olhamelnyk/colcon_venv/install/pupil_labs_wrapper:/home/olhamelnyk/colcon_venv/install/async_pupil_wrapper:/opt/ros/jazzy DEBUGINFOD_URLS=https://debuginfod.ubuntu.com /usr/bin/cmake /home/olhamelnyk/colcon_venv/src/egocentric_msg -DAMENT_CMAKE_SYMLINK_INSTALL=1 -DCMAKE_INSTALL_PREFIX=/home/olhamelnyk/colcon_venv/src/install/egocentric_msg
[2.908s] DEBUG:colcon.colcon_core.event_handler.log_command:Invoking command in '/home/olhamelnyk/colcon_venv/src/build/egocentric_msg': CMAKE_PREFIX_PATH=${CMAKE_PREFIX_PATH}:/home/olhamelnyk/colcon_venv/install/recording_controller_pkg:/home/olhamelnyk/colcon_venv/install/zed_mini:/home/olhamelnyk/colcon_venv/install/recording_zed_rgb:/home/olhamelnyk/colcon_venv/install/recording_zed_depth_rgb:/home/olhamelnyk/colcon_venv/install/recording_zed_depth:/home/olhamelnyk/colcon_venv/install/recording_scene:/home/olhamelnyk/colcon_venv/install/recording_gaze:/home/olhamelnyk/colcon_venv/install/pupil_labs_wrapper:/home/olhamelnyk/colcon_venv/install/async_pupil_wrapper:/opt/ros/jazzy DEBUGINFOD_URLS=https://debuginfod.ubuntu.com /usr/bin/cmake --build /home/olhamelnyk/colcon_venv/src/build/egocentric_msg -- -j16 -l16
[2.909s] DEBUG:colcon.colcon_core.event_handler.log_command:Invoking command in '/home/olhamelnyk/colcon_venv/src/build/zed_tutorial_video': CMAKE_PREFIX_PATH=${CMAKE_PREFIX_PATH}:/home/olhamelnyk/colcon_venv/install/recording_controller_pkg:/home/olhamelnyk/colcon_venv/install/zed_mini:/home/olhamelnyk/colcon_venv/install/recording_zed_rgb:/home/olhamelnyk/colcon_venv/install/recording_zed_depth_rgb:/home/olhamelnyk/colcon_venv/install/recording_zed_depth:/home/olhamelnyk/colcon_venv/install/recording_scene:/home/olhamelnyk/colcon_venv/install/recording_gaze:/home/olhamelnyk/colcon_venv/install/pupil_labs_wrapper:/home/olhamelnyk/colcon_venv/install/async_pupil_wrapper:/opt/ros/jazzy DEBUGINFOD_URLS=https://debuginfod.ubuntu.com /usr/bin/cmake /home/olhamelnyk/colcon_venv/src/zed-ros2-examples/tutorials/zed_video_tutorial -DAMENT_CMAKE_SYMLINK_INSTALL=1 -DCMAKE_INSTALL_PREFIX=/home/olhamelnyk/colcon_venv/src/install/zed_tutorial_video
[3.004s] DEBUG:colcon.colcon_core.event_handler.log_command:Invoked command in '/home/olhamelnyk/colcon_venv/src/build/zed_topic_benchmark_interfaces' returned '0': CMAKE_PREFIX_PATH=${CMAKE_PREFIX_PATH}:/home/olhamelnyk/colcon_venv/install/recording_controller_pkg:/home/olhamelnyk/colcon_venv/install/zed_mini:/home/olhamelnyk/colcon_venv/install/recording_zed_rgb:/home/olhamelnyk/colcon_venv/install/recording_zed_depth_rgb:/home/olhamelnyk/colcon_venv/install/recording_zed_depth:/home/olhamelnyk/colcon_venv/install/recording_scene:/home/olhamelnyk/colcon_venv/install/recording_gaze:/home/olhamelnyk/colcon_venv/install/pupil_labs_wrapper:/home/olhamelnyk/colcon_venv/install/async_pupil_wrapper:/opt/ros/jazzy DEBUGINFOD_URLS=https://debuginfod.ubuntu.com /usr/bin/cmake --build /home/olhamelnyk/colcon_venv/src/build/zed_topic_benchmark_interfaces -- -j16 -l16
[3.032s] DEBUG:colcon.colcon_core.event_handler.log_command:Invoking command in '/home/olhamelnyk/colcon_venv/src/build/zed_topic_benchmark_interfaces': CMAKE_PREFIX_PATH=${CMAKE_PREFIX_PATH}:/home/olhamelnyk/colcon_venv/install/recording_controller_pkg:/home/olhamelnyk/colcon_venv/install/zed_mini:/home/olhamelnyk/colcon_venv/install/recording_zed_rgb:/home/olhamelnyk/colcon_venv/install/recording_zed_depth_rgb:/home/olhamelnyk/colcon_venv/install/recording_zed_depth:/home/olhamelnyk/colcon_venv/install/recording_scene:/home/olhamelnyk/colcon_venv/install/recording_gaze:/home/olhamelnyk/colcon_venv/install/pupil_labs_wrapper:/home/olhamelnyk/colcon_venv/install/async_pupil_wrapper:/opt/ros/jazzy DEBUGINFOD_URLS=https://debuginfod.ubuntu.com /usr/bin/cmake --install /home/olhamelnyk/colcon_venv/src/build/zed_topic_benchmark_interfaces
[3.051s] Level 1:colcon.colcon_core.environment:create_environment_scripts_only(egocentric_msg)
[3.052s] DEBUG:colcon.colcon_core.event_handler.log_command:Invoked command in '/home/olhamelnyk/colcon_venv/src/build/egocentric_msg' returned '2': CMAKE_PREFIX_PATH=${CMAKE_PREFIX_PATH}:/home/olhamelnyk/colcon_venv/install/recording_controller_pkg:/home/olhamelnyk/colcon_venv/install/zed_mini:/home/olhamelnyk/colcon_venv/install/recording_zed_rgb:/home/olhamelnyk/colcon_venv/install/recording_zed_depth_rgb:/home/olhamelnyk/colcon_venv/install/recording_zed_depth:/home/olhamelnyk/colcon_venv/install/recording_scene:/home/olhamelnyk/colcon_venv/install/recording_gaze:/home/olhamelnyk/colcon_venv/install/pupil_labs_wrapper:/home/olhamelnyk/colcon_venv/install/async_pupil_wrapper:/opt/ros/jazzy DEBUGINFOD_URLS=https://debuginfod.ubuntu.com /usr/bin/cmake --build /home/olhamelnyk/colcon_venv/src/build/egocentric_msg -- -j16 -l16
[3.056s] Level 1:colcon.colcon_core.environment:checking '/home/olhamelnyk/colcon_venv/src/install/egocentric_msg' for CMake module files
[3.059s] Level 1:colcon.colcon_core.environment:checking '/home/olhamelnyk/colcon_venv/src/install/egocentric_msg' for CMake config files
[3.060s] Level 1:colcon.colcon_core.shell:create_environment_hook('egocentric_msg', 'cmake_prefix_path')
[3.060s] INFO:colcon.colcon_core.shell:Creating environment hook '/home/olhamelnyk/colcon_venv/src/install/egocentric_msg/share/egocentric_msg/hook/cmake_prefix_path.ps1'
[3.061s] INFO:colcon.colcon_core.shell:Creating environment descriptor '/home/olhamelnyk/colcon_venv/src/install/egocentric_msg/share/egocentric_msg/hook/cmake_prefix_path.dsv'
[3.062s] INFO:colcon.colcon_core.shell:Creating environment hook '/home/olhamelnyk/colcon_venv/src/install/egocentric_msg/share/egocentric_msg/hook/cmake_prefix_path.sh'
[3.067s] Level 1:colcon.colcon_core.environment:checking '/home/olhamelnyk/colcon_venv/src/install/egocentric_msg/lib'
[3.067s] Level 1:colcon.colcon_core.shell:create_environment_hook('egocentric_msg', 'ld_library_path_lib')
[3.067s] INFO:colcon.colcon_core.shell:Creating environment hook '/home/olhamelnyk/colcon_venv/src/install/egocentric_msg/share/egocentric_msg/hook/ld_library_path_lib.ps1'
[3.068s] INFO:colcon.colcon_core.shell:Creating environment descriptor '/home/olhamelnyk/colcon_venv/src/install/egocentric_msg/share/egocentric_msg/hook/ld_library_path_lib.dsv'
[3.069s] INFO:colcon.colcon_core.shell:Creating environment hook '/home/olhamelnyk/colcon_venv/src/install/egocentric_msg/share/egocentric_msg/hook/ld_library_path_lib.sh'
[3.070s] Level 1:colcon.colcon_core.environment:checking '/home/olhamelnyk/colcon_venv/src/install/egocentric_msg/bin'
[3.070s] Level 1:colcon.colcon_core.environment:checking '/home/olhamelnyk/colcon_venv/src/install/egocentric_msg/lib/pkgconfig/egocentric_msg.pc'
[3.070s] Level 1:colcon.colcon_core.environment:checking '/home/olhamelnyk/colcon_venv/src/install/egocentric_msg/lib/python3.12/site-packages'
[3.071s] Level 1:colcon.colcon_core.shell:create_environment_hook('egocentric_msg', 'pythonpath')
[3.071s] INFO:colcon.colcon_core.shell:Creating environment hook '/home/olhamelnyk/colcon_venv/src/install/egocentric_msg/share/egocentric_msg/hook/pythonpath.ps1'
[3.072s] INFO:colcon.colcon_core.shell:Creating environment descriptor '/home/olhamelnyk/colcon_venv/src/install/egocentric_msg/share/egocentric_msg/hook/pythonpath.dsv'
[3.073s] INFO:colcon.colcon_core.shell:Creating environment hook '/home/olhamelnyk/colcon_venv/src/install/egocentric_msg/share/egocentric_msg/hook/pythonpath.sh'
[3.074s] Level 1:colcon.colcon_core.environment:checking '/home/olhamelnyk/colcon_venv/src/install/egocentric_msg/bin'
[3.074s] INFO:colcon.colcon_core.shell:Creating package script '/home/olhamelnyk/colcon_venv/src/install/egocentric_msg/share/egocentric_msg/package.ps1'
[3.076s] INFO:colcon.colcon_core.shell:Creating package descriptor '/home/olhamelnyk/colcon_venv/src/install/egocentric_msg/share/egocentric_msg/package.dsv'
[3.077s] INFO:colcon.colcon_core.shell:Creating package script '/home/olhamelnyk/colcon_venv/src/install/egocentric_msg/share/egocentric_msg/package.sh'
[3.079s] INFO:colcon.colcon_core.shell:Creating package script '/home/olhamelnyk/colcon_venv/src/install/egocentric_msg/share/egocentric_msg/package.bash'
[3.081s] INFO:colcon.colcon_core.shell:Creating package script '/home/olhamelnyk/colcon_venv/src/install/egocentric_msg/share/egocentric_msg/package.zsh'
[3.082s] Level 1:colcon.colcon_core.environment:create_file_with_runtime_dependencies(/home/olhamelnyk/colcon_venv/src/install/egocentric_msg/share/colcon-core/packages/egocentric_msg)
[6.999s] DEBUG:colcon.colcon_parallel_executor.executor.parallel:closing loop
[6.999s] DEBUG:colcon.colcon_parallel_executor.executor.parallel:loop closed
[7.000s] DEBUG:colcon.colcon_parallel_executor.executor.parallel:run_until_complete finished with '2'
[7.000s] DEBUG:colcon.colcon_core.event_reactor:joining thread
[7.017s] INFO:colcon.colcon_core.plugin_system:Skipping extension 'colcon_notification.desktop_notification.terminal_notifier': Not used on non-Darwin systems
[7.017s] INFO:colcon.colcon_core.plugin_system:Skipping extension 'colcon_notification.desktop_notification.win32': Not used on non-Windows systems
[7.017s] INFO:colcon.colcon_notification.desktop_notification:Sending desktop notification using 'notify2'
[7.043s] DEBUG:colcon.colcon_core.event_reactor:joined thread
[7.044s] INFO:colcon.colcon_core.shell:Creating prefix script '/home/olhamelnyk/colcon_venv/src/install/local_setup.ps1'
[7.046s] INFO:colcon.colcon_core.shell:Creating prefix util module '/home/olhamelnyk/colcon_venv/src/install/_local_setup_util_ps1.py'
[7.049s] INFO:colcon.colcon_core.shell:Creating prefix chain script '/home/olhamelnyk/colcon_venv/src/install/setup.ps1'
[7.054s] INFO:colcon.colcon_core.shell:Creating prefix script '/home/olhamelnyk/colcon_venv/src/install/local_setup.sh'
[7.055s] INFO:colcon.colcon_core.shell:Creating prefix util module '/home/olhamelnyk/colcon_venv/src/install/_local_setup_util_sh.py'
[7.056s] INFO:colcon.colcon_core.shell:Creating prefix chain script '/home/olhamelnyk/colcon_venv/src/install/setup.sh'
[7.061s] INFO:colcon.colcon_core.shell:Creating prefix script '/home/olhamelnyk/colcon_venv/src/install/local_setup.bash'
[7.062s] INFO:colcon.colcon_core.shell:Creating prefix chain script '/home/olhamelnyk/colcon_venv/src/install/setup.bash'
[7.068s] INFO:colcon.colcon_core.shell:Creating prefix script '/home/olhamelnyk/colcon_venv/src/install/local_setup.zsh'
[7.069s] INFO:colcon.colcon_core.shell:Creating prefix chain script '/home/olhamelnyk/colcon_venv/src/install/setup.zsh'
